id,kind,name,item_type,source,page_url,image_url,file_path,status,http_status,content_type,size_bytes,sha256,error,downloaded_at,discovered_from
1000025,item,,equip,mxdzlk_item_equip,https://mxdzlk.com/item/1000025/,https://static.mapleartale.com/images/item/1000025.png,assets/items/raw/1000025.png,exists,200,image/png,829,b4164ae8799169dd35687a21be02f8d5d829422a845c36ca81e038eef1120a0f,,2026-06-03T22:51:57+08:00,https://mxdzlk.com/item/equip/
1001035,item,,equip,mxdzlk_item_equip,https://mxdzlk.com/item/1001035/,https://static.mapleartale.com/images/item/1001035.png,assets/items/raw/1001035.png,exists,200,image/png,938,664e8c8d3b8a6fe2a8eeec0dc154b182af319ab56fea3b200cfba55d4a746524,,2026-06-03T22:51:57+08:00,https://mxdzlk.com/item/equip/
1002001,item,,equip,mxdzlk_item_equip,https://mxdzlk.com/item/1002001/,https://static.mapleartale.com/images/item/1002001.png,assets/items/raw/1002001.png,exists,200,image/png,531,64ccffc076e40c4fefd53de8c9cdac6936dcb0ab4456f7ac63a473140641a477,,2026-06-03T22:51:57+08:00,https://mxdzlk.com/item/equip/
1002002,item,,equip,mxdzlk_item_equip,https://mxdzlk.com/item/1002002/,https://static.mapleartale.com/images/item/1002002.png,assets/items/raw/1002002.png,exists,200,image/png,931,1275cf2a86ea5e9c0f634fe59e5cc667881be091e40838ecfea1ad138f9cfc50,,2026-06-03T22:51:57+08:00,https://mxdzlk.com/item/equip/
1002003,item,,equip,mxdzlk_item_equip,https://mxdzlk.com/item/1002003/,https://static.mapleartale.com/images/item/1002003.png,assets/items/raw/1002003.png,exists,200,image/png,670,75f45cbf6383549f24d7c5869efb4f5acc9539902856c6432a29a4c7e47cbc5b,,2026-06-03T22:51:57+08:00,https://mxdzlk.com/item/equip/
1002004,item,,equip,mxdzlk_item_equip,https://mxdzlk.com/item/1002004/,https://static.mapleartale.com/images/item/1002004.png,assets/items/raw/1002004.png,exists,200,image/png,843,6c3b9b22adae4b102191851e90d4791bb632e70ea46845326da91b719047fda9,,2026-06-03T22:51:57+08:00,https://mxdzlk.com/item/equip/
1002005,item,,equip,mxdzlk_item_equip,https://mxdzlk.com/item/1002005/,https://static.mapleartale.com/images/item/1002005.png,assets/items/raw/1002005.png,exists,200,image/png,951,f4d359e8b14c41bf8d9554396e48a0bd9a8c9715be211d195a35d6bf8c926fbb,,2026-06-03T22:51:57+08:00,https://mxdzlk.com/item/equip/
1002006,item,,equip,mxdzlk_item_equip,https://mxdzlk.com/item/1002006/,https://static.mapleartale.com/images/item/1002006.png,assets/items/raw/1002006.png,exists,200,image/png,780,463221dd9b7a517cc7454bbc2337c1d535692921d9f46ef3d6ec7f2571363ca8,,2026-06-03T22:51:57+08:00,https://mxdzlk.com/item/equip/
1002007,item,,equip,mxdzlk_item_equip,https://mxdzlk.com/item/1002007/,https://static.mapleartale.com/images/item/1002007.png,assets/items/raw/1002007.png,exists,200,image/png,803,2c6428d1905db4c89af1719e8b93228cc2edf4650462f96cfb5c27355c822904,,2026-06-03T22:51:57+08:00,https://mxdzlk.com/item/equip/
1002008,item,,equip,mxdzlk_item_equip,https://mxdzlk.com/item/1002008/,https://static.mapleartale.com/images/item/1002008.png,assets/items/raw/1002008.png,exists,200,image/png,610,4fd820c14529899d286f0d0992640ec75fc6bbf312d0ce9ef239423312fffb0f,,2026-06-03T22:51:57+08:00,https://mxdzlk.com/item/equip/
2000000,item,,item,mxdzlk_item,https://mxdzlk.com/item/2000000/,https://static.mapleartale.com/images/item/2000000.png,assets/items/raw/2000000.png,exists,200,image/png,519,90e4ddcdb0006f8cdcbcdaf10b78b05b9597ea8b4f09a356c3a31df850a41719,,2026-06-03T22:51:57+08:00,https://mxdzlk.com/item/
2000001,item,,item,mxdzlk_item,https://mxdzlk.com/item/2000001/,https://static.mapleartale.com/images/item/2000001.png,assets/items/raw/2000001.png,exists,200,image/png,513,9b29466c3efd32ce4a2a271a56c8cf0a892b2c5b55096d5432b79a42a811d99a,,2026-06-03T22:51:57+08:00,https://mxdzlk.com/item/
2000002,item,,item,mxdzlk_item,https://mxdzlk.com/item/2000002/,https://static.mapleartale.com/images/item/2000002.png,assets/items/raw/2000002.png,exists,200,image/png,491,6023874054d0734fbd953c09937724431759f587ad6b5a48aa1df639a0589a98,,2026-06-03T22:51:57+08:00,https://mxdzlk.com/item/
2000003,item,,item,mxdzlk_item,https://mxdzlk.com/item/2000003/,https://static.mapleartale.com/images/item/2000003.png,assets/items/raw/2000003.png,exists,200,image/png,496,1d798e51e02f3cf9c0a5a7433003aeae60f8e07c8540ad5ed70129ca57fa8845,,2026-06-03T22:51:57+08:00,https://mxdzlk.com/item/
2000004,item,,item,mxdzlk_item,https://mxdzlk.com/item/2000004/,https://static.mapleartale.com/images/item/2000004.png,assets/items/raw/2000004.png,exists,200,image/png,713,f63304a369e880db363d1e519ef3c8884fc214acdddf777cdd1df1e26ef16c7c,,2026-06-03T22:51:57+08:00,https://mxdzlk.com/item/
2000005,item,,item,mxdzlk_item,https://mxdzlk.com/item/2000005/,https://static.mapleartale.com/images/item/2000005.png,assets/items/raw/2000005.png,exists,200,image/png,681,feb7a0b9ae8cdf8b653159b0397b27d2af814932887da9c372061588fcc0184a,,2026-06-03T22:51:57+08:00,https://mxdzlk.com/item/
2000006,item,,item,mxdzlk_item,https://mxdzlk.com/item/2000006/,https://static.mapleartale.com/images/item/2000006.png,assets/items/raw/2000006.png,exists,200,image/png,691,073184767a1bd09d6864a108a7941ad99724c62a83f8a947e08d13edec8c5d0e,,2026-06-03T22:51:57+08:00,https://mxdzlk.com/item/
2000007,item,,item,mxdzlk_item,https://mxdzlk.com/item/2000007/,https://static.mapleartale.com/images/item/2000007.png,assets/items/raw/2000007.png,exists,200,image/png,645,d0a05646fbe0a9b81a0493a316a04a6cfa7b1632c33072f12e2b6da635a5b307,,2026-06-03T22:51:57+08:00,https://mxdzlk.com/item/
2000008,item,,item,mxdzlk_item,https://mxdzlk.com/item/2000008/,https://static.mapleartale.com/images/item/2000008.png,assets/items/raw/2000008.png,exists,200,image/png,633,ce826995c1f92c408d71571fc68b8f9f61d81e274bcdf07f83c4875ed5796077,,2026-06-03T22:51:57+08:00,https://mxdzlk.com/item/
2000009,item,,item,mxdzlk_item,https://mxdzlk.com/item/2000009/,https://static.mapleartale.com/images/item/2000009.png,assets/items/raw/2000009.png,exists,200,image/png,612,7429660e42548ebecb0f051857d7446a32c547d5bd2b6318c5ff055920bca739,,2026-06-03T22:51:57+08:00,https://mxdzlk.com/item/
2000010,item,,item,mxdzlk_item,https://mxdzlk.com/item/2000010/,https://static.mapleartale.com/images/item/2000010.png,assets/items/raw/2000010.png,exists,,,636,810de45cf792ac23a6f41d5d40ec4b70ce7865a1b18ced8b47672c0738d99503,,2026-06-03T22:51:57+08:00,https://mxdzlk.com/item/?page_num=2
2000011,item,,item,mxdzlk_item,https://mxdzlk.com/item/2000011/,https://static.mapleartale.com/images/item/2000011.png,assets/items/raw/2000011.png,exists,,,922,75c80bcf96c22410a20374a7e83d24faa0b62323b60490ae611995ae09bbf024,,2026-06-03T22:51:57+08:00,https://mxdzlk.com/item/?page_num=2
2000012,item,,item,mxdzlk_item,https://mxdzlk.com/item/2000012/,https://static.mapleartale.com/images/item/2000012.png,assets/items/raw/2000012.png,exists,,,713,f63304a369e880db363d1e519ef3c8884fc214acdddf777cdd1df1e26ef16c7c,,2026-06-03T22:51:57+08:00,https://mxdzlk.com/item/?page_num=2
2000013,item,,item,mxdzlk_item,https://mxdzlk.com/item/2000013/,https://static.mapleartale.com/images/item/2000013.png,assets/items/raw/2000013.png,exists,,,517,d0ad7816b55fa5086a807148e7092239eebcc72319d574375b13cfd0af6d92f2,,2026-06-03T22:51:57+08:00,https://mxdzlk.com/item/?page_num=2
2000014,item,,item,mxdzlk_item,https://mxdzlk.com/item/2000014/,https://static.mapleartale.com/images/item/2000014.png,assets/items/raw/2000014.png,exists,,,527,cd08c121fc4d4ca3deb1aea8ad53ad712887beb475de67d04d909000bf8cb345,,2026-06-03T22:51:57+08:00,https://mxdzlk.com/item/?page_num=2
2000015,item,,item,mxdzlk_item,https://mxdzlk.com/item/2000015/,https://static.mapleartale.com/images/item/2000015.png,assets/items/raw/2000015.png,exists,,,513,9b29466c3efd32ce4a2a271a56c8cf0a892b2c5b55096d5432b79a42a811d99a,,2026-06-03T22:51:57+08:00,https://mxdzlk.com/item/?page_num=2
2000016,item,,item,mxdzlk_item,https://mxdzlk.com/item/2000016/,https://static.mapleartale.com/images/item/2000016.png,assets/items/raw/2000016.png,exists,,,491,6023874054d0734fbd953c09937724431759f587ad6b5a48aa1df639a0589a98,,2026-06-03T22:51:57+08:00,https://mxdzlk.com/item/?page_num=2
2000017,item,,item,mxdzlk_item,https://mxdzlk.com/item/2000017/,https://static.mapleartale.com/images/item/2000017.png,assets/items/raw/2000017.png,exists,,,496,1d798e51e02f3cf9c0a5a7433003aeae60f8e07c8540ad5ed70129ca57fa8845,,2026-06-03T22:51:57+08:00,https://mxdzlk.com/item/?page_num=2
2000018,item,,item,mxdzlk_item,https://mxdzlk.com/item/2000018/,https://static.mapleartale.com/images/item/2000018.png,assets/items/raw/2000018.png,exists,,,691,073184767a1bd09d6864a108a7941ad99724c62a83f8a947e08d13edec8c5d0e,,2026-06-03T22:51:57+08:00,https://mxdzlk.com/item/?page_num=2
2000019,item,,item,mxdzlk_item,https://mxdzlk.com/item/2000019/,https://static.mapleartale.com/images/item/2000019.png,assets/items/raw/2000019.png,exists,,,681,feb7a0b9ae8cdf8b653159b0397b27d2af814932887da9c372061588fcc0184a,,2026-06-03T22:51:57+08:00,https://mxdzlk.com/item/?page_num=2
2000020,item,,item,mxdzlk_item,https://mxdzlk.com/item/2000020/,https://static.mapleartale.com/images/item/2000020.png,assets/items/raw/2000020.png,exists,,,677,7c4c49a91ae8d44a7189f62e570a8fc3b677089b81b1615c466074c1682c73a8,,2026-06-03T22:51:57+08:00,https://mxdzlk.com/item/?page_num=3
2000021,item,,item,mxdzlk_item,https://mxdzlk.com/item/2000021/,https://static.mapleartale.com/images/item/2000021.png,assets/items/raw/2000021.png,exists,,,673,ebf06a97dcede9d46c3ad16a737c9f6551d5990ec027121c2c8ed23ccc2e6026,,2026-06-03T22:51:57+08:00,https://mxdzlk.com/item/?page_num=3
2000022,item,,item,mxdzlk_item,https://mxdzlk.com/item/2000022/,https://static.mapleartale.com/images/item/2000022.png,assets/items/raw/2000022.png,exists,,,760,2201c0ad6a0727d56e250a378346c4c662bb640f99d0c0d5d4bace3afcb59752,,2026-06-03T22:51:57+08:00,https://mxdzlk.com/item/?page_num=3
2000023,item,,item,mxdzlk_item,https://mxdzlk.com/item/2000023/,https://static.mapleartale.com/images/item/2000023.png,assets/items/raw/2000023.png,exists,,,741,cf7158486767588f0a0e5783228e4f6fca76e888e74c24a0bb95aa8dc53f6628,,2026-06-03T22:51:57+08:00,https://mxdzlk.com/item/?page_num=3
2001000,item,,item,mxdzlk_item,https://mxdzlk.com/item/2001000/,https://static.mapleartale.com/images/item/2001000.png,assets/items/raw/2001000.png,exists,200,image/png,550,db02e12f095a88a136bfffa010d2fd9b1b9df5a4c5628f84bc1cc984a2b7d2a3,,2026-06-03T22:51:57+08:00,https://mxdzlk.com/item/?page_num=3
2001001,item,,item,mxdzlk_item,https://mxdzlk.com/item/2001001/,https://static.mapleartale.com/images/item/2001001.png,assets/items/raw/2001001.png,exists,,,542,22739e3bd6113ddde0bd17623dfc684b8a1792562d468fe89cf4669ede8f2a3e,,2026-06-03T22:51:57+08:00,https://mxdzlk.com/item/?page_num=3
2001002,item,,item,mxdzlk_item,https://mxdzlk.com/item/2001002/,https://static.mapleartale.com/images/item/2001002.png,assets/items/raw/2001002.png,exists,,,638,9065e338d84966fa240d90e3ac2b486cf43eedfa09fff3471da03df13f908e49,,2026-06-03T22:51:57+08:00,https://mxdzlk.com/item/?page_num=3
2002000,item,,item,mxdzlk_item,https://mxdzlk.com/item/2002000/,https://static.mapleartale.com/images/item/2002000.png,assets/items/raw/2002000.png,exists,,,403,19cdfa3f1f8155033df1c036e0fca4e6da2371e221822446fb63321f5a5b67b6,,2026-06-03T22:51:57+08:00,https://mxdzlk.com/item/?page_num=3
2002001,item,,item,mxdzlk_item,https://mxdzlk.com/item/2002001/,https://static.mapleartale.com/images/item/2002001.png,assets/items/raw/2002001.png,exists,,,406,30c62175523346af9c9db3952c09885aa7202c2b656a037efca2d844ed1327d7,,2026-06-03T22:51:57+08:00,https://mxdzlk.com/item/?page_num=3
2002002,item,,item,mxdzlk_item,https://mxdzlk.com/item/2002002/,https://static.mapleartale.com/images/item/2002002.png,assets/items/raw/2002002.png,exists,,,423,f45f39e63cc93011c6478ef9a12232b946d2706fa04d92e6ce4427400671b560,,2026-06-03T22:51:57+08:00,https://mxdzlk.com/item/?page_num=3
2002003,item,,item,mxdzlk_item,https://mxdzlk.com/item/2002003/,https://static.mapleartale.com/images/item/2002003.png,assets/items/raw/2002003.png,exists,,,424,a164a9fc5bc1b5727b9cd86badba1896b59140c8e95bf7a1abca62e2dd381e45,,2026-06-03T22:51:57+08:00,https://mxdzlk.com/item/?page_num=4
2002004,item,,item,mxdzlk_item,https://mxdzlk.com/item/2002004/,https://static.mapleartale.com/images/item/2002004.png,assets/items/raw/2002004.png,exists,,,414,8d53dcd8712b3f1b87e934406111a6eaed2f594c9864056ae9bca0f3b4f9b551,,2026-06-03T22:51:57+08:00,https://mxdzlk.com/item/?page_num=4
2002005,item,,item,mxdzlk_item,https://mxdzlk.com/item/2002005/,https://static.mapleartale.com/images/item/2002005.png,assets/items/raw/2002005.png,exists,,,417,1e2ebb91177a2abe5c1c3072ef54ec48cb577458c4cc4b9bdfcaad8fa20c0cc0,,2026-06-03T22:51:57+08:00,https://mxdzlk.com/item/?page_num=4
2002006,item,,item,mxdzlk_item,https://mxdzlk.com/item/2002006/,https://static.mapleartale.com/images/item/2002006.png,assets/items/raw/2002006.png,exists,,,664,536016e55392f4341f31fb8e79196d99bc91ff4c5bf11031bb16909475f1bb3b,,2026-06-03T22:51:57+08:00,https://mxdzlk.com/item/?page_num=4
2002007,item,,item,mxdzlk_item,https://mxdzlk.com/item/2002007/,https://static.mapleartale.com/images/item/2002007.png,assets/items/raw/2002007.png,exists,,,550,45614827629f654ca34c592a568ffefec9636c6573aecb99b9c7274d64d40679,,2026-06-03T22:51:57+08:00,https://mxdzlk.com/item/?page_num=4
2002008,item,,item,mxdzlk_item,https://mxdzlk.com/item/2002008/,https://static.mapleartale.com/images/item/2002008.png,assets/items/raw/2002008.png,exists,,,510,5f037b1687716721f2e035fec1fa8bdfaca2094f24498a0c370e06ff887faf5d,,2026-06-03T22:51:57+08:00,https://mxdzlk.com/item/?page_num=4
2002009,item,,item,mxdzlk_item,https://mxdzlk.com/item/2002009/,https://static.mapleartale.com/images/item/2002009.png,assets/items/raw/2002009.png,exists,,,555,d9f54620be6f992cc2a0deb28ea419791bb518f6ddd8062f380c7061fccf0483,,2026-06-03T22:51:57+08:00,https://mxdzlk.com/item/?page_num=4
2002010,item,,item,mxdzlk_item,https://mxdzlk.com/item/2002010/,https://static.mapleartale.com/images/item/2002010.png,assets/items/raw/2002010.png,exists,,,533,ef97b855a7e10064ca86eb12e13b037dedc0678fc14ad7298ef3ebad9ca9e1a5,,2026-06-03T22:51:57+08:00,https://mxdzlk.com/item/?page_num=4
2002011,item,,item,mxdzlk_item,https://mxdzlk.com/item/2002011/,https://static.mapleartale.com/images/item/2002011.png,assets/items/raw/2002011.png,exists,,,521,6ca08700c46f3c81b337c7e2891ce6c46be060726a389ec73467b6a945d48a11,,2026-06-03T22:51:57+08:00,https://mxdzlk.com/item/?page_num=4
2002015,item,,item,mxdzlk_item,https://mxdzlk.com/item/2002015/,https://static.mapleartale.com/images/item/2002015.png,assets/items/raw/2002015.png,exists,,,632,60963c401e6ccfe5d7c8d58d5c5d532f19b0bf820cdb1c8f0b5ff38d854f4c19,,2026-06-03T22:51:57+08:00,https://mxdzlk.com/item/?page_num=4
2002016,item,,item,mxdzlk_item,https://mxdzlk.com/item/2002016/,https://static.mapleartale.com/images/item/2002016.png,assets/items/raw/2002016.png,exists,,,458,9e422344c4a9df5eb0839be29ce35aeaa4cfd695ad99b04a01ab3319b179b85e,,2026-06-03T22:51:57+08:00,https://mxdzlk.com/item/?page_num=5
2002017,item,,item,mxdzlk_item,https://mxdzlk.com/item/2002017/,https://static.mapleartale.com/images/item/2002017.png,assets/items/raw/2002017.png,exists,,,469,8f02e80cbb68b0e209bcf95e987389a8c25e725da671f4ade96a3d2d0a69f676,,2026-06-03T22:51:57+08:00,https://mxdzlk.com/item/?page_num=5
2002018,item,,item,mxdzlk_item,https://mxdzlk.com/item/2002018/,https://static.mapleartale.com/images/item/2002018.png,assets/items/raw/2002018.png,exists,,,467,a04148a26f51c232e5f08d9861fb9cfec5629c2cdebd41fd4ecf28eec85ae050,,2026-06-03T22:51:57+08:00,https://mxdzlk.com/item/?page_num=5
2002019,item,,item,mxdzlk_item,https://mxdzlk.com/item/2002019/,https://static.mapleartale.com/images/item/2002019.png,assets/items/raw/2002019.png,exists,,,462,fd5b29140dc78493e08e1bcfecc2b552760d8528df20abfc8601c3da8ae0b677,,2026-06-03T22:51:57+08:00,https://mxdzlk.com/item/?page_num=5
2002020,item,,item,mxdzlk_item,https://mxdzlk.com/item/2002020/,https://static.mapleartale.com/images/item/2002020.png,assets/items/raw/2002020.png,exists,,,685,8e98b464bed3bc4339f63cd9195bd102e2f1f2657fcc3a4f3246cbb1ac60175f,,2026-06-03T22:51:57+08:00,https://mxdzlk.com/item/?page_num=5
2002021,item,,item,mxdzlk_item,https://mxdzlk.com/item/2002021/,https://static.mapleartale.com/images/item/2002021.png,assets/items/raw/2002021.png,exists,,,696,e62d1056c08a1d1dd885500f665595fe928ce56fc66b48fb8452cbd2ba8e2c83,,2026-06-03T22:51:57+08:00,https://mxdzlk.com/item/?page_num=5
2002022,item,,item,mxdzlk_item,https://mxdzlk.com/item/2002022/,https://static.mapleartale.com/images/item/2002022.png,assets/items/raw/2002022.png,exists,,,626,1e31aef36fd0ae916fa1c70535caebbdabd887371b24848c782cae7893037a59,,2026-06-03T22:51:57+08:00,https://mxdzlk.com/item/?page_num=5
2002023,item,,item,mxdzlk_item,https://mxdzlk.com/item/2002023/,https://static.mapleartale.com/images/item/2002023.png,assets/items/raw/2002023.png,exists,,,617,11b983d7899d1e1454b83f1f9439af47b3ba790247af06297119c32ff72d1bbe,,2026-06-03T22:51:57+08:00,https://mxdzlk.com/item/?page_num=5
2002024,item,,item,mxdzlk_item,https://mxdzlk.com/item/2002024/,https://static.mapleartale.com/images/item/2002024.png,assets/items/raw/2002024.png,exists,,,677,b3a0c501ce892c91dd7e7dfe0086aa73fc1afae7411b6d967c7ae88db3abd62a,,2026-06-03T22:51:57+08:00,https://mxdzlk.com/item/?page_num=5
2002025,item,,item,mxdzlk_item,https://mxdzlk.com/item/2002025/,https://static.mapleartale.com/images/item/2002025.png,assets/items/raw/2002025.png,exists,200,image/png,678,23581e99e4a17640a53f06d54d1c689c2879ef69a8c527d67ee66d5ad22c5961,,2026-06-03T22:51:57+08:00,https://mxdzlk.com/item/?page_num=5
2002026,item,,item,mxdzlk_item,https://mxdzlk.com/item/2002026/,https://static.mapleartale.com/images/item/2002026.png,,missing,404,,,,HTTPError: HTTP Error 404: Not Found,2026-06-03T22:51:58+08:00,https://mxdzlk.com/item/?page_num=6
2002031,item,,item,mxdzlk_item,https://mxdzlk.com/item/2002031/,https://static.mapleartale.com/images/item/2002031.png,,missing,404,,,,HTTPError: HTTP Error 404: Not Found,2026-06-03T22:52:00+08:00,https://mxdzlk.com/item/?page_num=6
2002032,item,,item,mxdzlk_item,https://mxdzlk.com/item/2002032/,https://static.mapleartale.com/images/item/2002032.png,,missing,404,,,,HTTPError: HTTP Error 404: Not Found,2026-06-03T22:51:58+08:00,https://mxdzlk.com/item/?page_num=6
2002033,item,,item,mxdzlk_item,https://mxdzlk.com/item/2002033/,https://static.mapleartale.com/images/item/2002033.png,,missing,404,,,,HTTPError: HTTP Error 404: Not Found,2026-06-03T22:52:05+08:00,https://mxdzlk.com/item/?page_num=6
2002034,item,,item,mxdzlk_item,https://mxdzlk.com/item/2002034/,https://static.mapleartale.com/images/item/2002034.png,,missing,404,,,,HTTPError: HTTP Error 404: Not Found,2026-06-03T22:51:58+08:00,https://mxdzlk.com/item/?page_num=6
2010000,item,,item,mxdzlk_item,https://mxdzlk.com/item/2010000/,https://static.mapleartale.com/images/item/2010000.png,assets/items/raw/2010000.png,exists,,,693,6ecd05595d36e3eb87594ba598caf19ca0a5fe47c74e31b80e60f1b7ff22f5a1,,2026-06-03T22:51:57+08:00,https://mxdzlk.com/item/?page_num=6
2010001,item,,item,mxdzlk_item,https://mxdzlk.com/item/2010001/,https://static.mapleartale.com/images/item/2010001.png,assets/items/raw/2010001.png,exists,,,611,23829479a4a7a2b8ded438024d86179eb31d7afd5dec4474cd52027507d06af7,,2026-06-03T22:51:57+08:00,https://mxdzlk.com/item/?page_num=6
2010002,item,,item,mxdzlk_item,https://mxdzlk.com/item/2010002/,https://static.mapleartale.com/images/item/2010002.png,assets/items/raw/2010002.png,exists,,,456,2b4781744b9a8448a2089ef73104aa4447fcb2d3959902447aee0c6c30e615d0,,2026-06-03T22:51:57+08:00,https://mxdzlk.com/item/?page_num=6
2010003,item,,item,mxdzlk_item,https://mxdzlk.com/item/2010003/,https://static.mapleartale.com/images/item/2010003.png,assets/items/raw/2010003.png,exists,,,505,3d2c72fc828aa3e90f978593e8ef1a87052cd2aaaca6fde3ee69a30817550e2a,,2026-06-03T22:51:57+08:00,https://mxdzlk.com/item/?page_num=6
2010004,item,,item,mxdzlk_item,https://mxdzlk.com/item/2010004/,https://static.mapleartale.com/images/item/2010004.png,assets/items/raw/2010004.png,exists,,,390,65adef754b0efab90beb521aca43aab0260ccb20e7da293bc018fdd9f1d853c2,,2026-06-03T22:51:57+08:00,https://mxdzlk.com/item/?page_num=6
2010005,item,,item,mxdzlk_item,https://mxdzlk.com/item/2010005/,https://static.mapleartale.com/images/item/2010005.png,assets/items/raw/2010005.png,exists,,,595,d31926cd3bbec710a3a7d9ae3b4da78c167cb0d83e4e338cf1377682773e6f02,,2026-06-03T22:51:57+08:00,https://mxdzlk.com/item/?page_num=7
2010006,item,,item,mxdzlk_item,https://mxdzlk.com/item/2010006/,https://static.mapleartale.com/images/item/2010006.png,assets/items/raw/2010006.png,exists,,,556,48d4fdec038dce3a398fb09c66c8787d50c784ec30eca2d12b9135c93030bb11,,2026-06-03T22:51:57+08:00,https://mxdzlk.com/item/?page_num=7
2010007,item,,item,mxdzlk_item,https://mxdzlk.com/item/2010007/,https://static.mapleartale.com/images/item/2010007.png,assets/items/raw/2010007.png,exists,,,693,6ecd05595d36e3eb87594ba598caf19ca0a5fe47c74e31b80e60f1b7ff22f5a1,,2026-06-03T22:51:57+08:00,https://mxdzlk.com/item/?page_num=7
2010009,item,,item,mxdzlk_item,https://mxdzlk.com/item/2010009/,https://static.mapleartale.com/images/item/2010009.png,assets/items/raw/2010009.png,exists,,,632,ec38752b7b76b12addca0f468f2d7ceabc39929dfe8de0b615a0494aa5e90dbc,,2026-06-03T22:51:57+08:00,https://mxdzlk.com/item/?page_num=7
2011000,item,,item,mxdzlk_item,https://mxdzlk.com/item/2011000/,https://static.mapleartale.com/images/item/2011000.png,assets/items/raw/2011000.png,exists,200,image/png,582,52677d8e372a12e0898bbb88485cbe02aebd30c27c60a7342653b7d291f0fb79,,2026-06-03T22:51:57+08:00,https://mxdzlk.com/item/?page_num=7
2012000,item,,item,mxdzlk_item,https://mxdzlk.com/item/2012000/,https://static.mapleartale.com/images/item/2012000.png,assets/items/raw/2012000.png,exists,,,738,83c048a58be9ac9cd570c607ee7cbb81d0bc25d886ede7583d383e5813cc0830,,2026-06-03T22:51:57+08:00,https://mxdzlk.com/item/?page_num=7
2012001,item,,item,mxdzlk_item,https://mxdzlk.com/item/2012001/,https://static.mapleartale.com/images/item/2012001.png,assets/items/raw/2012001.png,exists,,,958,c8d63ae4c98c7abd57fd8ebef7976555db75c43c77a4eea510b990d15b5fa524,,2026-06-03T22:51:57+08:00,https://mxdzlk.com/item/?page_num=7
2012002,item,,item,mxdzlk_item,https://mxdzlk.com/item/2012002/,https://static.mapleartale.com/images/item/2012002.png,assets/items/raw/2012002.png,exists,,,659,a8a64be3ad84077a8432bd8053ffd7b23b472315ead7a29e0c2efa82486410cf,,2026-06-03T22:51:57+08:00,https://mxdzlk.com/item/?page_num=7
2012003,item,,item,mxdzlk_item,https://mxdzlk.com/item/2012003/,https://static.mapleartale.com/images/item/2012003.png,assets/items/raw/2012003.png,exists,,,798,a73a83fe60366cf3c5068b5067c96d3588fe1f18f9fe725dbe041eb20ffefd37,,2026-06-03T22:51:57+08:00,https://mxdzlk.com/item/?page_num=7
2020000,item,,item,mxdzlk_item,https://mxdzlk.com/item/2020000/,https://static.mapleartale.com/images/item/2020000.png,assets/items/raw/2020000.png,exists,,,604,f24735f90cfaca520ef51708dd7dabfdb6cfacd60395ffb7006bbd9a3a408354,,2026-06-03T22:51:57+08:00,https://mxdzlk.com/item/?page_num=7
2020001,item,,item,mxdzlk_item,https://mxdzlk.com/item/2020001/,https://static.mapleartale.com/images/item/2020001.png,assets/items/raw/2020001.png,exists,,,449,1d5bc71aa098fc5e73bb1ec54621cb2bc7ea9bb1892d9e1b48796cd99f94e445,,2026-06-03T22:51:57+08:00,https://mxdzlk.com/item/?page_num=8
2020002,item,,item,mxdzlk_item,https://mxdzlk.com/item/2020002/,https://static.mapleartale.com/images/item/2020002.png,assets/items/raw/2020002.png,exists,,,491,d262ba21ab2aff5d83ede9210f4aceaea580e1cb6e0bdddba1b1ac0f39953492,,2026-06-03T22:51:57+08:00,https://mxdzlk.com/item/?page_num=8
2020003,item,,item,mxdzlk_item,https://mxdzlk.com/item/2020003/,https://static.mapleartale.com/images/item/2020003.png,assets/items/raw/2020003.png,exists,,,468,a387340b0e57df013b2a358b648d233730af9d2f8e0c40b1eebd5af122d2259a,,2026-06-03T22:51:57+08:00,https://mxdzlk.com/item/?page_num=8
2020004,item,,item,mxdzlk_item,https://mxdzlk.com/item/2020004/,https://static.mapleartale.com/images/item/2020004.png,assets/items/raw/2020004.png,exists,,,604,4a45e3f60783e7d2abb5f4d16cf287d9fed613cb255eb059f1df77562f4fef7a,,2026-06-03T22:51:57+08:00,https://mxdzlk.com/item/?page_num=8
2020005,item,,item,mxdzlk_item,https://mxdzlk.com/item/2020005/,https://static.mapleartale.com/images/item/2020005.png,assets/items/raw/2020005.png,exists,,,415,7f8f3b7ec446c084d854c270d431b89a00b1ccac8db7e92d45b634081ea53ac6,,2026-06-03T22:51:57+08:00,https://mxdzlk.com/item/?page_num=8
2020006,item,,item,mxdzlk_item,https://mxdzlk.com/item/2020006/,https://static.mapleartale.com/images/item/2020006.png,assets/items/raw/2020006.png,exists,,,526,9e2e292e92f9a1721272e9f851e1c0fa4944064f804d749cb2800628c976981a,,2026-06-03T22:51:57+08:00,https://mxdzlk.com/item/?page_num=8
2020007,item,,item,mxdzlk_item,https://mxdzlk.com/item/2020007/,https://static.mapleartale.com/images/item/2020007.png,assets/items/raw/2020007.png,exists,,,656,3783a19342340c5064e4e10f6dba40b28f06b86c286aff5caf4d7e0dd5814000,,2026-06-03T22:51:57+08:00,https://mxdzlk.com/item/?page_num=8
2020008,item,,item,mxdzlk_item,https://mxdzlk.com/item/2020008/,https://static.mapleartale.com/images/item/2020008.png,assets/items/raw/2020008.png,exists,,,391,3fa7e2b61ae139fa5547f2530572ab59b8647bdf34a14098a601042a1d405dd4,,2026-06-03T22:51:57+08:00,https://mxdzlk.com/item/?page_num=8
2020009,item,,item,mxdzlk_item,https://mxdzlk.com/item/2020009/,https://static.mapleartale.com/images/item/2020009.png,assets/items/raw/2020009.png,exists,,,819,2b74f68f4edb789ec1d06400558227cf54760d7d55b9b1e5687bfcb6cd0bd1e2,,2026-06-03T22:51:57+08:00,https://mxdzlk.com/item/?page_num=8
2020010,item,,item,mxdzlk_item,https://mxdzlk.com/item/2020010/,https://static.mapleartale.com/images/item/2020010.png,assets/items/raw/2020010.png,exists,,,874,6a2664c2d115edde7c6edd5c1843d0a186f3636dc9ea0655e191731caba904f1,,2026-06-03T22:51:57+08:00,https://mxdzlk.com/item/?page_num=8
2020011,item,,item,mxdzlk_item,https://mxdzlk.com/item/2020011/,https://static.mapleartale.com/images/item/2020011.png,assets/items/raw/2020011.png,exists,,,1168,ad52aa2627dddba464b764049808778bec06321260a08e07fb0ea41ee6d022d4,,2026-06-03T22:51:57+08:00,https://mxdzlk.com/item/?page_num=9
2020012,item,,item,mxdzlk_item,https://mxdzlk.com/item/2020012/,https://static.mapleartale.com/images/item/2020012.png,assets/items/raw/2020012.png,exists,,,535,846c4580c5435058b2f347c41a2fe82b83bdf062aa5d227425e322aeb67f73c3,,2026-06-03T22:51:57+08:00,https://mxdzlk.com/item/?page_num=9
2020013,item,,item,mxdzlk_item,https://mxdzlk.com/item/2020013/,https://static.mapleartale.com/images/item/2020013.png,assets/items/raw/2020013.png,exists,,,563,392de04b60dbfe9e4dec0f35b7e42c7c56581558958cc90d7b57526c2df9f8f1,,2026-06-03T22:51:57+08:00,https://mxdzlk.com/item/?page_num=9
2020014,item,,item,mxdzlk_item,https://mxdzlk.com/item/2020014/,https://static.mapleartale.com/images/item/2020014.png,assets/items/raw/2020014.png,exists,,,778,709b83136a2c6e7ac39f34616dd51166b9c9f75d6c86d0d0cc29995d96eed039,,2026-06-03T22:51:57+08:00,https://mxdzlk.com/item/?page_num=9
2020015,item,,item,mxdzlk_item,https://mxdzlk.com/item/2020015/,https://static.mapleartale.com/images/item/2020015.png,assets/items/raw/2020015.png,exists,,,940,3a750ab5b3ed08e9ff5b216c3df68c0bad74e7c68b5e9ac8197dd89e307afd7a,,2026-06-03T22:51:57+08:00,https://mxdzlk.com/item/?page_num=9
2020016,item,,item,mxdzlk_item,https://mxdzlk.com/item/2020016/,https://static.mapleartale.com/images/item/2020016.png,assets/items/raw/2020016.png,exists,,,558,895ec083f6efc5e286a5eeaa39a5ea90d975f70fdd31e1e5a83e6c539c35041c,,2026-06-03T22:51:57+08:00,https://mxdzlk.com/item/?page_num=9
2020017,item,,item,mxdzlk_item,https://mxdzlk.com/item/2020017/,https://static.mapleartale.com/images/item/2020017.png,assets/items/raw/2020017.png,exists,,,607,2ff16c452cd760dccd726af81bfcd7d729e37b0bbf2c195bccf9b335dfac8702,,2026-06-03T22:51:57+08:00,https://mxdzlk.com/item/?page_num=9
2020018,item,,item,mxdzlk_item,https://mxdzlk.com/item/2020018/,https://static.mapleartale.com/images/item/2020018.png,assets/items/raw/2020018.png,exists,,,723,2e13f9ce071449f5cfd42be7bb1289d54c3876399aa129ce057eda4f42d3e161,,2026-06-03T22:51:57+08:00,https://mxdzlk.com/item/?page_num=9
2020019,item,,item,mxdzlk_item,https://mxdzlk.com/item/2020019/,https://static.mapleartale.com/images/item/2020019.png,assets/items/raw/2020019.png,exists,,,684,90e5419519e309306a4837ed71a234599ca5d4ea096560b9c14cfe32e97935ac,,2026-06-03T22:51:57+08:00,https://mxdzlk.com/item/?page_num=9
2020020,item,,item,mxdzlk_item,https://mxdzlk.com/item/2020020/,https://static.mapleartale.com/images/item/2020020.png,assets/items/raw/2020020.png,exists,200,image/png,588,e8aa8967446f787e3e0f60f8b709ef98d4e96723a261185d305963c689166da0,,2026-06-03T22:51:57+08:00,https://mxdzlk.com/item/?page_num=9
2020021,item,,item,mxdzlk_item,https://mxdzlk.com/item/2020021/,https://static.mapleartale.com/images/item/2020021.png,assets/items/raw/2020021.png,exists,,,750,9eaf805c3bf62697ae770f2d943fd0c8495b2dcd7fbf58294bf64082014da255,,2026-06-03T22:51:57+08:00,https://mxdzlk.com/item/?page_num=10
2020022,item,,item,mxdzlk_item,https://mxdzlk.com/item/2020022/,https://static.mapleartale.com/images/item/2020022.png,assets/items/raw/2020022.png,exists,,,752,55b2d61c5609d68c29e1d999433590e37f93b12d65902526b0cbfda2ddb14a6a,,2026-06-03T22:51:57+08:00,https://mxdzlk.com/item/?page_num=10
2020023,item,,item,mxdzlk_item,https://mxdzlk.com/item/2020023/,https://static.mapleartale.com/images/item/2020023.png,assets/items/raw/2020023.png,exists,,,752,55b2d61c5609d68c29e1d999433590e37f93b12d65902526b0cbfda2ddb14a6a,,2026-06-03T22:51:57+08:00,https://mxdzlk.com/item/?page_num=10
2020024,item,,item,mxdzlk_item,https://mxdzlk.com/item/2020024/,https://static.mapleartale.com/images/item/2020024.png,assets/items/raw/2020024.png,exists,,,830,331258f221f1181e809f294a3fefc61bb812b9bb6cc1dc91f534a809035acf43,,2026-06-03T22:51:57+08:00,https://mxdzlk.com/item/?page_num=10
2020025,item,,item,mxdzlk_item,https://mxdzlk.com/item/2020025/,https://static.mapleartale.com/images/item/2020025.png,assets/items/raw/2020025.png,exists,,,716,8482bfaa3108a73a0346e4f5670379472aefd7be22d8ba547bc54ee52fafb4b4,,2026-06-03T22:51:57+08:00,https://mxdzlk.com/item/?page_num=10
2020026,item,,item,mxdzlk_item,https://mxdzlk.com/item/2020026/,https://static.mapleartale.com/images/item/2020026.png,assets/items/raw/2020026.png,exists,,,680,094210443fbecc94b7d104e27869a1b4e722c66d0f01196e4fdece3e1fcd1693,,2026-06-03T22:51:57+08:00,https://mxdzlk.com/item/?page_num=10
2020027,item,,item,mxdzlk_item,https://mxdzlk.com/item/2020027/,https://static.mapleartale.com/images/item/2020027.png,assets/items/raw/2020027.png,exists,,,820,8b0bb5cb16b477f8f371caef11d1a83f9cea943b750f63689428d4957d4292a4,,2026-06-03T22:51:57+08:00,https://mxdzlk.com/item/?page_num=10
2020028,item,,item,mxdzlk_item,https://mxdzlk.com/item/2020028/,https://static.mapleartale.com/images/item/2020028.png,assets/items/raw/2020028.png,exists,,,698,17920a4b1c9f290a7f1a54b0987d5c431b7f2ed6964b1644ef8428868d8abaa6,,2026-06-03T22:51:57+08:00,https://mxdzlk.com/item/?page_num=10
2020029,item,,item,mxdzlk_item,https://mxdzlk.com/item/2020029/,https://static.mapleartale.com/images/item/2020029.png,,missing,404,,,,HTTPError: HTTP Error 404: Not Found,2026-06-03T22:52:03+08:00,https://mxdzlk.com/item/?page_num=10
2020030,item,,item,mxdzlk_item,https://mxdzlk.com/item/2020030/,https://static.mapleartale.com/images/item/2020030.png,,missing,404,,,,HTTPError: HTTP Error 404: Not Found,2026-06-03T22:51:58+08:00,https://mxdzlk.com/item/?page_num=10
2020031,item,,item,mxdzlk_item,https://mxdzlk.com/item/2020031/,https://static.mapleartale.com/images/item/2020031.png,assets/items/raw/2020031.png,exists,,,739,05950aef965e9bd2335d40d11419fe9c59a28de4e5ffe76cfdf89611b8490b9f,,2026-06-03T22:51:57+08:00,https://mxdzlk.com/item/?page_num=11
2022000,item,,item,mxdzlk_item,https://mxdzlk.com/item/2022000/,https://static.mapleartale.com/images/item/2022000.png,assets/items/raw/2022000.png,exists,,,686,8eac79be358e37b2425a4c823311dde375aa5639fc3dbe910f68c69aba7ede96,,2026-06-03T22:51:57+08:00,https://mxdzlk.com/item/?page_num=11
2022001,item,,item,mxdzlk_item,https://mxdzlk.com/item/2022001/,https://static.mapleartale.com/images/item/2022001.png,assets/items/raw/2022001.png,exists,,,432,8de7840e97332d61e8cc56d1d39ad974015aeebbeab2dc974038d99998713c12,,2026-06-03T22:51:57+08:00,https://mxdzlk.com/item/?page_num=11
2022002,item,,item,mxdzlk_item,https://mxdzlk.com/item/2022002/,https://static.mapleartale.com/images/item/2022002.png,assets/items/raw/2022002.png,exists,,,659,1e6c09bae5f9d8e42a5d136521afe884b9c8b33daab9ddd98a8a990d0794a898,,2026-06-03T22:51:57+08:00,https://mxdzlk.com/item/?page_num=11
2022003,item,,item,mxdzlk_item,https://mxdzlk.com/item/2022003/,https://static.mapleartale.com/images/item/2022003.png,assets/items/raw/2022003.png,exists,,,569,9d0258e49760e43c97f5d6d3fbba62ed078dc063ba2c952e3e6966d37c9ed31e,,2026-06-03T22:51:57+08:00,https://mxdzlk.com/item/?page_num=11
2022004,item,,item,mxdzlk_item,https://mxdzlk.com/item/2022004/,https://static.mapleartale.com/images/item/2022004.png,assets/items/raw/2022004.png,exists,,,483,25d9c7b3ecd6a1ce2577caa5145e3d07d58b3f4c994afd63949d3e28dc3d91f3,,2026-06-03T22:51:57+08:00,https://mxdzlk.com/item/?page_num=11
2022005,item,,item,mxdzlk_item,https://mxdzlk.com/item/2022005/,https://static.mapleartale.com/images/item/2022005.png,assets/items/raw/2022005.png,exists,,,1242,6fa1d52cb801ac4b382ed24cf0c16562048118537262451c19ee6e8cd0e551c8,,2026-06-03T22:51:57+08:00,https://mxdzlk.com/item/?page_num=11
2022006,item,,item,mxdzlk_item,https://mxdzlk.com/item/2022006/,https://static.mapleartale.com/images/item/2022006.png,assets/items/raw/2022006.png,exists,,,568,cb84344f3898f6586f2d79d85c82d557bf4326ade951fc732f5a525cb0249af7,,2026-06-03T22:51:57+08:00,https://mxdzlk.com/item/?page_num=11
2022007,item,,item,mxdzlk_item,https://mxdzlk.com/item/2022007/,https://static.mapleartale.com/images/item/2022007.png,assets/items/raw/2022007.png,exists,,,534,3beb4133fabddaf0782ba31120c3d8184616d0dad6721eccb14036dd943e0ffa,,2026-06-03T22:51:57+08:00,https://mxdzlk.com/item/?page_num=11
2022008,item,,item,mxdzlk_item,https://mxdzlk.com/item/2022008/,https://static.mapleartale.com/images/item/2022008.png,assets/items/raw/2022008.png,exists,,,534,3beb4133fabddaf0782ba31120c3d8184616d0dad6721eccb14036dd943e0ffa,,2026-06-03T22:51:57+08:00,https://mxdzlk.com/item/?page_num=11
2022009,item,,item,mxdzlk_item,https://mxdzlk.com/item/2022009/,https://static.mapleartale.com/images/item/2022009.png,assets/items/raw/2022009.png,exists,,,534,3beb4133fabddaf0782ba31120c3d8184616d0dad6721eccb14036dd943e0ffa,,2026-06-03T22:51:57+08:00,https://mxdzlk.com/item/?page_num=12
2022010,item,,item,mxdzlk_item,https://mxdzlk.com/item/2022010/,https://static.mapleartale.com/images/item/2022010.png,assets/items/raw/2022010.png,exists,,,534,3beb4133fabddaf0782ba31120c3d8184616d0dad6721eccb14036dd943e0ffa,,2026-06-03T22:51:57+08:00,https://mxdzlk.com/item/?page_num=12
2022011,item,,item,mxdzlk_item,https://mxdzlk.com/item/2022011/,https://static.mapleartale.com/images/item/2022011.png,assets/items/raw/2022011.png,exists,,,534,3beb4133fabddaf0782ba31120c3d8184616d0dad6721eccb14036dd943e0ffa,,2026-06-03T22:51:57+08:00,https://mxdzlk.com/item/?page_num=12
2022012,item,,item,mxdzlk_item,https://mxdzlk.com/item/2022012/,https://static.mapleartale.com/images/item/2022012.png,assets/items/raw/2022012.png,exists,,,916,705bc28ccba9b49fd75c6e2252e066a38830bcca781d8567135822ccf11708af,,2026-06-03T22:51:57+08:00,https://mxdzlk.com/item/?page_num=12
2022013,item,,item,mxdzlk_item,https://mxdzlk.com/item/2022013/,https://static.mapleartale.com/images/item/2022013.png,assets/items/raw/2022013.png,exists,200,image/png,754,411f8feaf9d1fc434d5e18137c60196925a9efaa92391c1e68d0cb24b156147e,,2026-06-03T22:51:57+08:00,https://mxdzlk.com/item/?page_num=12
2022014,item,,item,mxdzlk_item,https://mxdzlk.com/item/2022014/,https://static.mapleartale.com/images/item/2022014.png,assets/items/raw/2022014.png,exists,,,794,8b3d7e485ab4f7e8ccb6945f4ed98ab80f9e1c89df7a8d605fb9a0867d291e5a,,2026-06-03T22:51:57+08:00,https://mxdzlk.com/item/?page_num=12
2022015,item,,item,mxdzlk_item,https://mxdzlk.com/item/2022015/,https://static.mapleartale.com/images/item/2022015.png,assets/items/raw/2022015.png,exists,,,936,12eef47fda904be88cd3823b7fa08111051b2d82255b6f9cdab76df9e2808abe,,2026-06-03T22:51:57+08:00,https://mxdzlk.com/item/?page_num=12
2022016,item,,item,mxdzlk_item,https://mxdzlk.com/item/2022016/,https://static.mapleartale.com/images/item/2022016.png,assets/items/raw/2022016.png,exists,,,684,b2a2b9ea167b7ba626f0211a54b8164e72d72bc60279992066deb189ba544a43,,2026-06-03T22:51:57+08:00,https://mxdzlk.com/item/?page_num=12
2022017,item,,item,mxdzlk_item,https://mxdzlk.com/item/2022017/,https://static.mapleartale.com/images/item/2022017.png,assets/items/raw/2022017.png,exists,,,936,12eef47fda904be88cd3823b7fa08111051b2d82255b6f9cdab76df9e2808abe,,2026-06-03T22:51:57+08:00,https://mxdzlk.com/item/?page_num=12
2022018,item,,item,mxdzlk_item,https://mxdzlk.com/item/2022018/,https://static.mapleartale.com/images/item/2022018.png,assets/items/raw/2022018.png,exists,,,902,2fd23474cb43f5a11092d7f64c15c58f5b61ff65159309183deeafeab6a69e3e,,2026-06-03T22:51:57+08:00,https://mxdzlk.com/item/?page_num=12
2022019,item,,item,mxdzlk_item,https://mxdzlk.com/item/2022019/,https://static.mapleartale.com/images/item/2022019.png,assets/items/raw/2022019.png,exists,,,896,50d586685aafe4beca8bf984811493a9459fdd304eee3b9f01ad3662e1b2e65a,,2026-06-03T22:51:57+08:00,https://mxdzlk.com/item/?page_num=13
2022020,item,,item,mxdzlk_item,https://mxdzlk.com/item/2022020/,https://static.mapleartale.com/images/item/2022020.png,assets/items/raw/2022020.png,exists,,,839,d7a60a395bcb2e572c93ac28e994b09406e3284086800bfc33b0c859aec74a08,,2026-06-03T22:51:57+08:00,https://mxdzlk.com/item/?page_num=13
2022021,item,,item,mxdzlk_item,https://mxdzlk.com/item/2022021/,https://static.mapleartale.com/images/item/2022021.png,assets/items/raw/2022021.png,exists,,,613,9d44159e7f7775a27858cc365cff00ce0342795ebc5eb6202abfef43e6c41567,,2026-06-03T22:51:57+08:00,https://mxdzlk.com/item/?page_num=13
2022022,item,,item,mxdzlk_item,https://mxdzlk.com/item/2022022/,https://static.mapleartale.com/images/item/2022022.png,assets/items/raw/2022022.png,exists,,,731,791a3a326459a4f6aa65ef903bc55fd99fbea73c14119302b48ecf1fc7f8fd11,,2026-06-03T22:51:57+08:00,https://mxdzlk.com/item/?page_num=13
2022023,item,,item,mxdzlk_item,https://mxdzlk.com/item/2022023/,https://static.mapleartale.com/images/item/2022023.png,assets/items/raw/2022023.png,exists,,,780,d6676a212a6c3215cacacb8914100bac1fb879e054c112eb0ee681bf7b97d791,,2026-06-03T22:51:57+08:00,https://mxdzlk.com/item/?page_num=13
2022024,item,,item,mxdzlk_item,https://mxdzlk.com/item/2022024/,https://static.mapleartale.com/images/item/2022024.png,assets/items/raw/2022024.png,exists,,,781,b333f17eadd4e916fe690e97ad97a1258c0f67527d6e1b5f1b078d005bbef80a,,2026-06-03T22:51:57+08:00,https://mxdzlk.com/item/?page_num=13
2022025,item,,item,mxdzlk_item,https://mxdzlk.com/item/2022025/,https://static.mapleartale.com/images/item/2022025.png,assets/items/raw/2022025.png,exists,,,716,e1088e531115f3bac535bcb359e39a940379b3e997b6842080576b00a3f00b1d,,2026-06-03T22:51:57+08:00,https://mxdzlk.com/item/?page_num=13
2022026,item,,item,mxdzlk_item,https://mxdzlk.com/item/2022026/,https://static.mapleartale.com/images/item/2022026.png,assets/items/raw/2022026.png,exists,,,817,47f7bb483f3d61e681c0772c0f896ac7a7a2d8bc5dacbe0ada8c84aee6b03b9a,,2026-06-03T22:51:57+08:00,https://mxdzlk.com/item/?page_num=13
2022027,item,,item,mxdzlk_item,https://mxdzlk.com/item/2022027/,https://static.mapleartale.com/images/item/2022027.png,assets/items/raw/2022027.png,exists,,,827,175c715cd1fc420b0099e8976c92699886d4eb323847c728ede9845aaea21b5f,,2026-06-03T22:51:57+08:00,https://mxdzlk.com/item/?page_num=13
2022028,item,,item,mxdzlk_item,https://mxdzlk.com/item/2022028/,https://static.mapleartale.com/images/item/2022028.png,assets/items/raw/2022028.png,exists,,,833,99f8c87111f8abe8438dbdb28304e981882d10a5e991a7a35bffc2cd84baf2b3,,2026-06-03T22:51:57+08:00,https://mxdzlk.com/item/?page_num=13
2022029,item,,item,mxdzlk_item,https://mxdzlk.com/item/2022029/,https://static.mapleartale.com/images/item/2022029.png,assets/items/raw/2022029.png,exists,,,875,fc15d7664bdbeaab7248a05d3d9a6e6073f3f4d3b99465fa227254e3628df3f8,,2026-06-03T22:51:57+08:00,https://mxdzlk.com/item/?page_num=14
2022030,item,,item,mxdzlk_item,https://mxdzlk.com/item/2022030/,https://static.mapleartale.com/images/item/2022030.png,assets/items/raw/2022030.png,exists,,,866,94032fb21b07f56a32017436a49ff98b7343873791da2c9f64fc85d61e6f14a5,,2026-06-03T22:51:57+08:00,https://mxdzlk.com/item/?page_num=14
2022031,item,,item,mxdzlk_item,https://mxdzlk.com/item/2022031/,https://static.mapleartale.com/images/item/2022031.png,assets/items/raw/2022031.png,exists,,,822,584a0230defe8dcfbf8eaf168e3aaaea90107f4ef424e28fdcd9d452acad9762,,2026-06-03T22:51:57+08:00,https://mxdzlk.com/item/?page_num=14
2022032,item,,item,mxdzlk_item,https://mxdzlk.com/item/2022032/,https://static.mapleartale.com/images/item/2022032.png,assets/items/raw/2022032.png,exists,,,794,e2a8096b3765adbbdcf4cf1eb3a1ad1bdbdf83bc1d7a170309aa449a20481f37,,2026-06-03T22:51:57+08:00,https://mxdzlk.com/item/?page_num=14
2022033,item,,item,mxdzlk_item,https://mxdzlk.com/item/2022033/,https://static.mapleartale.com/images/item/2022033.png,assets/items/raw/2022033.png,exists,,,842,1d31109a9a10fca69adbeebaae7275b2ce3690fbf585ff19fb2f3cb60192c1af,,2026-06-03T22:51:57+08:00,https://mxdzlk.com/item/?page_num=14
2022034,item,,item,mxdzlk_item,https://mxdzlk.com/item/2022034/,https://static.mapleartale.com/images/item/2022034.png,assets/items/raw/2022034.png,exists,,,1031,2236cb4c2ceeb91f436af426549d4033c147442b4418ea82aa878251355d7ae6,,2026-06-03T22:51:57+08:00,https://mxdzlk.com/item/?page_num=14
2022035,item,,item,mxdzlk_item,https://mxdzlk.com/item/2022035/,https://static.mapleartale.com/images/item/2022035.png,assets/items/raw/2022035.png,exists,,,971,2c7b25643aba1f446926bc43a602123dba2dae4cc9921f3b33b0161f59e8d1c2,,2026-06-03T22:51:57+08:00,https://mxdzlk.com/item/?page_num=14
2022036,item,,item,mxdzlk_item,https://mxdzlk.com/item/2022036/,https://static.mapleartale.com/images/item/2022036.png,assets/items/raw/2022036.png,exists,,,820,8b0bb5cb16b477f8f371caef11d1a83f9cea943b750f63689428d4957d4292a4,,2026-06-03T22:51:57+08:00,https://mxdzlk.com/item/?page_num=14
2022037,item,,item,mxdzlk_item,https://mxdzlk.com/item/2022037/,https://static.mapleartale.com/images/item/2022037.png,assets/items/raw/2022037.png,exists,,,550,dadf00bac637cc96eb32cc2fdcbdeeafd451dd28ace28ebecfd19dc34d8b0a25,,2026-06-03T22:51:57+08:00,https://mxdzlk.com/item/?page_num=14
2022038,item,,item,mxdzlk_item,https://mxdzlk.com/item/2022038/,https://static.mapleartale.com/images/item/2022038.png,assets/items/raw/2022038.png,exists,200,image/png,983,5e683a890f804031e6e8b03829dd4ce8a699bc95eac1c818765391d42a955c42,,2026-06-03T22:51:57+08:00,https://mxdzlk.com/item/?page_num=14
2022039,item,,item,mxdzlk_item,https://mxdzlk.com/item/2022039/,https://static.mapleartale.com/images/item/2022039.png,assets/items/raw/2022039.png,exists,,,605,3ac07f360922d302541766817186138a0340f5cbd91174b873249059eef8b44f,,2026-06-03T22:51:57+08:00,https://mxdzlk.com/item/?page_num=15
2022040,item,,item,mxdzlk_item,https://mxdzlk.com/item/2022040/,https://static.mapleartale.com/images/item/2022040.png,assets/items/raw/2022040.png,exists,,,484,dbb7103cd3823ac528183321b9ada3ceafaa8ed55a32cf426064adcc09042567,,2026-06-03T22:51:57+08:00,https://mxdzlk.com/item/?page_num=15
2022041,item,,item,mxdzlk_item,https://mxdzlk.com/item/2022041/,https://static.mapleartale.com/images/item/2022041.png,assets/items/raw/2022041.png,exists,,,588,6775c43ef5b34d6b40c75ff0efc85b506d25a8eea072994981ec1b452c7d56e5,,2026-06-03T22:51:57+08:00,https://mxdzlk.com/item/?page_num=15
2022042,item,,item,mxdzlk_item,https://mxdzlk.com/item/2022042/,https://static.mapleartale.com/images/item/2022042.png,assets/items/raw/2022042.png,exists,,,822,584a0230defe8dcfbf8eaf168e3aaaea90107f4ef424e28fdcd9d452acad9762,,2026-06-03T22:51:57+08:00,https://mxdzlk.com/item/?page_num=15
2022043,item,,item,mxdzlk_item,https://mxdzlk.com/item/2022043/,https://static.mapleartale.com/images/item/2022043.png,assets/items/raw/2022043.png,exists,,,842,1d31109a9a10fca69adbeebaae7275b2ce3690fbf585ff19fb2f3cb60192c1af,,2026-06-03T22:51:57+08:00,https://mxdzlk.com/item/?page_num=15
2022044,item,,item,mxdzlk_item,https://mxdzlk.com/item/2022044/,https://static.mapleartale.com/images/item/2022044.png,,missing,404,,,,HTTPError: HTTP Error 404: Not Found,2026-06-03T22:51:59+08:00,https://mxdzlk.com/item/?page_num=15
2022045,item,,item,mxdzlk_item,https://mxdzlk.com/item/2022045/,https://static.mapleartale.com/images/item/2022045.png,assets/items/raw/2022045.png,exists,,,722,5dd196453f993f61f6d3f116bdc60cf58dbc9f03c75e75feed0c37e6952917af,,2026-06-03T22:51:58+08:00,https://mxdzlk.com/item/?page_num=15
2022046,item,,item,mxdzlk_item,https://mxdzlk.com/item/2022046/,https://static.mapleartale.com/images/item/2022046.png,,missing,404,,,,HTTPError: HTTP Error 404: Not Found,2026-06-03T22:52:00+08:00,https://mxdzlk.com/item/?page_num=15
2022047,item,,item,mxdzlk_item,https://mxdzlk.com/item/2022047/,https://static.mapleartale.com/images/item/2022047.png,assets/items/raw/2022047.png,exists,,,712,04bd695609516e405d3f5ad08c7495aed1af8d871c3472563441307c9f329cac,,2026-06-03T22:51:58+08:00,https://mxdzlk.com/item/?page_num=15
2022048,item,,item,mxdzlk_item,https://mxdzlk.com/item/2022048/,https://static.mapleartale.com/images/item/2022048.png,assets/items/raw/2022048.png,exists,,,695,64a61ef7eed766c0157103f0c6717df81d31a873f5e65f23c4131f9d4230e986,,2026-06-03T22:51:58+08:00,https://mxdzlk.com/item/?page_num=15
2022049,item,,item,mxdzlk_item,https://mxdzlk.com/item/2022049/,https://static.mapleartale.com/images/item/2022049.png,assets/items/raw/2022049.png,exists,,,797,7b987d33635f59e9bf46d97ce5aa73b35abcdacfc1a2e430b0058b7112e10a10,,2026-06-03T22:51:58+08:00,https://mxdzlk.com/item/?page_num=16
2022050,item,,item,mxdzlk_item,https://mxdzlk.com/item/2022050/,https://static.mapleartale.com/images/item/2022050.png,assets/items/raw/2022050.png,exists,,,749,57e373ccc181283d19dfa945e1672d98e85fb3da44dca442cb558d041d69d335,,2026-06-03T22:51:58+08:00,https://mxdzlk.com/item/?page_num=16
2022051,item,,item,mxdzlk_item,https://mxdzlk.com/item/2022051/,https://static.mapleartale.com/images/item/2022051.png,assets/items/raw/2022051.png,exists,,,723,db81a5e38e79e9331caa2f537556e4f098290851bf13ac3226886b685271da00,,2026-06-03T22:51:58+08:00,https://mxdzlk.com/item/?page_num=16
2022052,item,,item,mxdzlk_item,https://mxdzlk.com/item/2022052/,https://static.mapleartale.com/images/item/2022052.png,assets/items/raw/2022052.png,exists,,,504,0de4b0ec12ade10d1971512940c2c54c9e2e66df52a7db296ae8ca247ab1f396,,2026-06-03T22:51:58+08:00,https://mxdzlk.com/item/?page_num=16
2022053,item,,item,mxdzlk_item,https://mxdzlk.com/item/2022053/,https://static.mapleartale.com/images/item/2022053.png,assets/items/raw/2022053.png,downloaded,200,image/png,631,3e0bfdd83edc62d2917e4c4d348bbec12ffa09f524e3b559f59d7c39b926931c,,2026-06-03T22:52:00+08:00,https://mxdzlk.com/item/?page_num=16
2022054,item,,item,mxdzlk_item,https://mxdzlk.com/item/2022054/,https://static.mapleartale.com/images/item/2022054.png,assets/items/raw/2022054.png,downloaded,200,image/png,737,ac59789a64bc2775bd6a8c1150dac05d2d090ec636adb42065a19e87653849fb,,2026-06-03T22:52:07+08:00,https://mxdzlk.com/item/?page_num=16
2022055,item,,item,mxdzlk_item,https://mxdzlk.com/item/2022055/,https://static.mapleartale.com/images/item/2022055.png,assets/items/raw/2022055.png,downloaded,200,image/png,953,43d00e228497a1ee2344201dde9dbad1271c94749360932f2a5b412d6ab0526b,,2026-06-03T22:51:59+08:00,https://mxdzlk.com/item/?page_num=16
2022056,item,,item,mxdzlk_item,https://mxdzlk.com/item/2022056/,https://static.mapleartale.com/images/item/2022056.png,assets/items/raw/2022056.png,downloaded,200,image/png,750,54ad96fd22c06e0e7a561a6418901da7ddb261920a58a1571d78c55ea0105eb7,,2026-06-03T22:52:00+08:00,https://mxdzlk.com/item/?page_num=16
2022057,item,,item,mxdzlk_item,https://mxdzlk.com/item/2022057/,https://static.mapleartale.com/images/item/2022057.png,assets/items/raw/2022057.png,downloaded,200,image/png,667,aa41ac7b7a3a12284cd3522f19252d5a8987a31c85b98f4ff0fc9abcbbb18da3,,2026-06-03T22:52:01+08:00,https://mxdzlk.com/item/?page_num=16
2022058,item,,item,mxdzlk_item,https://mxdzlk.com/item/2022058/,https://static.mapleartale.com/images/item/2022058.png,assets/items/raw/2022058.png,downloaded,200,image/png,811,9058748e1239022ffcdfc95fc31c155cd05f8a7eabdc7e8f256043c13d38c145,,2026-06-03T22:52:01+08:00,https://mxdzlk.com/item/?page_num=16
2022059,item,,item,mxdzlk_item,https://mxdzlk.com/item/2022059/,https://static.mapleartale.com/images/item/2022059.png,,missing,404,,,,HTTPError: HTTP Error 404: Not Found,2026-06-03T22:52:04+08:00,https://mxdzlk.com/item/?page_num=17
2022060,item,,item,mxdzlk_item,https://mxdzlk.com/item/2022060/,https://static.mapleartale.com/images/item/2022060.png,assets/items/raw/2022060.png,downloaded,200,image/png,904,a94062791231b59f5ca714e11247b14ce0e455006f52c9273905dd461abfffab,,2026-06-03T22:52:02+08:00,https://mxdzlk.com/item/?page_num=17
2022061,item,,item,mxdzlk_item,https://mxdzlk.com/item/2022061/,https://static.mapleartale.com/images/item/2022061.png,assets/items/raw/2022061.png,downloaded,200,image/png,904,a94062791231b59f5ca714e11247b14ce0e455006f52c9273905dd461abfffab,,2026-06-03T22:52:02+08:00,https://mxdzlk.com/item/?page_num=17
2022062,item,,item,mxdzlk_item,https://mxdzlk.com/item/2022062/,https://static.mapleartale.com/images/item/2022062.png,assets/items/raw/2022062.png,downloaded,200,image/png,904,a94062791231b59f5ca714e11247b14ce0e455006f52c9273905dd461abfffab,,2026-06-03T22:52:02+08:00,https://mxdzlk.com/item/?page_num=17
2022063,item,,item,mxdzlk_item,https://mxdzlk.com/item/2022063/,https://static.mapleartale.com/images/item/2022063.png,assets/items/raw/2022063.png,downloaded,200,image/png,725,5b074056d0cc1436894fee0806afaf02bbd6e1936001117d37edd18aac3120dc,,2026-06-03T22:52:02+08:00,https://mxdzlk.com/item/?page_num=17
2022064,item,,item,mxdzlk_item,https://mxdzlk.com/item/2022064/,https://static.mapleartale.com/images/item/2022064.png,assets/items/raw/2022064.png,downloaded,200,image/png,695,00522a4915b0c7ecd46929e13bf0c856ba2eb252896c35ecaed19c42af89eda9,,2026-06-03T22:52:06+08:00,https://mxdzlk.com/item/?page_num=17
2022070,item,,item,mxdzlk_item,https://mxdzlk.com/item/2022070/,https://static.mapleartale.com/images/item/2022070.png,assets/items/raw/2022070.png,downloaded,200,image/png,508,4123183f63b4e915202d7e139b767f62b875e539b79b672d341a4e767d72190e,,2026-06-03T22:52:04+08:00,https://mxdzlk.com/item/?page_num=17
2022071,item,,item,mxdzlk_item,https://mxdzlk.com/item/2022071/,https://static.mapleartale.com/images/item/2022071.png,assets/items/raw/2022071.png,downloaded,200,image/png,782,5f2a5cbe36d52a9c88944261dda271f2ee1309c8c3cbcad576bc9306794423df,,2026-06-03T22:52:05+08:00,https://mxdzlk.com/item/?page_num=17
2022072,item,,item,mxdzlk_item,https://mxdzlk.com/item/2022072/,https://static.mapleartale.com/images/item/2022072.png,assets/items/raw/2022072.png,downloaded,200,image/png,583,368d76e25f0b9e1cdf3b77ac274d5fdb1c48f8f9d41bc5e603b8a480044cad76,,2026-06-03T22:52:05+08:00,https://mxdzlk.com/item/?page_num=17
2022073,item,,item,mxdzlk_item,https://mxdzlk.com/item/2022073/,https://static.mapleartale.com/images/item/2022073.png,assets/items/raw/2022073.png,downloaded,200,image/png,645,8b0660f4795c028b4492039328ed7d26d82345433796e901cc7fe013b870408c,,2026-06-03T22:52:07+08:00,https://mxdzlk.com/item/?page_num=17
2022074,item,,item,mxdzlk_item,https://mxdzlk.com/item/2022074/,https://static.mapleartale.com/images/item/2022074.png,assets/items/raw/2022074.png,downloaded,200,image/png,656,3783a19342340c5064e4e10f6dba40b28f06b86c286aff5caf4d7e0dd5814000,,2026-06-03T22:52:05+08:00,https://mxdzlk.com/item/?page_num=18
2022075,item,,item,mxdzlk_item,https://mxdzlk.com/item/2022075/,https://static.mapleartale.com/images/item/2022075.png,assets/items/raw/2022075.png,downloaded,200,image/png,825,c9c4e8398dc602348e6729590f92526c31eab211e91ba8e4d386ab68815cf095,,2026-06-03T22:52:06+08:00,https://mxdzlk.com/item/?page_num=18
2022076,item,,item,mxdzlk_item,https://mxdzlk.com/item/2022076/,https://static.mapleartale.com/images/item/2022076.png,assets/items/raw/2022076.png,downloaded,200,image/png,600,54402a318cb981d1fd5022e945e92ef96a8d748366fd0092e96e832eb96619c1,,2026-06-03T22:52:06+08:00,https://mxdzlk.com/item/?page_num=18
2022077,item,,item,mxdzlk_item,https://mxdzlk.com/item/2022077/,https://static.mapleartale.com/images/item/2022077.png,assets/items/raw/2022077.png,downloaded,200,image/png,600,8b5a92747fe561b3297024ffd834a3d635751ffa356e19336753690349c54b92,,2026-06-03T22:52:07+08:00,https://mxdzlk.com/item/?page_num=18
2022078,item,,item,mxdzlk_item,https://mxdzlk.com/item/2022078/,https://static.mapleartale.com/images/item/2022078.png,assets/items/raw/2022078.png,downloaded,200,image/png,575,3ffeec34b1ce5d966503b18c2d9c853b82ed642fad3967e471b5cf080ebd3261,,2026-06-03T22:52:06+08:00,https://mxdzlk.com/item/?page_num=18
2022086,item,,item,mxdzlk_item,https://mxdzlk.com/item/2022086/,https://static.mapleartale.com/images/item/2022086.png,assets/items/raw/2022086.png,downloaded,200,image/png,603,2aebae6e819ce13166b9848034cef125cb053943edc8565615ddf81b1e9aef29,,2026-06-03T22:52:07+08:00,https://mxdzlk.com/item/?page_num=18
2022087,item,,item,mxdzlk_item,https://mxdzlk.com/item/2022087/,https://static.mapleartale.com/images/item/2022087.png,assets/items/raw/2022087.png,downloaded,200,image/png,607,1aae23bc6c892bdaf36d850f471921e7f2698f60d2e027131fed7e360a431cda,,2026-06-03T22:52:07+08:00,https://mxdzlk.com/item/?page_num=18
2022088,item,,item,mxdzlk_item,https://mxdzlk.com/item/2022088/,https://static.mapleartale.com/images/item/2022088.png,assets/items/raw/2022088.png,downloaded,200,image/png,592,a125d904da38a37234af6d5343176574c5bef122bab189d52037480e4edffcec,,2026-06-03T22:52:07+08:00,https://mxdzlk.com/item/?page_num=18
2022089,item,,item,mxdzlk_item,https://mxdzlk.com/item/2022089/,https://static.mapleartale.com/images/item/2022089.png,assets/items/raw/2022089.png,downloaded,200,image/png,521,d32d96eb301707894d3aa33b181d8ba15d8d3d6030fe2b5514b41c76afe4d6b7,,2026-06-03T22:52:07+08:00,https://mxdzlk.com/item/?page_num=18
2022090,item,,item,mxdzlk_item,https://mxdzlk.com/item/2022090/,https://static.mapleartale.com/images/item/2022090.png,assets/items/raw/2022090.png,downloaded,200,image/png,938,38eb6076e8eae37b76a8d8dd706346d4f04ed1798ddfc5984e9302f87e7c8a97,,2026-06-03T22:52:07+08:00,https://mxdzlk.com/item/?page_num=18
2022091,item,,item,mxdzlk_item,https://mxdzlk.com/item/2022091/,https://static.mapleartale.com/images/item/2022091.png,assets/items/raw/2022091.png,downloaded,200,image/png,938,38eb6076e8eae37b76a8d8dd706346d4f04ed1798ddfc5984e9302f87e7c8a97,,2026-06-03T22:52:08+08:00,https://mxdzlk.com/item/?page_num=19
2022092,item,,item,mxdzlk_item,https://mxdzlk.com/item/2022092/,https://static.mapleartale.com/images/item/2022092.png,assets/items/raw/2022092.png,downloaded,200,image/png,938,38eb6076e8eae37b76a8d8dd706346d4f04ed1798ddfc5984e9302f87e7c8a97,,2026-06-03T22:52:09+08:00,https://mxdzlk.com/item/?page_num=19
2022093,item,,item,mxdzlk_item,https://mxdzlk.com/item/2022093/,https://static.mapleartale.com/images/item/2022093.png,assets/items/raw/2022093.png,downloaded,200,image/png,938,38eb6076e8eae37b76a8d8dd706346d4f04ed1798ddfc5984e9302f87e7c8a97,,2026-06-03T22:52:08+08:00,https://mxdzlk.com/item/?page_num=19
2022094,item,,item,mxdzlk_item,https://mxdzlk.com/item/2022094/,https://static.mapleartale.com/images/item/2022094.png,assets/items/raw/2022094.png,downloaded,200,image/png,572,4af4e9edf2a11572eb98a69bc65a42cc388f4d99bc1d3bf8d9af84e8ce0de0fb,,2026-06-03T22:52:08+08:00,https://mxdzlk.com/item/?page_num=19
2022096,item,,item,mxdzlk_item,https://mxdzlk.com/item/2022096/,https://static.mapleartale.com/images/item/2022096.png,assets/items/raw/2022096.png,downloaded,200,image/png,697,3d1376f1eba635b6920a1a640ebae6dc5d3c7af3b7f73ea0addd4662c881f16a,,2026-06-03T22:52:08+08:00,https://mxdzlk.com/item/?page_num=19
2022097,item,,item,mxdzlk_item,https://mxdzlk.com/item/2022097/,https://static.mapleartale.com/images/item/2022097.png,assets/items/raw/2022097.png,downloaded,200,image/png,1174,38fd111976939afd4bd08c1a1823be21f80814a34f87c19cb92876f9068b44a5,,2026-06-03T22:52:08+08:00,https://mxdzlk.com/item/?page_num=19
2022098,item,,item,mxdzlk_item,https://mxdzlk.com/item/2022098/,https://static.mapleartale.com/images/item/2022098.png,assets/items/raw/2022098.png,downloaded,200,image/png,890,615140b5b04ace915dc37150b26654bc193f2f14aae76f8518a70efbcd8c6ded,,2026-06-03T22:52:08+08:00,https://mxdzlk.com/item/?page_num=19
2022100,item,,item,mxdzlk_item,https://mxdzlk.com/item/2022100/,https://static.mapleartale.com/images/item/2022100.png,assets/items/raw/2022100.png,downloaded,200,image/png,906,5664cd980538c8435505333586f8b62a7e5cd3a8dee40a76afb22a1958745e1a,,2026-06-03T22:52:09+08:00,https://mxdzlk.com/item/?page_num=19
2022101,item,,item,mxdzlk_item,https://mxdzlk.com/item/2022101/,https://static.mapleartale.com/images/item/2022101.png,assets/items/raw/2022101.png,downloaded,200,image/png,1064,6ae969e34a7ab98eb7fc4d40a185185ab77d4ca45d7e9d5525fa7b402ea99d21,,2026-06-03T22:52:09+08:00,https://mxdzlk.com/item/?page_num=19
2022102,item,,item,mxdzlk_item,https://mxdzlk.com/item/2022102/,https://static.mapleartale.com/images/item/2022102.png,assets/items/raw/2022102.png,downloaded,200,image/png,745,06a05dc429833c1ac0c31e4e7ec30726e0e91a16d328320d9d4bd8a9c1c670e9,,2026-06-03T22:52:10+08:00,https://mxdzlk.com/item/?page_num=19
2022103,item,,item,mxdzlk_item,https://mxdzlk.com/item/2022103/,https://static.mapleartale.com/images/item/2022103.png,assets/items/raw/2022103.png,downloaded,200,image/png,1064,046602b5c8dfcf739421cbdb1259b147b8fd61e29d03274fd3617353f1b341f0,,2026-06-03T22:52:09+08:00,https://mxdzlk.com/item/?page_num=20
2022108,item,,item,mxdzlk_item,https://mxdzlk.com/item/2022108/,https://static.mapleartale.com/images/item/2022108.png,assets/items/raw/2022108.png,downloaded,200,image/png,812,f98c6cff4390f2658e545e4a0e68bfc3e2e471980ad72ee6b7adeb2a713e0e97,,2026-06-03T22:52:11+08:00,https://mxdzlk.com/item/?page_num=20
2022109,item,,item,mxdzlk_item,https://mxdzlk.com/item/2022109/,https://static.mapleartale.com/images/item/2022109.png,assets/items/raw/2022109.png,downloaded,200,image/png,949,15c57f36d4a1111061f45a64b84edf956e9b9c7f166bf63524bcc11992ac0aa0,,2026-06-03T22:52:11+08:00,https://mxdzlk.com/item/?page_num=20
2022112,item,,item,mxdzlk_item,https://mxdzlk.com/item/2022112/,https://static.mapleartale.com/images/item/2022112.png,assets/items/raw/2022112.png,downloaded,200,image/png,867,d8ed98c672ec45025a875d143beae29b3b5c475bf446f556435bc44f5efd22e9,,2026-06-03T22:52:11+08:00,https://mxdzlk.com/item/?page_num=20
2022113,item,,item,mxdzlk_item,https://mxdzlk.com/item/2022113/,https://static.mapleartale.com/images/item/2022113.png,,missing,404,,,,HTTPError: HTTP Error 404: Not Found,2026-06-03T22:52:10+08:00,https://mxdzlk.com/item/?page_num=20
2022116,item,,item,mxdzlk_item,https://mxdzlk.com/item/2022116/,https://static.mapleartale.com/images/item/2022116.png,assets/items/raw/2022116.png,downloaded,200,image/png,549,8ef549acd8b761814d6920e40289059bc55da7340f7e26c2edde647c558dcd76,,2026-06-03T22:52:11+08:00,https://mxdzlk.com/item/?page_num=20
2022117,item,,item,mxdzlk_item,https://mxdzlk.com/item/2022117/,https://static.mapleartale.com/images/item/2022117.png,assets/items/raw/2022117.png,downloaded,200,image/png,508,4123183f63b4e915202d7e139b767f62b875e539b79b672d341a4e767d72190e,,2026-06-03T22:52:11+08:00,https://mxdzlk.com/item/?page_num=20
2022118,item,,item,mxdzlk_item,https://mxdzlk.com/item/2022118/,https://static.mapleartale.com/images/item/2022118.png,assets/items/raw/2022118.png,downloaded,200,image/png,508,4123183f63b4e915202d7e139b767f62b875e539b79b672d341a4e767d72190e,,2026-06-03T22:52:11+08:00,https://mxdzlk.com/item/?page_num=20
2022119,item,,item,mxdzlk_item,https://mxdzlk.com/item/2022119/,https://static.mapleartale.com/images/item/2022119.png,assets/items/raw/2022119.png,downloaded,200,image/png,711,538ad96e7bb1993a21344bcc10d39a7b7962c7cb388e852c7a48b9a4596de4fc,,2026-06-03T22:52:11+08:00,https://mxdzlk.com/item/?page_num=20
2022124,item,,item,mxdzlk_item,https://mxdzlk.com/item/2022124/,https://static.mapleartale.com/images/item/2022124.png,assets/items/raw/2022124.png,downloaded,200,image/png,1165,622ec3615daf422f7096f3a03a79f1e6ebb69b683e7474542b6bfc1e481db5f9,,2026-06-03T22:52:11+08:00,https://mxdzlk.com/item/?page_num=20
2022125,item,,item,mxdzlk_item,https://mxdzlk.com/item/2022125/,https://static.mapleartale.com/images/item/2022125.png,assets/items/raw/2022125.png,downloaded,200,image/png,778,99a2f5976d700b5afdbf7e83ff3c5d3e748dd135d066ac14505769e5c3d2908c,,2026-06-03T22:52:13+08:00,https://mxdzlk.com/item/?page_num=21
2022126,item,,item,mxdzlk_item,https://mxdzlk.com/item/2022126/,https://static.mapleartale.com/images/item/2022126.png,assets/items/raw/2022126.png,downloaded,200,image/png,778,99a2f5976d700b5afdbf7e83ff3c5d3e748dd135d066ac14505769e5c3d2908c,,2026-06-03T22:52:12+08:00,https://mxdzlk.com/item/?page_num=21
2022127,item,,item,mxdzlk_item,https://mxdzlk.com/item/2022127/,https://static.mapleartale.com/images/item/2022127.png,assets/items/raw/2022127.png,downloaded,200,image/png,778,99a2f5976d700b5afdbf7e83ff3c5d3e748dd135d066ac14505769e5c3d2908c,,2026-06-03T22:52:12+08:00,https://mxdzlk.com/item/?page_num=21
2022128,item,,item,mxdzlk_item,https://mxdzlk.com/item/2022128/,https://static.mapleartale.com/images/item/2022128.png,assets/items/raw/2022128.png,downloaded,200,image/png,778,99a2f5976d700b5afdbf7e83ff3c5d3e748dd135d066ac14505769e5c3d2908c,,2026-06-03T22:52:12+08:00,https://mxdzlk.com/item/?page_num=21
2022129,item,,item,mxdzlk_item,https://mxdzlk.com/item/2022129/,https://static.mapleartale.com/images/item/2022129.png,assets/items/raw/2022129.png,downloaded,200,image/png,778,99a2f5976d700b5afdbf7e83ff3c5d3e748dd135d066ac14505769e5c3d2908c,,2026-06-03T22:52:12+08:00,https://mxdzlk.com/item/?page_num=21
2022131,item,,item,mxdzlk_item,https://mxdzlk.com/item/2022131/,https://static.mapleartale.com/images/item/2022131.png,assets/items/raw/2022131.png,downloaded,200,image/png,918,14e733e07ccc3ed4c21b684f3c132adf0d6012918b6f69cb726c7e21071d6e1f,,2026-06-03T22:52:13+08:00,https://mxdzlk.com/item/?page_num=21
2022132,item,,item,mxdzlk_item,https://mxdzlk.com/item/2022132/,https://static.mapleartale.com/images/item/2022132.png,assets/items/raw/2022132.png,downloaded,200,image/png,939,82e52c390f7f8efcd242fa2a5149a50bd64e7e811c19cfee96e893f70d912aab,,2026-06-03T22:52:13+08:00,https://mxdzlk.com/item/?page_num=21
2022137,item,,item,mxdzlk_item,https://mxdzlk.com/item/2022137/,https://static.mapleartale.com/images/item/2022137.png,assets/items/raw/2022137.png,downloaded,200,image/png,777,cc134fff8061dcdeafa0e687c213e7fea589b3197d920069b119101e56cdaa1b,,2026-06-03T22:52:12+08:00,https://mxdzlk.com/item/?page_num=21
2022138,item,,item,mxdzlk_item,https://mxdzlk.com/item/2022138/,https://static.mapleartale.com/images/item/2022138.png,assets/items/raw/2022138.png,downloaded,200,image/png,714,41f2265ef63a6a43f95bae0e5fb814a774061ffe01a1902a7197da5a550f2bb9,,2026-06-03T22:52:13+08:00,https://mxdzlk.com/item/?page_num=21
2022139,item,,item,mxdzlk_item,https://mxdzlk.com/item/2022139/,https://static.mapleartale.com/images/item/2022139.png,assets/items/raw/2022139.png,downloaded,200,image/png,845,15f6a6e1bc0f2637e06084f1a86e546c545972416dd75d7de5b348884d052ac0,,2026-06-03T22:52:13+08:00,https://mxdzlk.com/item/?page_num=21
2022140,item,,item,mxdzlk_item,https://mxdzlk.com/item/2022140/,https://static.mapleartale.com/images/item/2022140.png,assets/items/raw/2022140.png,downloaded,200,image/png,787,e1d4ced7cea1d02e7a60a1c58f667a2e2e0caa694f9c822aaf207802ceac5bda,,2026-06-03T22:52:15+08:00,https://mxdzlk.com/item/?page_num=22
2022141,item,,item,mxdzlk_item,https://mxdzlk.com/item/2022141/,https://static.mapleartale.com/images/item/2022141.png,assets/items/raw/2022141.png,downloaded,200,image/png,885,42b1f67751277d37d8dcaa59d716eb5d9240219429f223ea6e3d5483e44cf9f8,,2026-06-03T22:52:13+08:00,https://mxdzlk.com/item/?page_num=22
2022142,item,,item,mxdzlk_item,https://mxdzlk.com/item/2022142/,https://static.mapleartale.com/images/item/2022142.png,assets/items/raw/2022142.png,downloaded,200,image/png,846,f647d82b1d49c1a0c800b962a2fb3d9bb20ac6e38cda0b916f9b95dc13499a23,,2026-06-03T22:52:15+08:00,https://mxdzlk.com/item/?page_num=22
2022143,item,,item,mxdzlk_item,https://mxdzlk.com/item/2022143/,https://static.mapleartale.com/images/item/2022143.png,assets/items/raw/2022143.png,downloaded,200,image/png,872,98e80a7df5cb08c9e825cb6b7c943cba550d44fadb061d11fc7cca03aa836d78,,2026-06-03T22:52:14+08:00,https://mxdzlk.com/item/?page_num=22
2022144,item,,item,mxdzlk_item,https://mxdzlk.com/item/2022144/,https://static.mapleartale.com/images/item/2022144.png,assets/items/raw/2022144.png,downloaded,200,image/png,786,726d4f35d743c09478b5bd82ffed19eadf36a75a3ecfa2bfe7d6728dd447f95b,,2026-06-03T22:52:14+08:00,https://mxdzlk.com/item/?page_num=22
2022145,item,,item,mxdzlk_item,https://mxdzlk.com/item/2022145/,https://static.mapleartale.com/images/item/2022145.png,assets/items/raw/2022145.png,downloaded,200,image/png,912,ff5a5e7aef4fcb3e40d4f11e766667f034a80a10c3cc74465ace1eb2729f0c2f,,2026-06-03T22:52:15+08:00,https://mxdzlk.com/item/?page_num=22
2022146,item,,item,mxdzlk_item,https://mxdzlk.com/item/2022146/,https://static.mapleartale.com/images/item/2022146.png,assets/items/raw/2022146.png,downloaded,200,image/png,853,e37060d87de1f4b7f68317e6054e9b498700f9367d3363f2b4e0d8e2ed12d047,,2026-06-03T22:52:16+08:00,https://mxdzlk.com/item/?page_num=22
2022147,item,,item,mxdzlk_item,https://mxdzlk.com/item/2022147/,https://static.mapleartale.com/images/item/2022147.png,assets/items/raw/2022147.png,downloaded,200,image/png,615,c6f0702c66200ace65af35cdeb9dd7aa85a5f08fe698d37e61f22b133321da9f,,2026-06-03T22:52:14+08:00,https://mxdzlk.com/item/?page_num=22
2022148,item,,item,mxdzlk_item,https://mxdzlk.com/item/2022148/,https://static.mapleartale.com/images/item/2022148.png,assets/items/raw/2022148.png,downloaded,200,image/png,638,8597098d6f4ff6064bef6a47c43336e32431957f894e0f9b839f7cd90a758fb2,,2026-06-03T22:52:16+08:00,https://mxdzlk.com/item/?page_num=22
2022149,item,,item,mxdzlk_item,https://mxdzlk.com/item/2022149/,https://static.mapleartale.com/images/item/2022149.png,assets/items/raw/2022149.png,downloaded,200,image/png,579,97e1b50668b0afc5c0795e82e41e48c7b27b488a6cc808bbd4f50739a13abfb9,,2026-06-03T22:52:17+08:00,https://mxdzlk.com/item/?page_num=22
2022150,item,,item,mxdzlk_item,https://mxdzlk.com/item/2022150/,https://static.mapleartale.com/images/item/2022150.png,assets/items/raw/2022150.png,downloaded,200,image/png,761,cf198865ca10183ad601e81775660d2c53e425297590fa8559c26c40f4a6f717,,2026-06-03T22:52:15+08:00,https://mxdzlk.com/item/?page_num=23
2022151,item,,item,mxdzlk_item,https://mxdzlk.com/item/2022151/,https://static.mapleartale.com/images/item/2022151.png,assets/items/raw/2022151.png,downloaded,200,image/png,1165,622ec3615daf422f7096f3a03a79f1e6ebb69b683e7474542b6bfc1e481db5f9,,2026-06-03T22:52:17+08:00,https://mxdzlk.com/item/?page_num=23
2022152,item,,item,mxdzlk_item,https://mxdzlk.com/item/2022152/,https://static.mapleartale.com/images/item/2022152.png,assets/items/raw/2022152.png,downloaded,200,image/png,1165,622ec3615daf422f7096f3a03a79f1e6ebb69b683e7474542b6bfc1e481db5f9,,2026-06-03T22:52:18+08:00,https://mxdzlk.com/item/?page_num=23
2022153,item,,item,mxdzlk_item,https://mxdzlk.com/item/2022153/,https://static.mapleartale.com/images/item/2022153.png,assets/items/raw/2022153.png,downloaded,200,image/png,951,adf284adde2a518a6170293ee2a0717e8311c0d125308c2b1242280429c9dd0d,,2026-06-03T22:52:16+08:00,https://mxdzlk.com/item/?page_num=23
2022154,item,,item,mxdzlk_item,https://mxdzlk.com/item/2022154/,https://static.mapleartale.com/images/item/2022154.png,assets/items/raw/2022154.png,downloaded,200,image/png,1030,daf340a9180223a35ffd566616bb6d61727fa3f2c47ab7f6473b161e05dc7119,,2026-06-03T22:52:17+08:00,https://mxdzlk.com/item/?page_num=23
2022155,item,,item,mxdzlk_item,https://mxdzlk.com/item/2022155/,https://static.mapleartale.com/images/item/2022155.png,assets/items/raw/2022155.png,downloaded,200,image/png,614,ec0921530eefe27f4ca11016d805e162c5ea5a6f7b9e75b4733aa826c091e41a,,2026-06-03T22:52:16+08:00,https://mxdzlk.com/item/?page_num=23
2022156,item,,item,mxdzlk_item,https://mxdzlk.com/item/2022156/,https://static.mapleartale.com/images/item/2022156.png,assets/items/raw/2022156.png,downloaded,200,image/png,624,b23a7e90a4654d4cbf8608dff2c048fe9b19625d282fa24e3414406f855369d0,,2026-06-03T22:52:18+08:00,https://mxdzlk.com/item/?page_num=23
2022157,item,,item,mxdzlk_item,https://mxdzlk.com/item/2022157/,https://static.mapleartale.com/images/item/2022157.png,assets/items/raw/2022157.png,downloaded,200,image/png,120,780da47797c9b17f77ff5ea6a78bc339cb131bb132f0eae39178eabbd5ab1fea,,2026-06-03T22:52:18+08:00,https://mxdzlk.com/item/?page_num=23
2022158,item,,item,mxdzlk_item,https://mxdzlk.com/item/2022158/,https://static.mapleartale.com/images/item/2022158.png,assets/items/raw/2022158.png,downloaded,200,image/png,120,780da47797c9b17f77ff5ea6a78bc339cb131bb132f0eae39178eabbd5ab1fea,,2026-06-03T22:52:18+08:00,https://mxdzlk.com/item/?page_num=23
2022159,item,,item,mxdzlk_item,https://mxdzlk.com/item/2022159/,https://static.mapleartale.com/images/item/2022159.png,assets/items/raw/2022159.png,downloaded,200,image/png,120,780da47797c9b17f77ff5ea6a78bc339cb131bb132f0eae39178eabbd5ab1fea,,2026-06-03T22:52:20+08:00,https://mxdzlk.com/item/?page_num=23
2022160,item,,item,mxdzlk_item,https://mxdzlk.com/item/2022160/,https://static.mapleartale.com/images/item/2022160.png,assets/items/raw/2022160.png,downloaded,200,image/png,120,780da47797c9b17f77ff5ea6a78bc339cb131bb132f0eae39178eabbd5ab1fea,,2026-06-03T22:52:18+08:00,https://mxdzlk.com/item/?page_num=24
2022161,item,,item,mxdzlk_item,https://mxdzlk.com/item/2022161/,https://static.mapleartale.com/images/item/2022161.png,assets/items/raw/2022161.png,downloaded,200,image/png,120,780da47797c9b17f77ff5ea6a78bc339cb131bb132f0eae39178eabbd5ab1fea,,2026-06-03T22:52:19+08:00,https://mxdzlk.com/item/?page_num=24
2022162,item,,item,mxdzlk_item,https://mxdzlk.com/item/2022162/,https://static.mapleartale.com/images/item/2022162.png,assets/items/raw/2022162.png,downloaded,200,image/png,120,780da47797c9b17f77ff5ea6a78bc339cb131bb132f0eae39178eabbd5ab1fea,,2026-06-03T22:52:18+08:00,https://mxdzlk.com/item/?page_num=24
2022163,item,,item,mxdzlk_item,https://mxdzlk.com/item/2022163/,https://static.mapleartale.com/images/item/2022163.png,assets/items/raw/2022163.png,downloaded,200,image/png,120,780da47797c9b17f77ff5ea6a78bc339cb131bb132f0eae39178eabbd5ab1fea,,2026-06-03T22:52:19+08:00,https://mxdzlk.com/item/?page_num=24
2022164,item,,item,mxdzlk_item,https://mxdzlk.com/item/2022164/,https://static.mapleartale.com/images/item/2022164.png,assets/items/raw/2022164.png,downloaded,200,image/png,120,780da47797c9b17f77ff5ea6a78bc339cb131bb132f0eae39178eabbd5ab1fea,,2026-06-03T22:52:19+08:00,https://mxdzlk.com/item/?page_num=24
2022165,item,,item,mxdzlk_item,https://mxdzlk.com/item/2022165/,https://static.mapleartale.com/images/item/2022165.png,assets/items/raw/2022165.png,downloaded,200,image/png,120,780da47797c9b17f77ff5ea6a78bc339cb131bb132f0eae39178eabbd5ab1fea,,2026-06-03T22:52:19+08:00,https://mxdzlk.com/item/?page_num=24
2022166,item,,item,mxdzlk_item,https://mxdzlk.com/item/2022166/,https://static.mapleartale.com/images/item/2022166.png,assets/items/raw/2022166.png,downloaded,200,image/png,120,780da47797c9b17f77ff5ea6a78bc339cb131bb132f0eae39178eabbd5ab1fea,,2026-06-03T22:52:19+08:00,https://mxdzlk.com/item/?page_num=24
2022170,item,,item,mxdzlk_item,https://mxdzlk.com/item/2022170/,https://static.mapleartale.com/images/item/2022170.png,assets/items/raw/2022170.png,downloaded,200,image/png,892,2b572df6ab78ce52e19e3244615abee8ffb5e8e11913b6aae48073ad6796da72,,2026-06-03T22:52:19+08:00,https://mxdzlk.com/item/?page_num=24
2022171,item,,item,mxdzlk_item,https://mxdzlk.com/item/2022171/,https://static.mapleartale.com/images/item/2022171.png,assets/items/raw/2022171.png,downloaded,200,image/png,875,752bec9e2281892cc82c8b9fbea055cbd812d4216033dc6c9634c687754d3235,,2026-06-03T22:52:19+08:00,https://mxdzlk.com/item/?page_num=24
2022172,item,,item,mxdzlk_item,https://mxdzlk.com/item/2022172/,https://static.mapleartale.com/images/item/2022172.png,,missing,404,,,,HTTPError: HTTP Error 404: Not Found,2026-06-03T22:52:22+08:00,https://mxdzlk.com/item/?page_num=24
2022173,item,,item,mxdzlk_item,https://mxdzlk.com/item/2022173/,https://static.mapleartale.com/images/item/2022173.png,,missing,404,,,,HTTPError: HTTP Error 404: Not Found,2026-06-03T22:52:23+08:00,https://mxdzlk.com/item/?page_num=25
2022174,item,,item,mxdzlk_item,https://mxdzlk.com/item/2022174/,https://static.mapleartale.com/images/item/2022174.png,assets/items/raw/2022174.png,downloaded,200,image/png,491,6023874054d0734fbd953c09937724431759f587ad6b5a48aa1df639a0589a98,,2026-06-03T22:52:20+08:00,https://mxdzlk.com/item/?page_num=25
2022175,item,,item,mxdzlk_item,https://mxdzlk.com/item/2022175/,https://static.mapleartale.com/images/item/2022175.png,assets/items/raw/2022175.png,downloaded,200,image/png,713,f63304a369e880db363d1e519ef3c8884fc214acdddf777cdd1df1e26ef16c7c,,2026-06-03T22:52:21+08:00,https://mxdzlk.com/item/?page_num=25
2022176,item,,item,mxdzlk_item,https://mxdzlk.com/item/2022176/,https://static.mapleartale.com/images/item/2022176.png,assets/items/raw/2022176.png,downloaded,200,image/png,681,feb7a0b9ae8cdf8b653159b0397b27d2af814932887da9c372061588fcc0184a,,2026-06-03T22:52:21+08:00,https://mxdzlk.com/item/?page_num=25
2022177,item,,item,mxdzlk_item,https://mxdzlk.com/item/2022177/,https://static.mapleartale.com/images/item/2022177.png,assets/items/raw/2022177.png,downloaded,200,image/png,691,073184767a1bd09d6864a108a7941ad99724c62a83f8a947e08d13edec8c5d0e,,2026-06-03T22:52:22+08:00,https://mxdzlk.com/item/?page_num=25
2022178,item,,item,mxdzlk_item,https://mxdzlk.com/item/2022178/,https://static.mapleartale.com/images/item/2022178.png,assets/items/raw/2022178.png,downloaded,200,image/png,649,1cf9111d1298524fbf990d9d5038fe545502c314bc1bd3b251d8e46cb275b2e2,,2026-06-03T22:52:21+08:00,https://mxdzlk.com/item/?page_num=25
2022182,item,,item,mxdzlk_item,https://mxdzlk.com/item/2022182/,https://static.mapleartale.com/images/item/2022182.png,assets/items/raw/2022182.png,downloaded,200,image/png,655,42e3f2d6d8fab7b8131e94daa4249a8fcd37b3d9fd30a85826ae5970a5418266,,2026-06-03T22:52:21+08:00,https://mxdzlk.com/item/?page_num=25
2022183,item,,item,mxdzlk_item,https://mxdzlk.com/item/2022183/,https://static.mapleartale.com/images/item/2022183.png,assets/items/raw/2022183.png,downloaded,200,image/png,463,52a1484b6651bd4a00ec232221fc6b80fddc315727807d0040bb4ab1c537ab55,,2026-06-03T22:52:21+08:00,https://mxdzlk.com/item/?page_num=25
2022185,item,,item,mxdzlk_item,https://mxdzlk.com/item/2022185/,https://static.mapleartale.com/images/item/2022185.png,assets/items/raw/2022185.png,downloaded,200,image/png,654,10593669042c352486f927945dfaaee539ded64aff138feecf77640b9848437c,,2026-06-03T22:52:22+08:00,https://mxdzlk.com/item/?page_num=25
2022186,item,,item,mxdzlk_item,https://mxdzlk.com/item/2022186/,https://static.mapleartale.com/images/item/2022186.png,assets/items/raw/2022186.png,downloaded,200,image/png,609,e01bf07d9ee80852e065bf9c7808529e710f01957dc1862aaeb1a3d2ed1e4e7a,,2026-06-03T22:52:22+08:00,https://mxdzlk.com/item/?page_num=25
2022187,item,,item,mxdzlk_item,https://mxdzlk.com/item/2022187/,https://static.mapleartale.com/images/item/2022187.png,assets/items/raw/2022187.png,downloaded,200,image/png,1165,622ec3615daf422f7096f3a03a79f1e6ebb69b683e7474542b6bfc1e481db5f9,,2026-06-03T22:52:23+08:00,https://mxdzlk.com/item/?page_num=26
2022189,item,,item,mxdzlk_item,https://mxdzlk.com/item/2022189/,https://static.mapleartale.com/images/item/2022189.png,assets/items/raw/2022189.png,downloaded,200,image/png,441,b92602c0b96636f147a605529425f93ed31d4cd356890dcd56a7a5cf61caccc0,,2026-06-03T22:52:22+08:00,https://mxdzlk.com/item/?page_num=26
2022190,item,,item,mxdzlk_item,https://mxdzlk.com/item/2022190/,https://static.mapleartale.com/images/item/2022190.png,assets/items/raw/2022190.png,downloaded,200,image/png,739,f99bfd817c4585cb1cbc822d593d78f45fa3dd5949ea22098322929795ea0286,,2026-06-03T22:52:23+08:00,https://mxdzlk.com/item/?page_num=26
2022194,item,,item,mxdzlk_item,https://mxdzlk.com/item/2022194/,https://static.mapleartale.com/images/item/2022194.png,assets/items/raw/2022194.png,downloaded,200,image/png,991,20c2f25e8e5af0d101eefa1f95f56d1687fdf577433b6890df03042f56ca8813,,2026-06-03T22:52:24+08:00,https://mxdzlk.com/item/?page_num=26
2022195,item,,item,mxdzlk_item,https://mxdzlk.com/item/2022195/,https://static.mapleartale.com/images/item/2022195.png,assets/items/raw/2022195.png,downloaded,200,image/png,584,bc182f3d95fb640ab3c9025cfefdcfebc24bea4b7fb151df2064f87e59f7825f,,2026-06-03T22:52:24+08:00,https://mxdzlk.com/item/?page_num=26
2022198,item,,item,mxdzlk_item,https://mxdzlk.com/item/2022198/,https://static.mapleartale.com/images/item/2022198.png,assets/items/raw/2022198.png,downloaded,200,image/png,619,ef9d009dae3d964e106012bc58c9ed04ec012a9c0f2573e089fcb622c4cd622b,,2026-06-03T22:52:23+08:00,https://mxdzlk.com/item/?page_num=26
2022199,item,,item,mxdzlk_item,https://mxdzlk.com/item/2022199/,https://static.mapleartale.com/images/item/2022199.png,assets/items/raw/2022199.png,downloaded,200,image/png,535,63553ea29dbfdd971fdd2f117118dd7f2f2f011f5bade8681a804249731a4317,,2026-06-03T22:52:23+08:00,https://mxdzlk.com/item/?page_num=26
2022203,item,,item,mxdzlk_item,https://mxdzlk.com/item/2022203/,https://static.mapleartale.com/images/item/2022203.png,assets/items/raw/2022203.png,downloaded,200,image/png,875,4e7dbf9fb3000e08945ef4840652e60bb0f3d0603de5620c0f2efe9e30575172,,2026-06-03T22:52:23+08:00,https://mxdzlk.com/item/?page_num=26
2022204,item,,item,mxdzlk_item,https://mxdzlk.com/item/2022204/,https://static.mapleartale.com/images/item/2022204.png,assets/items/raw/2022204.png,downloaded,200,image/png,950,9602ac6ec72cc13653717a795a8045bd6139a4d244569dec1adc5164dfc0e340,,2026-06-03T22:52:24+08:00,https://mxdzlk.com/item/?page_num=26
2022205,item,,item,mxdzlk_item,https://mxdzlk.com/item/2022205/,https://static.mapleartale.com/images/item/2022205.png,assets/items/raw/2022205.png,downloaded,200,image/png,934,a84f01f002300cc51d564d5696065fe51334d1d53a9ae92c9a3c742a1cbeecb7,,2026-06-03T22:52:24+08:00,https://mxdzlk.com/item/?page_num=26
2022206,item,,item,mxdzlk_item,https://mxdzlk.com/item/2022206/,https://static.mapleartale.com/images/item/2022206.png,assets/items/raw/2022206.png,downloaded,200,image/png,916,c22ddeb983b67b89a8a1118dffcc06980dcee7c07cd6147bcb8878d58af6ab4d,,2026-06-03T22:52:26+08:00,https://mxdzlk.com/item/?page_num=27
2022207,item,,item,mxdzlk_item,https://mxdzlk.com/item/2022207/,https://static.mapleartale.com/images/item/2022207.png,assets/items/raw/2022207.png,downloaded,200,image/png,1037,0d395e4d5e1bfe3e8a31d8ad711ed01db0d34d5d6b93c79b80701180b8e0a76b,,2026-06-03T22:52:24+08:00,https://mxdzlk.com/item/?page_num=27
2022208,item,,item,mxdzlk_item,https://mxdzlk.com/item/2022208/,https://static.mapleartale.com/images/item/2022208.png,assets/items/raw/2022208.png,downloaded,200,image/png,1023,9bbbc1f08ec647d12a87fa4e0709f963f362f372b90f47cb64b75ab74f954dfb,,2026-06-03T22:52:26+08:00,https://mxdzlk.com/item/?page_num=27
2022209,item,,item,mxdzlk_item,https://mxdzlk.com/item/2022209/,https://static.mapleartale.com/images/item/2022209.png,assets/items/raw/2022209.png,downloaded,200,image/png,1335,a034cf47be298c4de578d564782b72d3947974eea9461c8e1155b552e9fdcc0d,,2026-06-03T22:52:27+08:00,https://mxdzlk.com/item/?page_num=27
2022210,item,,item,mxdzlk_item,https://mxdzlk.com/item/2022210/,https://static.mapleartale.com/images/item/2022210.png,assets/items/raw/2022210.png,downloaded,200,image/png,1261,2caa5f455692c6044147674b7c95619a712918f470f0af7517e26077f3634682,,2026-06-03T22:52:25+08:00,https://mxdzlk.com/item/?page_num=27
2022211,item,,item,mxdzlk_item,https://mxdzlk.com/item/2022211/,https://static.mapleartale.com/images/item/2022211.png,assets/items/raw/2022211.png,downloaded,200,image/png,1393,bb7f3f36bd226208beebaaaf0d2bbc8f3d73edf7df3bbab1ee508377e046d563,,2026-06-03T22:52:26+08:00,https://mxdzlk.com/item/?page_num=27
2022212,item,,item,mxdzlk_item,https://mxdzlk.com/item/2022212/,https://static.mapleartale.com/images/item/2022212.png,assets/items/raw/2022212.png,downloaded,200,image/png,1108,f177919647a9c42dab5bdd435d8acf9a1ba2d02540a26cfc38789d75b13b3938,,2026-06-03T22:52:25+08:00,https://mxdzlk.com/item/?page_num=27
2022213,item,,item,mxdzlk_item,https://mxdzlk.com/item/2022213/,https://static.mapleartale.com/images/item/2022213.png,assets/items/raw/2022213.png,downloaded,200,image/png,1061,9c4934cab47f00ac105afcad0d10e111da8f64122a950f4d519aa04f3d6cf2ed,,2026-06-03T22:52:25+08:00,https://mxdzlk.com/item/?page_num=27
2022214,item,,item,mxdzlk_item,https://mxdzlk.com/item/2022214/,https://static.mapleartale.com/images/item/2022214.png,assets/items/raw/2022214.png,downloaded,200,image/png,1310,885786f197aa6930775e4943214e23ddb9a515960218aff9d3945f3afdb48c0a,,2026-06-03T22:52:25+08:00,https://mxdzlk.com/item/?page_num=27
2022215,item,,item,mxdzlk_item,https://mxdzlk.com/item/2022215/,https://static.mapleartale.com/images/item/2022215.png,assets/items/raw/2022215.png,downloaded,200,image/png,1011,3ad301f69e99c5fb6b8f87b1ff5c03d703e3fb8e650f1a2d2c13e59153b044ed,,2026-06-03T22:52:27+08:00,https://mxdzlk.com/item/?page_num=27
2022216,item,,item,mxdzlk_item,https://mxdzlk.com/item/2022216/,https://static.mapleartale.com/images/item/2022216.png,assets/items/raw/2022216.png,downloaded,200,image/png,978,cd291d8ed1dd1e4652ad437320f7170bebfd19f2346059abc980988784bc9b35,,2026-06-03T22:52:26+08:00,https://mxdzlk.com/item/?page_num=28
2022217,item,,item,mxdzlk_item,https://mxdzlk.com/item/2022217/,https://static.mapleartale.com/images/item/2022217.png,assets/items/raw/2022217.png,downloaded,200,image/png,967,0ad11efb19d87e782758a9343f8e073d886f21d39d7dcc7d7609c6d2ba9ea896,,2026-06-03T22:52:26+08:00,https://mxdzlk.com/item/?page_num=28
2022218,item,,item,mxdzlk_item,https://mxdzlk.com/item/2022218/,https://static.mapleartale.com/images/item/2022218.png,assets/items/raw/2022218.png,downloaded,200,image/png,954,54d89d638dc040d14e50e12b687ff76c86baf1d4e62d985b22fe513ca87b9e02,,2026-06-03T22:52:27+08:00,https://mxdzlk.com/item/?page_num=28
2022219,item,,item,mxdzlk_item,https://mxdzlk.com/item/2022219/,https://static.mapleartale.com/images/item/2022219.png,assets/items/raw/2022219.png,downloaded,200,image/png,969,7048e95b8dc2626d468bfb146a8eb821e231ccc30f7c31f6d4a5c4e7b655fb3c,,2026-06-03T22:52:27+08:00,https://mxdzlk.com/item/?page_num=28
2022220,item,,item,mxdzlk_item,https://mxdzlk.com/item/2022220/,https://static.mapleartale.com/images/item/2022220.png,assets/items/raw/2022220.png,downloaded,200,image/png,965,2fa2d1ce9bc582b46e5f1db1894f7eafd69f130a31589656412944e42586088a,,2026-06-03T22:52:28+08:00,https://mxdzlk.com/item/?page_num=28
2022221,item,,item,mxdzlk_item,https://mxdzlk.com/item/2022221/,https://static.mapleartale.com/images/item/2022221.png,assets/items/raw/2022221.png,downloaded,200,image/png,955,67969a709e39254b0291f3a437a42d215d1142b595f1fb06a5f4bd8145a32fe7,,2026-06-03T22:52:27+08:00,https://mxdzlk.com/item/?page_num=28
2022222,item,,item,mxdzlk_item,https://mxdzlk.com/item/2022222/,https://static.mapleartale.com/images/item/2022222.png,assets/items/raw/2022222.png,downloaded,200,image/png,977,1b009dd149410d8e1a2fc3aca3f6975a6e889dd58a0a9cc656e72ba35039bb05,,2026-06-03T22:52:29+08:00,https://mxdzlk.com/item/?page_num=28
2022223,item,,item,mxdzlk_item,https://mxdzlk.com/item/2022223/,https://static.mapleartale.com/images/item/2022223.png,assets/items/raw/2022223.png,downloaded,200,image/png,926,12732186c6daa4336c81cf41127b73d33431e6a37b0c3b920edb374254056b3a,,2026-06-03T22:52:28+08:00,https://mxdzlk.com/item/?page_num=28
2022224,item,,item,mxdzlk_item,https://mxdzlk.com/item/2022224/,https://static.mapleartale.com/images/item/2022224.png,assets/items/raw/2022224.png,downloaded,200,image/png,535,63553ea29dbfdd971fdd2f117118dd7f2f2f011f5bade8681a804249731a4317,,2026-06-03T22:52:29+08:00,https://mxdzlk.com/item/?page_num=28
2022225,item,,item,mxdzlk_item,https://mxdzlk.com/item/2022225/,https://static.mapleartale.com/images/item/2022225.png,assets/items/raw/2022225.png,downloaded,200,image/png,535,63553ea29dbfdd971fdd2f117118dd7f2f2f011f5bade8681a804249731a4317,,2026-06-03T22:52:28+08:00,https://mxdzlk.com/item/?page_num=28
2022226,item,,item,mxdzlk_item,https://mxdzlk.com/item/2022226/,https://static.mapleartale.com/images/item/2022226.png,assets/items/raw/2022226.png,downloaded,200,image/png,535,63553ea29dbfdd971fdd2f117118dd7f2f2f011f5bade8681a804249731a4317,,2026-06-03T22:52:29+08:00,https://mxdzlk.com/item/?page_num=29
2022227,item,,item,mxdzlk_item,https://mxdzlk.com/item/2022227/,https://static.mapleartale.com/images/item/2022227.png,assets/items/raw/2022227.png,downloaded,200,image/png,535,63553ea29dbfdd971fdd2f117118dd7f2f2f011f5bade8681a804249731a4317,,2026-06-03T22:52:28+08:00,https://mxdzlk.com/item/?page_num=29
2022228,item,,item,mxdzlk_item,https://mxdzlk.com/item/2022228/,https://static.mapleartale.com/images/item/2022228.png,assets/items/raw/2022228.png,downloaded,200,image/png,535,63553ea29dbfdd971fdd2f117118dd7f2f2f011f5bade8681a804249731a4317,,2026-06-03T22:52:30+08:00,https://mxdzlk.com/item/?page_num=29
2022229,item,,item,mxdzlk_item,https://mxdzlk.com/item/2022229/,https://static.mapleartale.com/images/item/2022229.png,assets/items/raw/2022229.png,downloaded,200,image/png,1115,a153c357e0587454c35ab0c3648589673a1c69dbc0ab02d7aee205c5f6fb3d2f,,2026-06-03T22:52:29+08:00,https://mxdzlk.com/item/?page_num=29
2022238,item,,item,mxdzlk_item,https://mxdzlk.com/item/2022238/,https://static.mapleartale.com/images/item/2022238.png,assets/items/raw/2022238.png,downloaded,200,image/png,1177,93e19b9f2acde4773177bc09d8e38c6bcb1156c7bbbced68f63a9d60dce693f1,,2026-06-03T22:52:32+08:00,https://mxdzlk.com/item/?page_num=29
2022239,item,,item,mxdzlk_item,https://mxdzlk.com/item/2022239/,https://static.mapleartale.com/images/item/2022239.png,assets/items/raw/2022239.png,downloaded,200,image/png,1165,622ec3615daf422f7096f3a03a79f1e6ebb69b683e7474542b6bfc1e481db5f9,,2026-06-03T22:52:29+08:00,https://mxdzlk.com/item/?page_num=29
2022240,item,,item,mxdzlk_item,https://mxdzlk.com/item/2022240/,https://static.mapleartale.com/images/item/2022240.png,assets/items/raw/2022240.png,downloaded,200,image/png,1165,622ec3615daf422f7096f3a03a79f1e6ebb69b683e7474542b6bfc1e481db5f9,,2026-06-03T22:52:30+08:00,https://mxdzlk.com/item/?page_num=29
2022242,item,,item,mxdzlk_item,https://mxdzlk.com/item/2022242/,https://static.mapleartale.com/images/item/2022242.png,assets/items/raw/2022242.png,downloaded,200,image/png,602,817956247b1d99407f81af5a69e650833c34f80c7a4c004e10c5c9ab38607bf6,,2026-06-03T22:52:29+08:00,https://mxdzlk.com/item/?page_num=29
2022243,item,,item,mxdzlk_item,https://mxdzlk.com/item/2022243/,https://static.mapleartale.com/images/item/2022243.png,assets/items/raw/2022243.png,downloaded,200,image/png,628,597e8a07cb93a33b93263630a60f680a8f4717c309b9b82947efca13dcefe591,,2026-06-03T22:52:31+08:00,https://mxdzlk.com/item/?page_num=29
2022244,item,,item,mxdzlk_item,https://mxdzlk.com/item/2022244/,https://static.mapleartale.com/images/item/2022244.png,assets/items/raw/2022244.png,downloaded,200,image/png,538,c7f005e91f9af8dd245c99724d6f6e08ef146a1a7fe42a79c2e5338e8c44f51d,,2026-06-03T22:52:32+08:00,https://mxdzlk.com/item/?page_num=29
2022245,item,,item,mxdzlk_item,https://mxdzlk.com/item/2022245/,https://static.mapleartale.com/images/item/2022245.png,assets/items/raw/2022245.png,downloaded,200,image/png,791,2b2d616d0ada9af2cc24f2c0962d976b14b25ee785876d672289e4e96f3d1b1c,,2026-06-03T22:52:30+08:00,https://mxdzlk.com/item/?page_num=30
2022246,item,,item,mxdzlk_item,https://mxdzlk.com/item/2022246/,https://static.mapleartale.com/images/item/2022246.png,assets/items/raw/2022246.png,downloaded,200,image/png,561,5eebc439d3470cd36c6b75af7bae5d10937c72d61faf9d1d5924082698027f86,,2026-06-03T22:52:32+08:00,https://mxdzlk.com/item/?page_num=30
2022247,item,,item,mxdzlk_item,https://mxdzlk.com/item/2022247/,https://static.mapleartale.com/images/item/2022247.png,assets/items/raw/2022247.png,downloaded,200,image/png,655,6d79f1a4b0de1e66b164a4552792ab96990ef225d57fcdaa58156a551698ca5e,,2026-06-03T22:52:30+08:00,https://mxdzlk.com/item/?page_num=30
2022248,item,,item,mxdzlk_item,https://mxdzlk.com/item/2022248/,https://static.mapleartale.com/images/item/2022248.png,assets/items/raw/2022248.png,downloaded,200,image/png,660,d94a6a42cb824c0f3faa75aeec1e3ad2f9096ec5a6b742077ac3a80210ee4251,,2026-06-03T22:52:31+08:00,https://mxdzlk.com/item/?page_num=30
2022249,item,,item,mxdzlk_item,https://mxdzlk.com/item/2022249/,https://static.mapleartale.com/images/item/2022249.png,assets/items/raw/2022249.png,downloaded,200,image/png,652,9dd8cbb9a961993d1d415d77cd9e428d62c65a640d64f30cb4acc8610ad0d237,,2026-06-03T22:52:30+08:00,https://mxdzlk.com/item/?page_num=30
2022250,item,,item,mxdzlk_item,https://mxdzlk.com/item/2022250/,https://static.mapleartale.com/images/item/2022250.png,assets/items/raw/2022250.png,downloaded,200,image/png,653,5ddce1a5d859aa31839fd25093c4909d2bbe2ea2cd3c178ef111ca1f3b26b4d5,,2026-06-03T22:52:34+08:00,https://mxdzlk.com/item/?page_num=30
2022251,item,,item,mxdzlk_item,https://mxdzlk.com/item/2022251/,https://static.mapleartale.com/images/item/2022251.png,assets/items/raw/2022251.png,downloaded,200,image/png,550,93ba1851f707545ec38297e2af00faa627f2f5b373e50c2e0cf61e392838df93,,2026-06-03T22:52:32+08:00,https://mxdzlk.com/item/?page_num=30
2022252,item,,item,mxdzlk_item,https://mxdzlk.com/item/2022252/,https://static.mapleartale.com/images/item/2022252.png,assets/items/raw/2022252.png,downloaded,200,image/png,413,c2b5e58524b97e64dbce3e8d5d0fdc1e74cea056f04e3b18ae75ffd4e39f56ca,,2026-06-03T22:52:33+08:00,https://mxdzlk.com/item/?page_num=30
2022253,item,,item,mxdzlk_item,https://mxdzlk.com/item/2022253/,https://static.mapleartale.com/images/item/2022253.png,assets/items/raw/2022253.png,downloaded,200,image/png,549,89991e5b0a66cf810be27eb514792f4ddda8713e799d12381be8fc67841ab3f6,,2026-06-03T22:52:32+08:00,https://mxdzlk.com/item/?page_num=30
2022255,item,,item,mxdzlk_item,https://mxdzlk.com/item/2022255/,https://static.mapleartale.com/images/item/2022255.png,assets/items/raw/2022255.png,downloaded,200,image/png,550,0ccb50138609f5cb9c88422bf000b9e8a6b43a7277af53e3fcc406646c03ca33,,2026-06-03T22:52:34+08:00,https://mxdzlk.com/item/?page_num=30
2022256,item,,item,mxdzlk_item,https://mxdzlk.com/item/2022256/,https://static.mapleartale.com/images/item/2022256.png,assets/items/raw/2022256.png,downloaded,200,image/png,561,5eebc439d3470cd36c6b75af7bae5d10937c72d61faf9d1d5924082698027f86,,2026-06-03T22:52:33+08:00,https://mxdzlk.com/item/?page_num=31
2022257,item,,item,mxdzlk_item,https://mxdzlk.com/item/2022257/,https://static.mapleartale.com/images/item/2022257.png,assets/items/raw/2022257.png,downloaded,200,image/png,1077,b222fc3185114d339f43c7ab1ff134b7728b7dbc6d782a06bffbf24f9a432f12,,2026-06-03T22:52:34+08:00,https://mxdzlk.com/item/?page_num=31
2022258,item,,item,mxdzlk_item,https://mxdzlk.com/item/2022258/,https://static.mapleartale.com/images/item/2022258.png,assets/items/raw/2022258.png,downloaded,200,image/png,872,fe41642bf63fb3290188133b2eccf079753e0ea4d930a5192b9d1afb1a23a00a,,2026-06-03T22:52:38+08:00,https://mxdzlk.com/item/?page_num=31
2022259,item,,item,mxdzlk_item,https://mxdzlk.com/item/2022259/,https://static.mapleartale.com/images/item/2022259.png,assets/items/raw/2022259.png,downloaded,200,image/png,1119,269f1b866f88ad239c5f94e307514c4e34b9ddc36e7820ace166722d2ac07d2f,,2026-06-03T22:52:33+08:00,https://mxdzlk.com/item/?page_num=31
2022260,item,,item,mxdzlk_item,https://mxdzlk.com/item/2022260/,https://static.mapleartale.com/images/item/2022260.png,assets/items/raw/2022260.png,downloaded,200,image/png,1103,749cf449b19123baa8895cd4e842655523e5a1960682d6b39e2725d1a119607f,,2026-06-03T22:52:33+08:00,https://mxdzlk.com/item/?page_num=31
2022265,item,,item,mxdzlk_item,https://mxdzlk.com/item/2022265/,https://static.mapleartale.com/images/item/2022265.png,assets/items/raw/2022265.png,downloaded,200,image/png,806,5cf4ba577838a483f4971361451091f9b8f01e1004528d9880d32e39d44fe5a2,,2026-06-03T22:52:34+08:00,https://mxdzlk.com/item/?page_num=31
2022266,item,,item,mxdzlk_item,https://mxdzlk.com/item/2022266/,https://static.mapleartale.com/images/item/2022266.png,assets/items/raw/2022266.png,downloaded,200,image/png,546,1b261c4fdcd1e5adb9458c4ade4b175edbf707ceb8ed6f01e3d7d3290e4b08e1,,2026-06-03T22:52:35+08:00,https://mxdzlk.com/item/?page_num=31
2022267,item,,item,mxdzlk_item,https://mxdzlk.com/item/2022267/,https://static.mapleartale.com/images/item/2022267.png,assets/items/raw/2022267.png,downloaded,200,image/png,646,0e558059d10e48693ccb53229542f9e5eaf6389760ba304c4d2246abf1180491,,2026-06-03T22:52:35+08:00,https://mxdzlk.com/item/?page_num=31
2022268,item,,item,mxdzlk_item,https://mxdzlk.com/item/2022268/,https://static.mapleartale.com/images/item/2022268.png,assets/items/raw/2022268.png,downloaded,200,image/png,606,80c0a464519e71e22a30418ca6e51108e9135c8628aa1e2b500744a6aa36d33d,,2026-06-03T22:52:34+08:00,https://mxdzlk.com/item/?page_num=31
2022269,item,,item,mxdzlk_item,https://mxdzlk.com/item/2022269/,https://static.mapleartale.com/images/item/2022269.png,assets/items/raw/2022269.png,downloaded,200,image/png,919,698fbb98a8cc75566fe0832e21953002fa5cabbfcb2c3677d0c534d35cc51527,,2026-06-03T22:52:35+08:00,https://mxdzlk.com/item/?page_num=31
2022279,item,,item,mxdzlk_item,https://mxdzlk.com/item/2022279/,https://static.mapleartale.com/images/item/2022279.png,assets/items/raw/2022279.png,downloaded,200,image/png,842,361f04487bb72a5b3fa140af0cbbd833b40c24c36d229a649816e8fbe559b3f2,,2026-06-03T22:52:35+08:00,https://mxdzlk.com/item/?page_num=32
2022280,item,,item,mxdzlk_item,https://mxdzlk.com/item/2022280/,https://static.mapleartale.com/images/item/2022280.png,assets/items/raw/2022280.png,downloaded,200,image/png,779,48023bff84b525e89bbcc7e1ff99d901e765da7f62e1b08bd6db57fb2e7f1232,,2026-06-03T22:52:36+08:00,https://mxdzlk.com/item/?page_num=32
2022281,item,,item,mxdzlk_item,https://mxdzlk.com/item/2022281/,https://static.mapleartale.com/images/item/2022281.png,assets/items/raw/2022281.png,downloaded,200,image/png,1002,593b0f0f26ce6e6a9f6bd54f3f908ead9636b03457d63f3dd965015a84c0fca2,,2026-06-03T22:52:36+08:00,https://mxdzlk.com/item/?page_num=32
2022285,item,,item,mxdzlk_item,https://mxdzlk.com/item/2022285/,https://static.mapleartale.com/images/item/2022285.png,assets/items/raw/2022285.png,downloaded,200,image/png,1139,7592f99ebb0274efbeb74df272015d6d68fc4d5943ee5bd5fa10535c1f49296c,,2026-06-03T22:52:35+08:00,https://mxdzlk.com/item/?page_num=32
2022296,item,,item,mxdzlk_item,https://mxdzlk.com/item/2022296/,https://static.mapleartale.com/images/item/2022296.png,assets/items/raw/2022296.png,downloaded,200,image/png,1165,622ec3615daf422f7096f3a03a79f1e6ebb69b683e7474542b6bfc1e481db5f9,,2026-06-03T22:52:36+08:00,https://mxdzlk.com/item/?page_num=32
2022302,item,,item,mxdzlk_item,https://mxdzlk.com/item/2022302/,https://static.mapleartale.com/images/item/2022302.png,assets/items/raw/2022302.png,downloaded,200,image/png,966,5a2df7dad9f64bde70306312cf287e77c586883ca7f52ef84c6ecae0b14b17bd,,2026-06-03T22:52:36+08:00,https://mxdzlk.com/item/?page_num=32
2022309,item,,item,mxdzlk_item,https://mxdzlk.com/item/2022309/,https://static.mapleartale.com/images/item/2022309.png,assets/items/raw/2022309.png,downloaded,200,image/png,529,21d74b7eef88528be630a130e4c3fe4b452721bee9be74a68abf99c01713a00f,,2026-06-03T22:52:37+08:00,https://mxdzlk.com/item/?page_num=32
2022327,item,,item,mxdzlk_item,https://mxdzlk.com/item/2022327/,https://static.mapleartale.com/images/item/2022327.png,assets/items/raw/2022327.png,downloaded,200,image/png,1070,674abc74ef8be2dcbd3d72ca078ba1ae2fcf55566b7fe3483969e261acf4b1fa,,2026-06-03T22:52:38+08:00,https://mxdzlk.com/item/?page_num=32
2022328,item,,item,mxdzlk_item,https://mxdzlk.com/item/2022328/,https://static.mapleartale.com/images/item/2022328.png,assets/items/raw/2022328.png,downloaded,200,image/png,1063,a17f78beadb26bb3135a3ec1ab34b77794dac1c67a1daba9fcc1a462ee8b49fe,,2026-06-03T22:52:36+08:00,https://mxdzlk.com/item/?page_num=32
2022332,item,,item,mxdzlk_item,https://mxdzlk.com/item/2022332/,https://static.mapleartale.com/images/item/2022332.png,assets/items/raw/2022332.png,downloaded,200,image/png,500,9e69f3715719c48f65c1f1c05eb575a88ffc2e69c6d12f88f16d6364ac0315b5,,2026-06-03T22:52:37+08:00,https://mxdzlk.com/item/?page_num=32
2022333,item,,item,mxdzlk_item,https://mxdzlk.com/item/2022333/,https://static.mapleartale.com/images/item/2022333.png,assets/items/raw/2022333.png,downloaded,200,image/png,500,9e69f3715719c48f65c1f1c05eb575a88ffc2e69c6d12f88f16d6364ac0315b5,,2026-06-03T22:52:38+08:00,https://mxdzlk.com/item/?page_num=33
2022336,item,,item,mxdzlk_item,https://mxdzlk.com/item/2022336/,https://static.mapleartale.com/images/item/2022336.png,assets/items/raw/2022336.png,downloaded,200,image/png,784,64608941f047b67b6340907719e3ad259a0ba23157f370736cf2d54d8744063c,,2026-06-03T22:52:38+08:00,https://mxdzlk.com/item/?page_num=33
2022337,item,,item,mxdzlk_item,https://mxdzlk.com/item/2022337/,https://static.mapleartale.com/images/item/2022337.png,assets/items/raw/2022337.png,downloaded,200,image/png,853,e37060d87de1f4b7f68317e6054e9b498700f9367d3363f2b4e0d8e2ed12d047,,2026-06-03T22:52:39+08:00,https://mxdzlk.com/item/?page_num=33
2022345,item,,item,mxdzlk_item,https://mxdzlk.com/item/2022345/,https://static.mapleartale.com/images/item/2022345.png,assets/items/raw/2022345.png,downloaded,200,image/png,655,d6cb1b85ecb68d2d16331656fd4b9ad9d65de74428d4cbd7ddb0a69d812333b1,,2026-06-03T22:52:38+08:00,https://mxdzlk.com/item/?page_num=33
2022359,item,,item,mxdzlk_item,https://mxdzlk.com/item/2022359/,https://static.mapleartale.com/images/item/2022359.png,assets/items/raw/2022359.png,downloaded,200,image/png,682,14b7630a806b9b367de99ffbf2fe93694643ff444a701d36d3762d5b825c500b,,2026-06-03T22:52:39+08:00,https://mxdzlk.com/item/?page_num=33
2022360,item,,item,mxdzlk_item,https://mxdzlk.com/item/2022360/,https://static.mapleartale.com/images/item/2022360.png,assets/items/raw/2022360.png,downloaded,200,image/png,602,f96329a3240831dd6a059c7e66558b70028068f8ff05ad47f5e2425998b3e19b,,2026-06-03T22:52:39+08:00,https://mxdzlk.com/item/?page_num=33
2022361,item,,item,mxdzlk_item,https://mxdzlk.com/item/2022361/,https://static.mapleartale.com/images/item/2022361.png,assets/items/raw/2022361.png,downloaded,200,image/png,605,301e54d0446682d35e905c670d3a30da743ec78baf40dc88c0514373451a8058,,2026-06-03T22:52:39+08:00,https://mxdzlk.com/item/?page_num=33
2022362,item,,item,mxdzlk_item,https://mxdzlk.com/item/2022362/,https://static.mapleartale.com/images/item/2022362.png,assets/items/raw/2022362.png,downloaded,200,image/png,636,24fb5457b6a21c646bea32960a1f5daf755f69dc7b49eb69a5f4f398e6e1e923,,2026-06-03T22:52:39+08:00,https://mxdzlk.com/item/?page_num=33
2022363,item,,item,mxdzlk_item,https://mxdzlk.com/item/2022363/,https://static.mapleartale.com/images/item/2022363.png,assets/items/raw/2022363.png,downloaded,200,image/png,728,cdfe4d3854f7048cee771644f8b07bf593e18c4826e01485e891ac0e09b2ee5d,,2026-06-03T22:52:39+08:00,https://mxdzlk.com/item/?page_num=33
2022364,item,,item,mxdzlk_item,https://mxdzlk.com/item/2022364/,https://static.mapleartale.com/images/item/2022364.png,assets/items/raw/2022364.png,downloaded,200,image/png,582,e70ddce519f60e1a4654e9a20d69023defa1a52cd9e250146fea73b3ec3c1008,,2026-06-03T22:52:39+08:00,https://mxdzlk.com/item/?page_num=33
2022365,item,,item,mxdzlk_item,https://mxdzlk.com/item/2022365/,https://static.mapleartale.com/images/item/2022365.png,assets/items/raw/2022365.png,downloaded,200,image/png,680,5288d7072bb6f17616e3860151e43b411163f2080d950f16b985a59b5d2dae5b,,2026-06-03T22:52:39+08:00,https://mxdzlk.com/item/?page_num=34
2022366,item,,item,mxdzlk_item,https://mxdzlk.com/item/2022366/,https://static.mapleartale.com/images/item/2022366.png,assets/items/raw/2022366.png,downloaded,200,image/png,559,33f203de314a51bdd56d93769085e16d060258ed48c784265ec6324d2430200e,,2026-06-03T22:52:40+08:00,https://mxdzlk.com/item/?page_num=34
2022367,item,,item,mxdzlk_item,https://mxdzlk.com/item/2022367/,https://static.mapleartale.com/images/item/2022367.png,assets/items/raw/2022367.png,downloaded,200,image/png,535,86d5140126197e0341bab0672295ff090e3ea19fe5e485f6ccca61f1a09e766d,,2026-06-03T22:52:41+08:00,https://mxdzlk.com/item/?page_num=34
2022368,item,,item,mxdzlk_item,https://mxdzlk.com/item/2022368/,https://static.mapleartale.com/images/item/2022368.png,assets/items/raw/2022368.png,downloaded,200,image/png,682,14b7630a806b9b367de99ffbf2fe93694643ff444a701d36d3762d5b825c500b,,2026-06-03T22:52:40+08:00,https://mxdzlk.com/item/?page_num=34
2022369,item,,item,mxdzlk_item,https://mxdzlk.com/item/2022369/,https://static.mapleartale.com/images/item/2022369.png,assets/items/raw/2022369.png,downloaded,200,image/png,602,f96329a3240831dd6a059c7e66558b70028068f8ff05ad47f5e2425998b3e19b,,2026-06-03T22:52:40+08:00,https://mxdzlk.com/item/?page_num=34
2022370,item,,item,mxdzlk_item,https://mxdzlk.com/item/2022370/,https://static.mapleartale.com/images/item/2022370.png,assets/items/raw/2022370.png,downloaded,200,image/png,605,301e54d0446682d35e905c670d3a30da743ec78baf40dc88c0514373451a8058,,2026-06-03T22:52:40+08:00,https://mxdzlk.com/item/?page_num=34
2022371,item,,item,mxdzlk_item,https://mxdzlk.com/item/2022371/,https://static.mapleartale.com/images/item/2022371.png,assets/items/raw/2022371.png,downloaded,200,image/png,636,24fb5457b6a21c646bea32960a1f5daf755f69dc7b49eb69a5f4f398e6e1e923,,2026-06-03T22:52:40+08:00,https://mxdzlk.com/item/?page_num=34
2022372,item,,item,mxdzlk_item,https://mxdzlk.com/item/2022372/,https://static.mapleartale.com/images/item/2022372.png,assets/items/raw/2022372.png,downloaded,200,image/png,728,cdfe4d3854f7048cee771644f8b07bf593e18c4826e01485e891ac0e09b2ee5d,,2026-06-03T22:52:40+08:00,https://mxdzlk.com/item/?page_num=34
2022373,item,,item,mxdzlk_item,https://mxdzlk.com/item/2022373/,https://static.mapleartale.com/images/item/2022373.png,assets/items/raw/2022373.png,downloaded,200,image/png,582,e70ddce519f60e1a4654e9a20d69023defa1a52cd9e250146fea73b3ec3c1008,,2026-06-03T22:52:41+08:00,https://mxdzlk.com/item/?page_num=34
2022374,item,,item,mxdzlk_item,https://mxdzlk.com/item/2022374/,https://static.mapleartale.com/images/item/2022374.png,assets/items/raw/2022374.png,downloaded,200,image/png,680,5288d7072bb6f17616e3860151e43b411163f2080d950f16b985a59b5d2dae5b,,2026-06-03T22:52:42+08:00,https://mxdzlk.com/item/?page_num=34
2022375,item,,item,mxdzlk_item,https://mxdzlk.com/item/2022375/,https://static.mapleartale.com/images/item/2022375.png,assets/items/raw/2022375.png,downloaded,200,image/png,559,33f203de314a51bdd56d93769085e16d060258ed48c784265ec6324d2430200e,,2026-06-03T22:52:42+08:00,https://mxdzlk.com/item/?page_num=35
2022376,item,,item,mxdzlk_item,https://mxdzlk.com/item/2022376/,https://static.mapleartale.com/images/item/2022376.png,assets/items/raw/2022376.png,downloaded,200,image/png,535,86d5140126197e0341bab0672295ff090e3ea19fe5e485f6ccca61f1a09e766d,,2026-06-03T22:52:42+08:00,https://mxdzlk.com/item/?page_num=35
2022377,item,,item,mxdzlk_item,https://mxdzlk.com/item/2022377/,https://static.mapleartale.com/images/item/2022377.png,assets/items/raw/2022377.png,downloaded,200,image/png,682,14b7630a806b9b367de99ffbf2fe93694643ff444a701d36d3762d5b825c500b,,2026-06-03T22:52:41+08:00,https://mxdzlk.com/item/?page_num=35
2022378,item,,item,mxdzlk_item,https://mxdzlk.com/item/2022378/,https://static.mapleartale.com/images/item/2022378.png,assets/items/raw/2022378.png,downloaded,200,image/png,602,f96329a3240831dd6a059c7e66558b70028068f8ff05ad47f5e2425998b3e19b,,2026-06-03T22:52:41+08:00,https://mxdzlk.com/item/?page_num=35
2022379,item,,item,mxdzlk_item,https://mxdzlk.com/item/2022379/,https://static.mapleartale.com/images/item/2022379.png,assets/items/raw/2022379.png,downloaded,200,image/png,605,301e54d0446682d35e905c670d3a30da743ec78baf40dc88c0514373451a8058,,2026-06-03T22:52:41+08:00,https://mxdzlk.com/item/?page_num=35
2022380,item,,item,mxdzlk_item,https://mxdzlk.com/item/2022380/,https://static.mapleartale.com/images/item/2022380.png,assets/items/raw/2022380.png,downloaded,200,image/png,636,24fb5457b6a21c646bea32960a1f5daf755f69dc7b49eb69a5f4f398e6e1e923,,2026-06-03T22:52:42+08:00,https://mxdzlk.com/item/?page_num=35
2022381,item,,item,mxdzlk_item,https://mxdzlk.com/item/2022381/,https://static.mapleartale.com/images/item/2022381.png,assets/items/raw/2022381.png,downloaded,200,image/png,728,cdfe4d3854f7048cee771644f8b07bf593e18c4826e01485e891ac0e09b2ee5d,,2026-06-03T22:52:43+08:00,https://mxdzlk.com/item/?page_num=35
2022382,item,,item,mxdzlk_item,https://mxdzlk.com/item/2022382/,https://static.mapleartale.com/images/item/2022382.png,assets/items/raw/2022382.png,downloaded,200,image/png,582,e70ddce519f60e1a4654e9a20d69023defa1a52cd9e250146fea73b3ec3c1008,,2026-06-03T22:52:43+08:00,https://mxdzlk.com/item/?page_num=35
2022383,item,,item,mxdzlk_item,https://mxdzlk.com/item/2022383/,https://static.mapleartale.com/images/item/2022383.png,assets/items/raw/2022383.png,downloaded,200,image/png,680,5288d7072bb6f17616e3860151e43b411163f2080d950f16b985a59b5d2dae5b,,2026-06-03T22:52:42+08:00,https://mxdzlk.com/item/?page_num=35
2022384,item,,item,mxdzlk_item,https://mxdzlk.com/item/2022384/,https://static.mapleartale.com/images/item/2022384.png,assets/items/raw/2022384.png,downloaded,200,image/png,559,33f203de314a51bdd56d93769085e16d060258ed48c784265ec6324d2430200e,,2026-06-03T22:52:42+08:00,https://mxdzlk.com/item/?page_num=35
2022385,item,,item,mxdzlk_item,https://mxdzlk.com/item/2022385/,https://static.mapleartale.com/images/item/2022385.png,assets/items/raw/2022385.png,downloaded,200,image/png,535,86d5140126197e0341bab0672295ff090e3ea19fe5e485f6ccca61f1a09e766d,,2026-06-03T22:52:43+08:00,https://mxdzlk.com/item/?page_num=36
2022386,item,,item,mxdzlk_item,https://mxdzlk.com/item/2022386/,https://static.mapleartale.com/images/item/2022386.png,assets/items/raw/2022386.png,downloaded,200,image/png,682,14b7630a806b9b367de99ffbf2fe93694643ff444a701d36d3762d5b825c500b,,2026-06-03T22:52:43+08:00,https://mxdzlk.com/item/?page_num=36
2022387,item,,item,mxdzlk_item,https://mxdzlk.com/item/2022387/,https://static.mapleartale.com/images/item/2022387.png,assets/items/raw/2022387.png,downloaded,200,image/png,602,f96329a3240831dd6a059c7e66558b70028068f8ff05ad47f5e2425998b3e19b,,2026-06-03T22:52:43+08:00,https://mxdzlk.com/item/?page_num=36
2022388,item,,item,mxdzlk_item,https://mxdzlk.com/item/2022388/,https://static.mapleartale.com/images/item/2022388.png,assets/items/raw/2022388.png,downloaded,200,image/png,605,301e54d0446682d35e905c670d3a30da743ec78baf40dc88c0514373451a8058,,2026-06-03T22:52:43+08:00,https://mxdzlk.com/item/?page_num=36
2022389,item,,item,mxdzlk_item,https://mxdzlk.com/item/2022389/,https://static.mapleartale.com/images/item/2022389.png,assets/items/raw/2022389.png,downloaded,200,image/png,636,24fb5457b6a21c646bea32960a1f5daf755f69dc7b49eb69a5f4f398e6e1e923,,2026-06-03T22:52:45+08:00,https://mxdzlk.com/item/?page_num=36
2022390,item,,item,mxdzlk_item,https://mxdzlk.com/item/2022390/,https://static.mapleartale.com/images/item/2022390.png,assets/items/raw/2022390.png,downloaded,200,image/png,728,cdfe4d3854f7048cee771644f8b07bf593e18c4826e01485e891ac0e09b2ee5d,,2026-06-03T22:52:44+08:00,https://mxdzlk.com/item/?page_num=36
2022391,item,,item,mxdzlk_item,https://mxdzlk.com/item/2022391/,https://static.mapleartale.com/images/item/2022391.png,assets/items/raw/2022391.png,downloaded,200,image/png,582,e70ddce519f60e1a4654e9a20d69023defa1a52cd9e250146fea73b3ec3c1008,,2026-06-03T22:52:44+08:00,https://mxdzlk.com/item/?page_num=36
2022392,item,,item,mxdzlk_item,https://mxdzlk.com/item/2022392/,https://static.mapleartale.com/images/item/2022392.png,assets/items/raw/2022392.png,downloaded,200,image/png,680,5288d7072bb6f17616e3860151e43b411163f2080d950f16b985a59b5d2dae5b,,2026-06-03T22:52:45+08:00,https://mxdzlk.com/item/?page_num=36
2022393,item,,item,mxdzlk_item,https://mxdzlk.com/item/2022393/,https://static.mapleartale.com/images/item/2022393.png,assets/items/raw/2022393.png,downloaded,200,image/png,559,33f203de314a51bdd56d93769085e16d060258ed48c784265ec6324d2430200e,,2026-06-03T22:52:46+08:00,https://mxdzlk.com/item/?page_num=36
2022394,item,,item,mxdzlk_item,https://mxdzlk.com/item/2022394/,https://static.mapleartale.com/images/item/2022394.png,assets/items/raw/2022394.png,downloaded,200,image/png,535,86d5140126197e0341bab0672295ff090e3ea19fe5e485f6ccca61f1a09e766d,,2026-06-03T22:52:44+08:00,https://mxdzlk.com/item/?page_num=36
2022395,item,,item,mxdzlk_item,https://mxdzlk.com/item/2022395/,https://static.mapleartale.com/images/item/2022395.png,assets/items/raw/2022395.png,downloaded,200,image/png,682,14b7630a806b9b367de99ffbf2fe93694643ff444a701d36d3762d5b825c500b,,2026-06-03T22:52:45+08:00,https://mxdzlk.com/item/?page_num=37
2022396,item,,item,mxdzlk_item,https://mxdzlk.com/item/2022396/,https://static.mapleartale.com/images/item/2022396.png,assets/items/raw/2022396.png,downloaded,200,image/png,602,f96329a3240831dd6a059c7e66558b70028068f8ff05ad47f5e2425998b3e19b,,2026-06-03T22:52:44+08:00,https://mxdzlk.com/item/?page_num=37
2022397,item,,item,mxdzlk_item,https://mxdzlk.com/item/2022397/,https://static.mapleartale.com/images/item/2022397.png,assets/items/raw/2022397.png,downloaded,200,image/png,605,301e54d0446682d35e905c670d3a30da743ec78baf40dc88c0514373451a8058,,2026-06-03T22:52:45+08:00,https://mxdzlk.com/item/?page_num=37
2022398,item,,item,mxdzlk_item,https://mxdzlk.com/item/2022398/,https://static.mapleartale.com/images/item/2022398.png,assets/items/raw/2022398.png,downloaded,200,image/png,636,24fb5457b6a21c646bea32960a1f5daf755f69dc7b49eb69a5f4f398e6e1e923,,2026-06-03T22:52:45+08:00,https://mxdzlk.com/item/?page_num=37
2022399,item,,item,mxdzlk_item,https://mxdzlk.com/item/2022399/,https://static.mapleartale.com/images/item/2022399.png,assets/items/raw/2022399.png,downloaded,200,image/png,728,cdfe4d3854f7048cee771644f8b07bf593e18c4826e01485e891ac0e09b2ee5d,,2026-06-03T22:52:45+08:00,https://mxdzlk.com/item/?page_num=37
2022400,item,,item,mxdzlk_item,https://mxdzlk.com/item/2022400/,https://static.mapleartale.com/images/item/2022400.png,assets/items/raw/2022400.png,downloaded,200,image/png,582,e70ddce519f60e1a4654e9a20d69023defa1a52cd9e250146fea73b3ec3c1008,,2026-06-03T22:52:46+08:00,https://mxdzlk.com/item/?page_num=37
2022401,item,,item,mxdzlk_item,https://mxdzlk.com/item/2022401/,https://static.mapleartale.com/images/item/2022401.png,assets/items/raw/2022401.png,downloaded,200,image/png,680,5288d7072bb6f17616e3860151e43b411163f2080d950f16b985a59b5d2dae5b,,2026-06-03T22:52:47+08:00,https://mxdzlk.com/item/?page_num=37
2022402,item,,item,mxdzlk_item,https://mxdzlk.com/item/2022402/,https://static.mapleartale.com/images/item/2022402.png,assets/items/raw/2022402.png,downloaded,200,image/png,559,33f203de314a51bdd56d93769085e16d060258ed48c784265ec6324d2430200e,,2026-06-03T22:52:46+08:00,https://mxdzlk.com/item/?page_num=37
2022403,item,,item,mxdzlk_item,https://mxdzlk.com/item/2022403/,https://static.mapleartale.com/images/item/2022403.png,assets/items/raw/2022403.png,downloaded,200,image/png,535,86d5140126197e0341bab0672295ff090e3ea19fe5e485f6ccca61f1a09e766d,,2026-06-03T22:52:46+08:00,https://mxdzlk.com/item/?page_num=37
2022404,item,,item,mxdzlk_item,https://mxdzlk.com/item/2022404/,https://static.mapleartale.com/images/item/2022404.png,assets/items/raw/2022404.png,downloaded,200,image/png,682,14b7630a806b9b367de99ffbf2fe93694643ff444a701d36d3762d5b825c500b,,2026-06-03T22:52:47+08:00,https://mxdzlk.com/item/?page_num=37
2022405,item,,item,mxdzlk_item,https://mxdzlk.com/item/2022405/,https://static.mapleartale.com/images/item/2022405.png,assets/items/raw/2022405.png,downloaded,200,image/png,602,f96329a3240831dd6a059c7e66558b70028068f8ff05ad47f5e2425998b3e19b,,2026-06-03T22:52:49+08:00,https://mxdzlk.com/item/?page_num=38
2022406,item,,item,mxdzlk_item,https://mxdzlk.com/item/2022406/,https://static.mapleartale.com/images/item/2022406.png,assets/items/raw/2022406.png,downloaded,200,image/png,605,301e54d0446682d35e905c670d3a30da743ec78baf40dc88c0514373451a8058,,2026-06-03T22:52:47+08:00,https://mxdzlk.com/item/?page_num=38
2022407,item,,item,mxdzlk_item,https://mxdzlk.com/item/2022407/,https://static.mapleartale.com/images/item/2022407.png,assets/items/raw/2022407.png,downloaded,200,image/png,636,24fb5457b6a21c646bea32960a1f5daf755f69dc7b49eb69a5f4f398e6e1e923,,2026-06-03T22:52:48+08:00,https://mxdzlk.com/item/?page_num=38
2022408,item,,item,mxdzlk_item,https://mxdzlk.com/item/2022408/,https://static.mapleartale.com/images/item/2022408.png,assets/items/raw/2022408.png,downloaded,200,image/png,728,cdfe4d3854f7048cee771644f8b07bf593e18c4826e01485e891ac0e09b2ee5d,,2026-06-03T22:52:47+08:00,https://mxdzlk.com/item/?page_num=38
2022409,item,,item,mxdzlk_item,https://mxdzlk.com/item/2022409/,https://static.mapleartale.com/images/item/2022409.png,assets/items/raw/2022409.png,downloaded,200,image/png,582,e70ddce519f60e1a4654e9a20d69023defa1a52cd9e250146fea73b3ec3c1008,,2026-06-03T22:52:48+08:00,https://mxdzlk.com/item/?page_num=38
2022410,item,,item,mxdzlk_item,https://mxdzlk.com/item/2022410/,https://static.mapleartale.com/images/item/2022410.png,assets/items/raw/2022410.png,downloaded,200,image/png,680,5288d7072bb6f17616e3860151e43b411163f2080d950f16b985a59b5d2dae5b,,2026-06-03T22:52:48+08:00,https://mxdzlk.com/item/?page_num=38
2022411,item,,item,mxdzlk_item,https://mxdzlk.com/item/2022411/,https://static.mapleartale.com/images/item/2022411.png,assets/items/raw/2022411.png,downloaded,200,image/png,559,33f203de314a51bdd56d93769085e16d060258ed48c784265ec6324d2430200e,,2026-06-03T22:52:48+08:00,https://mxdzlk.com/item/?page_num=38
2022412,item,,item,mxdzlk_item,https://mxdzlk.com/item/2022412/,https://static.mapleartale.com/images/item/2022412.png,assets/items/raw/2022412.png,downloaded,200,image/png,535,86d5140126197e0341bab0672295ff090e3ea19fe5e485f6ccca61f1a09e766d,,2026-06-03T22:52:48+08:00,https://mxdzlk.com/item/?page_num=38
2022413,item,,item,mxdzlk_item,https://mxdzlk.com/item/2022413/,https://static.mapleartale.com/images/item/2022413.png,assets/items/raw/2022413.png,downloaded,200,image/png,682,14b7630a806b9b367de99ffbf2fe93694643ff444a701d36d3762d5b825c500b,,2026-06-03T22:52:54+08:00,https://mxdzlk.com/item/?page_num=38
2022414,item,,item,mxdzlk_item,https://mxdzlk.com/item/2022414/,https://static.mapleartale.com/images/item/2022414.png,assets/items/raw/2022414.png,downloaded,200,image/png,602,f96329a3240831dd6a059c7e66558b70028068f8ff05ad47f5e2425998b3e19b,,2026-06-03T22:52:49+08:00,https://mxdzlk.com/item/?page_num=38
2022415,item,,item,mxdzlk_item,https://mxdzlk.com/item/2022415/,https://static.mapleartale.com/images/item/2022415.png,assets/items/raw/2022415.png,downloaded,200,image/png,605,301e54d0446682d35e905c670d3a30da743ec78baf40dc88c0514373451a8058,,2026-06-03T22:52:49+08:00,https://mxdzlk.com/item/?page_num=39
2022416,item,,item,mxdzlk_item,https://mxdzlk.com/item/2022416/,https://static.mapleartale.com/images/item/2022416.png,assets/items/raw/2022416.png,downloaded,200,image/png,636,24fb5457b6a21c646bea32960a1f5daf755f69dc7b49eb69a5f4f398e6e1e923,,2026-06-03T22:52:50+08:00,https://mxdzlk.com/item/?page_num=39
2022417,item,,item,mxdzlk_item,https://mxdzlk.com/item/2022417/,https://static.mapleartale.com/images/item/2022417.png,assets/items/raw/2022417.png,downloaded,200,image/png,728,cdfe4d3854f7048cee771644f8b07bf593e18c4826e01485e891ac0e09b2ee5d,,2026-06-03T22:52:49+08:00,https://mxdzlk.com/item/?page_num=39
2022418,item,,item,mxdzlk_item,https://mxdzlk.com/item/2022418/,https://static.mapleartale.com/images/item/2022418.png,assets/items/raw/2022418.png,downloaded,200,image/png,582,e70ddce519f60e1a4654e9a20d69023defa1a52cd9e250146fea73b3ec3c1008,,2026-06-03T22:52:50+08:00,https://mxdzlk.com/item/?page_num=39
2022419,item,,item,mxdzlk_item,https://mxdzlk.com/item/2022419/,https://static.mapleartale.com/images/item/2022419.png,assets/items/raw/2022419.png,downloaded,200,image/png,680,5288d7072bb6f17616e3860151e43b411163f2080d950f16b985a59b5d2dae5b,,2026-06-03T22:52:51+08:00,https://mxdzlk.com/item/?page_num=39
2022420,item,,item,mxdzlk_item,https://mxdzlk.com/item/2022420/,https://static.mapleartale.com/images/item/2022420.png,assets/items/raw/2022420.png,downloaded,200,image/png,559,33f203de314a51bdd56d93769085e16d060258ed48c784265ec6324d2430200e,,2026-06-03T22:52:50+08:00,https://mxdzlk.com/item/?page_num=39
2022421,item,,item,mxdzlk_item,https://mxdzlk.com/item/2022421/,https://static.mapleartale.com/images/item/2022421.png,assets/items/raw/2022421.png,downloaded,200,image/png,535,86d5140126197e0341bab0672295ff090e3ea19fe5e485f6ccca61f1a09e766d,,2026-06-03T22:52:50+08:00,https://mxdzlk.com/item/?page_num=39
2022429,item,,item,mxdzlk_item,https://mxdzlk.com/item/2022429/,https://static.mapleartale.com/images/item/2022429.png,assets/items/raw/2022429.png,downloaded,200,image/png,919,698fbb98a8cc75566fe0832e21953002fa5cabbfcb2c3677d0c534d35cc51527,,2026-06-03T22:52:51+08:00,https://mxdzlk.com/item/?page_num=39
2022430,item,,item,mxdzlk_item,https://mxdzlk.com/item/2022430/,https://static.mapleartale.com/images/item/2022430.png,assets/items/raw/2022430.png,downloaded,200,image/png,120,780da47797c9b17f77ff5ea6a78bc339cb131bb132f0eae39178eabbd5ab1fea,,2026-06-03T22:52:51+08:00,https://mxdzlk.com/item/?page_num=39
2022431,item,,item,mxdzlk_item,https://mxdzlk.com/item/2022431/,https://static.mapleartale.com/images/item/2022431.png,assets/items/raw/2022431.png,downloaded,200,image/png,120,780da47797c9b17f77ff5ea6a78bc339cb131bb132f0eae39178eabbd5ab1fea,,2026-06-03T22:52:51+08:00,https://mxdzlk.com/item/?page_num=39
2022432,item,,item,mxdzlk_item,https://mxdzlk.com/item/2022432/,https://static.mapleartale.com/images/item/2022432.png,assets/items/raw/2022432.png,downloaded,200,image/png,120,780da47797c9b17f77ff5ea6a78bc339cb131bb132f0eae39178eabbd5ab1fea,,2026-06-03T22:52:51+08:00,https://mxdzlk.com/item/?page_num=40
2022433,item,,item,mxdzlk_item,https://mxdzlk.com/item/2022433/,https://static.mapleartale.com/images/item/2022433.png,assets/items/raw/2022433.png,downloaded,200,image/png,120,780da47797c9b17f77ff5ea6a78bc339cb131bb132f0eae39178eabbd5ab1fea,,2026-06-03T22:52:51+08:00,https://mxdzlk.com/item/?page_num=40
2022436,item,,item,mxdzlk_item,https://mxdzlk.com/item/2022436/,https://static.mapleartale.com/images/item/2022436.png,assets/items/raw/2022436.png,downloaded,200,image/png,795,bb4a026a1110352609a523f2cf47ba81a27d5aeb1c417b1a1a797d4041dc1c6c,,2026-06-03T22:52:52+08:00,https://mxdzlk.com/item/?page_num=40
2022437,item,,item,mxdzlk_item,https://mxdzlk.com/item/2022437/,https://static.mapleartale.com/images/item/2022437.png,assets/items/raw/2022437.png,downloaded,200,image/png,795,bb4a026a1110352609a523f2cf47ba81a27d5aeb1c417b1a1a797d4041dc1c6c,,2026-06-03T22:52:52+08:00,https://mxdzlk.com/item/?page_num=40
2022438,item,,item,mxdzlk_item,https://mxdzlk.com/item/2022438/,https://static.mapleartale.com/images/item/2022438.png,assets/items/raw/2022438.png,downloaded,200,image/png,795,bb4a026a1110352609a523f2cf47ba81a27d5aeb1c417b1a1a797d4041dc1c6c,,2026-06-03T22:52:53+08:00,https://mxdzlk.com/item/?page_num=40
2022444,item,,item,mxdzlk_item,https://mxdzlk.com/item/2022444/,https://static.mapleartale.com/images/item/2022444.png,assets/items/raw/2022444.png,downloaded,200,image/png,682,14b7630a806b9b367de99ffbf2fe93694643ff444a701d36d3762d5b825c500b,,2026-06-03T22:52:52+08:00,https://mxdzlk.com/item/?page_num=40
2022445,item,,item,mxdzlk_item,https://mxdzlk.com/item/2022445/,https://static.mapleartale.com/images/item/2022445.png,assets/items/raw/2022445.png,downloaded,200,image/png,605,301e54d0446682d35e905c670d3a30da743ec78baf40dc88c0514373451a8058,,2026-06-03T22:52:53+08:00,https://mxdzlk.com/item/?page_num=40
2022446,item,,item,mxdzlk_item,https://mxdzlk.com/item/2022446/,https://static.mapleartale.com/images/item/2022446.png,assets/items/raw/2022446.png,downloaded,200,image/png,680,5288d7072bb6f17616e3860151e43b411163f2080d950f16b985a59b5d2dae5b,,2026-06-03T22:52:54+08:00,https://mxdzlk.com/item/?page_num=40
2022447,item,,item,mxdzlk_item,https://mxdzlk.com/item/2022447/,https://static.mapleartale.com/images/item/2022447.png,assets/items/raw/2022447.png,downloaded,200,image/png,728,cdfe4d3854f7048cee771644f8b07bf593e18c4826e01485e891ac0e09b2ee5d,,2026-06-03T22:52:52+08:00,https://mxdzlk.com/item/?page_num=40
2022448,item,,item,mxdzlk_item,https://mxdzlk.com/item/2022448/,https://static.mapleartale.com/images/item/2022448.png,assets/items/raw/2022448.png,downloaded,200,image/png,582,e70ddce519f60e1a4654e9a20d69023defa1a52cd9e250146fea73b3ec3c1008,,2026-06-03T22:52:52+08:00,https://mxdzlk.com/item/?page_num=40
2022449,item,,item,mxdzlk_item,https://mxdzlk.com/item/2022449/,https://static.mapleartale.com/images/item/2022449.png,assets/items/raw/2022449.png,downloaded,200,image/png,895,82d70e8703a0a258382650351435f17f068522d475f9a209cda4314b2f01f38a,,2026-06-03T22:52:53+08:00,https://mxdzlk.com/item/?page_num=41
2022453,item,,item,mxdzlk_item,https://mxdzlk.com/item/2022453/,https://static.mapleartale.com/images/item/2022453.png,assets/items/raw/2022453.png,downloaded,200,image/png,654,10593669042c352486f927945dfaaee539ded64aff138feecf77640b9848437c,,2026-06-03T22:52:54+08:00,https://mxdzlk.com/item/?page_num=41
2022455,item,,item,mxdzlk_item,https://mxdzlk.com/item/2022455/,https://static.mapleartale.com/images/item/2022455.png,assets/items/raw/2022455.png,downloaded,200,image/png,955,800898dfc862038f2462b783004a6151c474c32096c13c6f2cd907c09d327f16,,2026-06-03T22:52:53+08:00,https://mxdzlk.com/item/?page_num=41
2022458,item,,item,mxdzlk_item,https://mxdzlk.com/item/2022458/,https://static.mapleartale.com/images/item/2022458.png,assets/items/raw/2022458.png,downloaded,200,image/png,979,2a4a28ed424467719e573b0f53ecacc6d1157648cafa3af1863e1f6fa0ce2bb5,,2026-06-03T22:52:55+08:00,https://mxdzlk.com/item/?page_num=41
2022459,item,,item,mxdzlk_item,https://mxdzlk.com/item/2022459/,https://static.mapleartale.com/images/item/2022459.png,assets/items/raw/2022459.png,downloaded,200,image/png,821,05f4e29a00c42457171dc87a662e83e07ec65936d96e50b05f1e54756b70fc18,,2026-06-03T22:52:55+08:00,https://mxdzlk.com/item/?page_num=41
2022460,item,,item,mxdzlk_item,https://mxdzlk.com/item/2022460/,https://static.mapleartale.com/images/item/2022460.png,assets/items/raw/2022460.png,downloaded,200,image/png,821,05f4e29a00c42457171dc87a662e83e07ec65936d96e50b05f1e54756b70fc18,,2026-06-03T22:52:54+08:00,https://mxdzlk.com/item/?page_num=41
2022461,item,,item,mxdzlk_item,https://mxdzlk.com/item/2022461/,https://static.mapleartale.com/images/item/2022461.png,assets/items/raw/2022461.png,downloaded,200,image/png,821,05f4e29a00c42457171dc87a662e83e07ec65936d96e50b05f1e54756b70fc18,,2026-06-03T22:52:55+08:00,https://mxdzlk.com/item/?page_num=41
2022462,item,,item,mxdzlk_item,https://mxdzlk.com/item/2022462/,https://static.mapleartale.com/images/item/2022462.png,assets/items/raw/2022462.png,downloaded,200,image/png,821,05f4e29a00c42457171dc87a662e83e07ec65936d96e50b05f1e54756b70fc18,,2026-06-03T22:52:56+08:00,https://mxdzlk.com/item/?page_num=41
2022463,item,,item,mxdzlk_item,https://mxdzlk.com/item/2022463/,https://static.mapleartale.com/images/item/2022463.png,assets/items/raw/2022463.png,downloaded,200,image/png,821,05f4e29a00c42457171dc87a662e83e07ec65936d96e50b05f1e54756b70fc18,,2026-06-03T22:52:55+08:00,https://mxdzlk.com/item/?page_num=41
2022465,item,,item,mxdzlk_item,https://mxdzlk.com/item/2022465/,https://static.mapleartale.com/images/item/2022465.png,assets/items/raw/2022465.png,downloaded,200,image/png,905,3bd66526d1f416d7f48cbb9df48a331eb15a188922f7beb238ce27847e5505a5,,2026-06-03T22:52:58+08:00,https://mxdzlk.com/item/?page_num=41
2022466,item,,item,mxdzlk_item,https://mxdzlk.com/item/2022466/,https://static.mapleartale.com/images/item/2022466.png,assets/items/raw/2022466.png,downloaded,200,image/png,905,3bd66526d1f416d7f48cbb9df48a331eb15a188922f7beb238ce27847e5505a5,,2026-06-03T22:52:57+08:00,https://mxdzlk.com/item/?page_num=42
2022467,item,,item,mxdzlk_item,https://mxdzlk.com/item/2022467/,https://static.mapleartale.com/images/item/2022467.png,assets/items/raw/2022467.png,downloaded,200,image/png,905,3bd66526d1f416d7f48cbb9df48a331eb15a188922f7beb238ce27847e5505a5,,2026-06-03T22:52:57+08:00,https://mxdzlk.com/item/?page_num=42
2022468,item,,item,mxdzlk_item,https://mxdzlk.com/item/2022468/,https://static.mapleartale.com/images/item/2022468.png,assets/items/raw/2022468.png,downloaded,200,image/png,1412,51656628ea087a01ee8914e47c73b83dccac5405c5ae8c1a340c7fa311e16967,,2026-06-03T22:52:56+08:00,https://mxdzlk.com/item/?page_num=42
2022475,item,,item,mxdzlk_item,https://mxdzlk.com/item/2022475/,https://static.mapleartale.com/images/item/2022475.png,assets/items/raw/2022475.png,downloaded,200,image/png,1154,4cbc455b1127d4e52d29159d9ee18d79da8a2487eddf949e6dfa4d14ed78e9f1,,2026-06-03T22:52:57+08:00,https://mxdzlk.com/item/?page_num=42
2022476,item,,item,mxdzlk_item,https://mxdzlk.com/item/2022476/,https://static.mapleartale.com/images/item/2022476.png,assets/items/raw/2022476.png,downloaded,200,image/png,782,c43f6b5202ccdd0de7d0ca86b803537ead2cb904c0c539c94c53f95ae43972ca,,2026-06-03T22:52:56+08:00,https://mxdzlk.com/item/?page_num=42
2022477,item,,item,mxdzlk_item,https://mxdzlk.com/item/2022477/,https://static.mapleartale.com/images/item/2022477.png,assets/items/raw/2022477.png,downloaded,200,image/png,789,e6f0d19555f11f5dbeba217279b1272c4ff98bc91155bfb3e7a923773071dfab,,2026-06-03T22:52:56+08:00,https://mxdzlk.com/item/?page_num=42
2022478,item,,item,mxdzlk_item,https://mxdzlk.com/item/2022478/,https://static.mapleartale.com/images/item/2022478.png,assets/items/raw/2022478.png,downloaded,200,image/png,859,6a1d47b80b25da415eff0261939d1814916d5a92f883b52e7ba30af68c66fc6e,,2026-06-03T22:52:57+08:00,https://mxdzlk.com/item/?page_num=42
2022479,item,,item,mxdzlk_item,https://mxdzlk.com/item/2022479/,https://static.mapleartale.com/images/item/2022479.png,assets/items/raw/2022479.png,downloaded,200,image/png,791,d38b3d06e01ecbc967d08441d1ca313f132f26807a4117bad4644a942808ccf9,,2026-06-03T22:52:58+08:00,https://mxdzlk.com/item/?page_num=42
2022480,item,,item,mxdzlk_item,https://mxdzlk.com/item/2022480/,https://static.mapleartale.com/images/item/2022480.png,assets/items/raw/2022480.png,downloaded,200,image/png,863,bccfb07f935951e2b48386092f61f2477b6bcd4994e8517c9e98558becab5944,,2026-06-03T22:52:57+08:00,https://mxdzlk.com/item/?page_num=42
2022483,item,,item,mxdzlk_item,https://mxdzlk.com/item/2022483/,https://static.mapleartale.com/images/item/2022483.png,assets/items/raw/2022483.png,downloaded,200,image/png,694,e0098493e70825a1adcee4acae78a644a75ad57b1a469f529aac7959a871576b,,2026-06-03T22:52:58+08:00,https://mxdzlk.com/item/?page_num=42
2022484,item,,item,mxdzlk_item,https://mxdzlk.com/item/2022484/,https://static.mapleartale.com/images/item/2022484.png,assets/items/raw/2022484.png,downloaded,200,image/png,702,9cdd9fc5a9b9e78d8c2ad2602d3ba47d3ca74eb9f0c9db5a366f7b94ae95c856,,2026-06-03T22:52:59+08:00,https://mxdzlk.com/item/?page_num=43
2022485,item,,item,mxdzlk_item,https://mxdzlk.com/item/2022485/,https://static.mapleartale.com/images/item/2022485.png,assets/items/raw/2022485.png,downloaded,200,image/png,706,757a7467a493114e2d8c7e7d8f91bd4e91db01e9074164b6ecec63edc2ee78bb,,2026-06-03T22:52:58+08:00,https://mxdzlk.com/item/?page_num=43
2022486,item,,item,mxdzlk_item,https://mxdzlk.com/item/2022486/,https://static.mapleartale.com/images/item/2022486.png,assets/items/raw/2022486.png,downloaded,200,image/png,709,a297b2950350c6da128d9a69dc2ae584cd2540a9b052f01a5f2440c79fc74409,,2026-06-03T22:52:58+08:00,https://mxdzlk.com/item/?page_num=43
2022487,item,,item,mxdzlk_item,https://mxdzlk.com/item/2022487/,https://static.mapleartale.com/images/item/2022487.png,assets/items/raw/2022487.png,downloaded,200,image/png,694,e0098493e70825a1adcee4acae78a644a75ad57b1a469f529aac7959a871576b,,2026-06-03T22:52:58+08:00,https://mxdzlk.com/item/?page_num=43
2022488,item,,item,mxdzlk_item,https://mxdzlk.com/item/2022488/,https://static.mapleartale.com/images/item/2022488.png,assets/items/raw/2022488.png,downloaded,200,image/png,702,9cdd9fc5a9b9e78d8c2ad2602d3ba47d3ca74eb9f0c9db5a366f7b94ae95c856,,2026-06-03T22:52:59+08:00,https://mxdzlk.com/item/?page_num=43
2022489,item,,item,mxdzlk_item,https://mxdzlk.com/item/2022489/,https://static.mapleartale.com/images/item/2022489.png,assets/items/raw/2022489.png,downloaded,200,image/png,706,757a7467a493114e2d8c7e7d8f91bd4e91db01e9074164b6ecec63edc2ee78bb,,2026-06-03T22:52:59+08:00,https://mxdzlk.com/item/?page_num=43
2022490,item,,item,mxdzlk_item,https://mxdzlk.com/item/2022490/,https://static.mapleartale.com/images/item/2022490.png,assets/items/raw/2022490.png,downloaded,200,image/png,709,a297b2950350c6da128d9a69dc2ae584cd2540a9b052f01a5f2440c79fc74409,,2026-06-03T22:52:59+08:00,https://mxdzlk.com/item/?page_num=43
2022562,item,,item,mxdzlk_item,https://mxdzlk.com/item/2022562/,https://static.mapleartale.com/images/item/2022562.png,assets/items/raw/2022562.png,downloaded,200,image/png,1165,622ec3615daf422f7096f3a03a79f1e6ebb69b683e7474542b6bfc1e481db5f9,,2026-06-03T22:53:01+08:00,https://mxdzlk.com/item/?page_num=43
2022563,item,,item,mxdzlk_item,https://mxdzlk.com/item/2022563/,https://static.mapleartale.com/images/item/2022563.png,assets/items/raw/2022563.png,downloaded,200,image/png,1165,622ec3615daf422f7096f3a03a79f1e6ebb69b683e7474542b6bfc1e481db5f9,,2026-06-03T22:52:59+08:00,https://mxdzlk.com/item/?page_num=43
2022564,item,,item,mxdzlk_item,https://mxdzlk.com/item/2022564/,https://static.mapleartale.com/images/item/2022564.png,assets/items/raw/2022564.png,downloaded,200,image/png,728,0e93e61a1aa9944b1e79a220512fcf0d933bc8c3de91b54fe7528787ba9f861d,,2026-06-03T22:52:59+08:00,https://mxdzlk.com/item/?page_num=43
2022568,item,,item,mxdzlk_item,https://mxdzlk.com/item/2022568/,https://static.mapleartale.com/images/item/2022568.png,,missing,404,,,,HTTPError: HTTP Error 404: Not Found,2026-06-03T22:52:59+08:00,https://mxdzlk.com/item/?page_num=44
2022569,item,,item,mxdzlk_item,https://mxdzlk.com/item/2022569/,https://static.mapleartale.com/images/item/2022569.png,,missing,404,,,,HTTPError: HTTP Error 404: Not Found,2026-06-03T22:53:00+08:00,https://mxdzlk.com/item/?page_num=44
2022570,item,,item,mxdzlk_item,https://mxdzlk.com/item/2022570/,https://static.mapleartale.com/images/item/2022570.png,assets/items/raw/2022570.png,downloaded,200,image/png,853,f6b50ea42587bd35b32bbb6924fa7431c2ed13a6d4c0cdd933c7bb6d890f1fc6,,2026-06-03T22:53:00+08:00,https://mxdzlk.com/item/?page_num=44
2022571,item,,item,mxdzlk_item,https://mxdzlk.com/item/2022571/,https://static.mapleartale.com/images/item/2022571.png,assets/items/raw/2022571.png,downloaded,200,image/png,804,9408f9a053ec886e170d2c313629424a74a14768715622592b0fc25027438494,,2026-06-03T22:53:03+08:00,https://mxdzlk.com/item/?page_num=44
2022572,item,,item,mxdzlk_item,https://mxdzlk.com/item/2022572/,https://static.mapleartale.com/images/item/2022572.png,assets/items/raw/2022572.png,downloaded,200,image/png,821,f3c3547c9832915a73a123c43f7d690e04f017f0352c1c59761d528e21027886,,2026-06-03T22:53:00+08:00,https://mxdzlk.com/item/?page_num=44
2022573,item,,item,mxdzlk_item,https://mxdzlk.com/item/2022573/,https://static.mapleartale.com/images/item/2022573.png,assets/items/raw/2022573.png,downloaded,200,image/png,818,8d21480f3a7f2d2ab63af811490ffd3cf219293a5ed5ee3a7f6a88ba27b044af,,2026-06-03T22:53:04+08:00,https://mxdzlk.com/item/?page_num=44
2022574,item,,item,mxdzlk_item,https://mxdzlk.com/item/2022574/,https://static.mapleartale.com/images/item/2022574.png,assets/items/raw/2022574.png,downloaded,200,image/png,794,ecd0a82128f7d845dc1111b5f79ae22a3dffd8f6176c4343faec55ff97e77cab,,2026-06-03T22:53:07+08:00,https://mxdzlk.com/item/?page_num=44
2022575,item,,item,mxdzlk_item,https://mxdzlk.com/item/2022575/,https://static.mapleartale.com/images/item/2022575.png,assets/items/raw/2022575.png,downloaded,200,image/png,853,f6b50ea42587bd35b32bbb6924fa7431c2ed13a6d4c0cdd933c7bb6d890f1fc6,,2026-06-03T22:53:01+08:00,https://mxdzlk.com/item/?page_num=44
2022576,item,,item,mxdzlk_item,https://mxdzlk.com/item/2022576/,https://static.mapleartale.com/images/item/2022576.png,assets/items/raw/2022576.png,downloaded,200,image/png,804,9408f9a053ec886e170d2c313629424a74a14768715622592b0fc25027438494,,2026-06-03T22:53:01+08:00,https://mxdzlk.com/item/?page_num=44
2022577,item,,item,mxdzlk_item,https://mxdzlk.com/item/2022577/,https://static.mapleartale.com/images/item/2022577.png,assets/items/raw/2022577.png,downloaded,200,image/png,821,f3c3547c9832915a73a123c43f7d690e04f017f0352c1c59761d528e21027886,,2026-06-03T22:53:02+08:00,https://mxdzlk.com/item/?page_num=44
2022578,item,,item,mxdzlk_item,https://mxdzlk.com/item/2022578/,https://static.mapleartale.com/images/item/2022578.png,assets/items/raw/2022578.png,downloaded,200,image/png,818,8d21480f3a7f2d2ab63af811490ffd3cf219293a5ed5ee3a7f6a88ba27b044af,,2026-06-03T22:53:16+08:00,https://mxdzlk.com/item/?page_num=45
2022579,item,,item,mxdzlk_item,https://mxdzlk.com/item/2022579/,https://static.mapleartale.com/images/item/2022579.png,assets/items/raw/2022579.png,downloaded,200,image/png,794,ecd0a82128f7d845dc1111b5f79ae22a3dffd8f6176c4343faec55ff97e77cab,,2026-06-03T22:53:02+08:00,https://mxdzlk.com/item/?page_num=45
2022580,item,,item,mxdzlk_item,https://mxdzlk.com/item/2022580/,https://static.mapleartale.com/images/item/2022580.png,assets/items/raw/2022580.png,downloaded,200,image/png,853,f6b50ea42587bd35b32bbb6924fa7431c2ed13a6d4c0cdd933c7bb6d890f1fc6,,2026-06-03T22:53:02+08:00,https://mxdzlk.com/item/?page_num=45
2022581,item,,item,mxdzlk_item,https://mxdzlk.com/item/2022581/,https://static.mapleartale.com/images/item/2022581.png,assets/items/raw/2022581.png,downloaded,200,image/png,804,9408f9a053ec886e170d2c313629424a74a14768715622592b0fc25027438494,,2026-06-03T22:53:02+08:00,https://mxdzlk.com/item/?page_num=45
2022582,item,,item,mxdzlk_item,https://mxdzlk.com/item/2022582/,https://static.mapleartale.com/images/item/2022582.png,assets/items/raw/2022582.png,downloaded,200,image/png,821,f3c3547c9832915a73a123c43f7d690e04f017f0352c1c59761d528e21027886,,2026-06-03T22:53:03+08:00,https://mxdzlk.com/item/?page_num=45
2022583,item,,item,mxdzlk_item,https://mxdzlk.com/item/2022583/,https://static.mapleartale.com/images/item/2022583.png,assets/items/raw/2022583.png,downloaded,200,image/png,818,8d21480f3a7f2d2ab63af811490ffd3cf219293a5ed5ee3a7f6a88ba27b044af,,2026-06-03T22:53:06+08:00,https://mxdzlk.com/item/?page_num=45
2022584,item,,item,mxdzlk_item,https://mxdzlk.com/item/2022584/,https://static.mapleartale.com/images/item/2022584.png,assets/items/raw/2022584.png,downloaded,200,image/png,794,ecd0a82128f7d845dc1111b5f79ae22a3dffd8f6176c4343faec55ff97e77cab,,2026-06-03T22:53:06+08:00,https://mxdzlk.com/item/?page_num=45
2022585,item,,item,mxdzlk_item,https://mxdzlk.com/item/2022585/,https://static.mapleartale.com/images/item/2022585.png,assets/items/raw/2022585.png,downloaded,200,image/png,750,0e16d769f66c7c591eb57a1d97c2b4de8e057cebb35b9bc9c7431a2e5eea3c21,,2026-06-03T22:53:04+08:00,https://mxdzlk.com/item/?page_num=45
2022586,item,,item,mxdzlk_item,https://mxdzlk.com/item/2022586/,https://static.mapleartale.com/images/item/2022586.png,assets/items/raw/2022586.png,downloaded,200,image/png,741,c86dcd889cbf6d15d55a17a95d827587f986a8a6bff7decc54b0d8c0b4d3e78e,,2026-06-03T22:53:05+08:00,https://mxdzlk.com/item/?page_num=45
2022587,item,,item,mxdzlk_item,https://mxdzlk.com/item/2022587/,https://static.mapleartale.com/images/item/2022587.png,assets/items/raw/2022587.png,downloaded,200,image/png,808,a0697d088ab4bd30e7f75779b53b0daca37e9b97b5d6a0b62d67c365df11f212,,2026-06-03T22:53:03+08:00,https://mxdzlk.com/item/?page_num=45
2022588,item,,item,mxdzlk_item,https://mxdzlk.com/item/2022588/,https://static.mapleartale.com/images/item/2022588.png,assets/items/raw/2022588.png,downloaded,200,image/png,779,4088ca3a51055e13632b6c6f902434e9d9cdd4247bda6fe463a30ce27ecb58d2,,2026-06-03T22:53:07+08:00,https://mxdzlk.com/item/?page_num=46
2022589,item,,item,mxdzlk_item,https://mxdzlk.com/item/2022589/,https://static.mapleartale.com/images/item/2022589.png,,missing,404,,,,HTTPError: HTTP Error 404: Not Found,2026-06-03T22:53:05+08:00,https://mxdzlk.com/item/?page_num=46
2022590,item,,item,mxdzlk_item,https://mxdzlk.com/item/2022590/,https://static.mapleartale.com/images/item/2022590.png,,missing,404,,,,HTTPError: HTTP Error 404: Not Found,2026-06-03T22:53:06+08:00,https://mxdzlk.com/item/?page_num=46
2022591,item,,item,mxdzlk_item,https://mxdzlk.com/item/2022591/,https://static.mapleartale.com/images/item/2022591.png,,missing,404,,,,HTTPError: HTTP Error 404: Not Found,2026-06-03T22:53:06+08:00,https://mxdzlk.com/item/?page_num=46
2022592,item,,item,mxdzlk_item,https://mxdzlk.com/item/2022592/,https://static.mapleartale.com/images/item/2022592.png,,missing,404,,,,HTTPError: HTTP Error 404: Not Found,2026-06-03T22:53:08+08:00,https://mxdzlk.com/item/?page_num=46
2022593,item,,item,mxdzlk_item,https://mxdzlk.com/item/2022593/,https://static.mapleartale.com/images/item/2022593.png,,missing,404,,,,HTTPError: HTTP Error 404: Not Found,2026-06-03T22:53:08+08:00,https://mxdzlk.com/item/?page_num=46
2022594,item,,item,mxdzlk_item,https://mxdzlk.com/item/2022594/,https://static.mapleartale.com/images/item/2022594.png,,missing,404,,,,HTTPError: HTTP Error 404: Not Found,2026-06-03T22:53:07+08:00,https://mxdzlk.com/item/?page_num=46
2022595,item,,item,mxdzlk_item,https://mxdzlk.com/item/2022595/,https://static.mapleartale.com/images/item/2022595.png,,missing,404,,,,HTTPError: HTTP Error 404: Not Found,2026-06-03T22:53:08+08:00,https://mxdzlk.com/item/?page_num=46
2022596,item,,item,mxdzlk_item,https://mxdzlk.com/item/2022596/,https://static.mapleartale.com/images/item/2022596.png,,missing,404,,,,HTTPError: HTTP Error 404: Not Found,2026-06-03T22:53:08+08:00,https://mxdzlk.com/item/?page_num=46
2022597,item,,item,mxdzlk_item,https://mxdzlk.com/item/2022597/,https://static.mapleartale.com/images/item/2022597.png,,missing,404,,,,HTTPError: HTTP Error 404: Not Found,2026-06-03T22:53:08+08:00,https://mxdzlk.com/item/?page_num=46
2022598,item,,item,mxdzlk_item,https://mxdzlk.com/item/2022598/,https://static.mapleartale.com/images/item/2022598.png,,missing,404,,,,HTTPError: HTTP Error 404: Not Found,2026-06-03T22:53:08+08:00,https://mxdzlk.com/item/?page_num=47
2022599,item,,item,mxdzlk_item,https://mxdzlk.com/item/2022599/,https://static.mapleartale.com/images/item/2022599.png,,missing,404,,,,HTTPError: HTTP Error 404: Not Found,2026-06-03T22:53:10+08:00,https://mxdzlk.com/item/?page_num=47
2022600,item,,item,mxdzlk_item,https://mxdzlk.com/item/2022600/,https://static.mapleartale.com/images/item/2022600.png,,missing,404,,,,HTTPError: HTTP Error 404: Not Found,2026-06-03T22:53:09+08:00,https://mxdzlk.com/item/?page_num=47
2022601,item,,item,mxdzlk_item,https://mxdzlk.com/item/2022601/,https://static.mapleartale.com/images/item/2022601.png,,missing,404,,,,HTTPError: HTTP Error 404: Not Found,2026-06-03T22:53:16+08:00,https://mxdzlk.com/item/?page_num=47
2022602,item,,item,mxdzlk_item,https://mxdzlk.com/item/2022602/,https://static.mapleartale.com/images/item/2022602.png,,missing,404,,,,HTTPError: HTTP Error 404: Not Found,2026-06-03T22:53:10+08:00,https://mxdzlk.com/item/?page_num=47
2022603,item,,item,mxdzlk_item,https://mxdzlk.com/item/2022603/,https://static.mapleartale.com/images/item/2022603.png,,missing,404,,,,HTTPError: HTTP Error 404: Not Found,2026-06-03T22:53:09+08:00,https://mxdzlk.com/item/?page_num=47
2022604,item,,item,mxdzlk_item,https://mxdzlk.com/item/2022604/,https://static.mapleartale.com/images/item/2022604.png,,missing,404,,,,HTTPError: HTTP Error 404: Not Found,2026-06-03T22:53:10+08:00,https://mxdzlk.com/item/?page_num=47
2022605,item,,item,mxdzlk_item,https://mxdzlk.com/item/2022605/,https://static.mapleartale.com/images/item/2022605.png,,missing,404,,,,HTTPError: HTTP Error 404: Not Found,2026-06-03T22:53:11+08:00,https://mxdzlk.com/item/?page_num=47
2022606,item,,item,mxdzlk_item,https://mxdzlk.com/item/2022606/,https://static.mapleartale.com/images/item/2022606.png,,missing,404,,,,HTTPError: HTTP Error 404: Not Found,2026-06-03T22:53:11+08:00,https://mxdzlk.com/item/?page_num=47
2022607,item,,item,mxdzlk_item,https://mxdzlk.com/item/2022607/,https://static.mapleartale.com/images/item/2022607.png,,missing,404,,,,HTTPError: HTTP Error 404: Not Found,2026-06-03T22:53:10+08:00,https://mxdzlk.com/item/?page_num=47
2022608,item,,item,mxdzlk_item,https://mxdzlk.com/item/2022608/,https://static.mapleartale.com/images/item/2022608.png,,missing,404,,,,HTTPError: HTTP Error 404: Not Found,2026-06-03T22:53:11+08:00,https://mxdzlk.com/item/?page_num=48
2022609,item,,item,mxdzlk_item,https://mxdzlk.com/item/2022609/,https://static.mapleartale.com/images/item/2022609.png,,missing,404,,,,HTTPError: HTTP Error 404: Not Found,2026-06-03T22:53:11+08:00,https://mxdzlk.com/item/?page_num=48
2022610,item,,item,mxdzlk_item,https://mxdzlk.com/item/2022610/,https://static.mapleartale.com/images/item/2022610.png,,missing,404,,,,HTTPError: HTTP Error 404: Not Found,2026-06-03T22:53:11+08:00,https://mxdzlk.com/item/?page_num=48
2022611,item,,item,mxdzlk_item,https://mxdzlk.com/item/2022611/,https://static.mapleartale.com/images/item/2022611.png,,missing,404,,,,HTTPError: HTTP Error 404: Not Found,2026-06-03T22:53:12+08:00,https://mxdzlk.com/item/?page_num=48
2022612,item,,item,mxdzlk_item,https://mxdzlk.com/item/2022612/,https://static.mapleartale.com/images/item/2022612.png,,missing,404,,,,HTTPError: HTTP Error 404: Not Found,2026-06-03T22:53:12+08:00,https://mxdzlk.com/item/?page_num=48
2022613,item,,item,mxdzlk_item,https://mxdzlk.com/item/2022613/,https://static.mapleartale.com/images/item/2022613.png,assets/items/raw/2022613.png,downloaded,200,image/png,711,be025f3632409e9ba57eb8b869abb784dc6d9286310716360573b9376d3c4c5b,,2026-06-03T22:53:12+08:00,https://mxdzlk.com/item/?page_num=48
2022615,item,,item,mxdzlk_item,https://mxdzlk.com/item/2022615/,https://static.mapleartale.com/images/item/2022615.png,assets/items/raw/2022615.png,downloaded,200,image/png,434,957fd0f0eb661802bf62cda6c14f53f4257fc2250265f74243ae4663c622eadb,,2026-06-03T22:53:15+08:00,https://mxdzlk.com/item/?page_num=48
2022616,item,,item,mxdzlk_item,https://mxdzlk.com/item/2022616/,https://static.mapleartale.com/images/item/2022616.png,assets/items/raw/2022616.png,downloaded,200,image/png,750,0e16d769f66c7c591eb57a1d97c2b4de8e057cebb35b9bc9c7431a2e5eea3c21,,2026-06-03T22:53:12+08:00,https://mxdzlk.com/item/?page_num=48
2022617,item,,item,mxdzlk_item,https://mxdzlk.com/item/2022617/,https://static.mapleartale.com/images/item/2022617.png,assets/items/raw/2022617.png,downloaded,200,image/png,741,c86dcd889cbf6d15d55a17a95d827587f986a8a6bff7decc54b0d8c0b4d3e78e,,2026-06-03T22:53:12+08:00,https://mxdzlk.com/item/?page_num=48
2022618,item,,item,mxdzlk_item,https://mxdzlk.com/item/2022618/,https://static.mapleartale.com/images/item/2022618.png,assets/items/raw/2022618.png,downloaded,200,image/png,711,be025f3632409e9ba57eb8b869abb784dc6d9286310716360573b9376d3c4c5b,,2026-06-03T22:53:14+08:00,https://mxdzlk.com/item/?page_num=48
2022630,item,,item,mxdzlk_item,https://mxdzlk.com/item/2022630/,https://static.mapleartale.com/images/item/2022630.png,,missing,404,,,,HTTPError: HTTP Error 404: Not Found,2026-06-03T22:53:15+08:00,https://mxdzlk.com/item/?page_num=49
2022647,item,,item,mxdzlk_item,https://mxdzlk.com/item/2022647/,https://static.mapleartale.com/images/item/2022647.png,,missing,404,,,,HTTPError: HTTP Error 404: Not Found,2026-06-03T22:53:14+08:00,https://mxdzlk.com/item/?page_num=49
2022648,item,,item,mxdzlk_item,https://mxdzlk.com/item/2022648/,https://static.mapleartale.com/images/item/2022648.png,,missing,404,,,,HTTPError: HTTP Error 404: Not Found,2026-06-03T22:53:13+08:00,https://mxdzlk.com/item/?page_num=49
2022649,item,,item,mxdzlk_item,https://mxdzlk.com/item/2022649/,https://static.mapleartale.com/images/item/2022649.png,,missing,404,,,,HTTPError: HTTP Error 404: Not Found,2026-06-03T22:53:14+08:00,https://mxdzlk.com/item/?page_num=49
2022650,item,,item,mxdzlk_item,https://mxdzlk.com/item/2022650/,https://static.mapleartale.com/images/item/2022650.png,,missing,404,,,,HTTPError: HTTP Error 404: Not Found,2026-06-03T22:53:14+08:00,https://mxdzlk.com/item/?page_num=49
2022670,item,,item,mxdzlk_item,https://mxdzlk.com/item/2022670/,https://static.mapleartale.com/images/item/2022670.png,,missing,404,,,,HTTPError: HTTP Error 404: Not Found,2026-06-03T22:53:15+08:00,https://mxdzlk.com/item/?page_num=49
2022672,item,,item,mxdzlk_item,https://mxdzlk.com/item/2022672/,https://static.mapleartale.com/images/item/2022672.png,,missing,404,,,,HTTPError: HTTP Error 404: Not Found,2026-06-03T22:53:15+08:00,https://mxdzlk.com/item/?page_num=49
2022673,item,,item,mxdzlk_item,https://mxdzlk.com/item/2022673/,https://static.mapleartale.com/images/item/2022673.png,,missing,404,,,,HTTPError: HTTP Error 404: Not Found,2026-06-03T22:53:16+08:00,https://mxdzlk.com/item/?page_num=49
2022674,item,,item,mxdzlk_item,https://mxdzlk.com/item/2022674/,https://static.mapleartale.com/images/item/2022674.png,,missing,404,,,,HTTPError: HTTP Error 404: Not Found,2026-06-03T22:53:15+08:00,https://mxdzlk.com/item/?page_num=49
2022678,item,,item,mxdzlk_item,https://mxdzlk.com/item/2022678/,https://static.mapleartale.com/images/item/2022678.png,,missing,404,,,,HTTPError: HTTP Error 404: Not Found,2026-06-03T22:53:16+08:00,https://mxdzlk.com/item/?page_num=49
2030000,item,,item,mxdzlk_item,https://mxdzlk.com/item/2030000/,https://static.mapleartale.com/images/item/2030000.png,assets/items/raw/2030000.png,downloaded,200,image/png,950,bebf3c87cd315d8634c88748c6cef713fc99ecaf675fa40bf8118c79dcdcfd64,,2026-06-03T22:53:16+08:00,https://mxdzlk.com/item/?page_num=50
2030001,item,,item,mxdzlk_item,https://mxdzlk.com/item/2030001/,https://static.mapleartale.com/images/item/2030001.png,assets/items/raw/2030001.png,downloaded,200,image/png,950,07d2925cb1cef5df9d699bc51b8e216e9567195413974bf22419229b8accea74,,2026-06-03T22:53:16+08:00,https://mxdzlk.com/item/?page_num=50
2030002,item,,item,mxdzlk_item,https://mxdzlk.com/item/2030002/,https://static.mapleartale.com/images/item/2030002.png,assets/items/raw/2030002.png,downloaded,200,image/png,1003,dbab040d79600617a71fcb0122f4bb1eaac9e57c021d8b9b58f7c5c90b2ea5b3,,2026-06-03T22:53:17+08:00,https://mxdzlk.com/item/?page_num=50
2030003,item,,item,mxdzlk_item,https://mxdzlk.com/item/2030003/,https://static.mapleartale.com/images/item/2030003.png,assets/items/raw/2030003.png,downloaded,200,image/png,977,42a8925353526eb99b8d2b181c845ff2c06223e1ddd4a4f67b5c1b240843b377,,2026-06-03T22:53:17+08:00,https://mxdzlk.com/item/?page_num=50
2030004,item,,item,mxdzlk_item,https://mxdzlk.com/item/2030004/,https://static.mapleartale.com/images/item/2030004.png,assets/items/raw/2030004.png,downloaded,200,image/png,970,1700aa8c6deeaea4d80772b7818007f7bf9381d5cb4a7e2862f3a466524b2a97,,2026-06-03T22:53:18+08:00,https://mxdzlk.com/item/?page_num=50
2030005,item,,item,mxdzlk_item,https://mxdzlk.com/item/2030005/,https://static.mapleartale.com/images/item/2030005.png,assets/items/raw/2030005.png,downloaded,200,image/png,948,8c4f51a07546ed0a342ca20579a94aa21a8944494fc84b83f159656f25be8dab,,2026-06-03T22:53:18+08:00,https://mxdzlk.com/item/?page_num=50
2030006,item,,item,mxdzlk_item,https://mxdzlk.com/item/2030006/,https://static.mapleartale.com/images/item/2030006.png,assets/items/raw/2030006.png,downloaded,200,image/png,950,bd3a7d80d60a9259e55b3ba01160d14a08996ea956d676d46ba11c9ce444498c,,2026-06-03T22:53:17+08:00,https://mxdzlk.com/item/?page_num=50
2030007,item,,item,mxdzlk_item,https://mxdzlk.com/item/2030007/,https://static.mapleartale.com/images/item/2030007.png,assets/items/raw/2030007.png,downloaded,200,image/png,994,81b7058a09620fd081caf7af9fb78e71b53bf8812a2b6bf4206f862f46d23866,,2026-06-03T22:53:18+08:00,https://mxdzlk.com/item/?page_num=50
2030008,item,,item,mxdzlk_item,https://mxdzlk.com/item/2030008/,https://static.mapleartale.com/images/item/2030008.png,assets/items/raw/2030008.png,downloaded,200,image/png,743,a386b9ed5f8e6bd57dad320bdc3fae9320d33e794b3a023910272fd14202e9cb,,2026-06-03T22:53:18+08:00,https://mxdzlk.com/item/?page_num=50
2030009,item,,item,mxdzlk_item,https://mxdzlk.com/item/2030009/,https://static.mapleartale.com/images/item/2030009.png,assets/items/raw/2030009.png,downloaded,200,image/png,752,b0e794cbfef9483aa31b935ecc32c31a592e8d4620457c960c362cc9e69d8973,,2026-06-03T22:53:18+08:00,https://mxdzlk.com/item/?page_num=50
2030010,item,,item,mxdzlk_item,https://mxdzlk.com/item/2030010/,https://static.mapleartale.com/images/item/2030010.png,assets/items/raw/2030010.png,downloaded,200,image/png,767,bd02d1effe4fc1afe79ae5d251c6494a0474909be2d7447697221ca97c5c9a86,,2026-06-03T22:53:18+08:00,https://mxdzlk.com/item/?page_num=51
2030011,item,,item,mxdzlk_item,https://mxdzlk.com/item/2030011/,https://static.mapleartale.com/images/item/2030011.png,assets/items/raw/2030011.png,downloaded,200,image/png,556,5a8ca3a69046670bb38cdd210c77f4eb6ded09f5ef6360a3481b5c7b9ed25e0b,,2026-06-03T22:53:19+08:00,https://mxdzlk.com/item/?page_num=51
2030012,item,,item,mxdzlk_item,https://mxdzlk.com/item/2030012/,https://static.mapleartale.com/images/item/2030012.png,assets/items/raw/2030012.png,downloaded,200,image/png,556,5a8ca3a69046670bb38cdd210c77f4eb6ded09f5ef6360a3481b5c7b9ed25e0b,,2026-06-03T22:53:19+08:00,https://mxdzlk.com/item/?page_num=51
2030016,item,,item,mxdzlk_item,https://mxdzlk.com/item/2030016/,https://static.mapleartale.com/images/item/2030016.png,assets/items/raw/2030016.png,downloaded,200,image/png,796,21bb9bedf315de2cb10d87e05909d9d4ff46c5c0607086185fa7e6c5321b2a98,,2026-06-03T22:53:18+08:00,https://mxdzlk.com/item/?page_num=51
2030019,item,,item,mxdzlk_item,https://mxdzlk.com/item/2030019/,https://static.mapleartale.com/images/item/2030019.png,assets/items/raw/2030019.png,downloaded,200,image/png,1015,1c90eecb1212dda8a740a614ade9804b708729a86c8e7b7e98dd94ba497925de,,2026-06-03T22:53:19+08:00,https://mxdzlk.com/item/?page_num=51
2031000,item,,item,mxdzlk_item,https://mxdzlk.com/item/2031000/,https://static.mapleartale.com/images/item/2031000.png,assets/items/raw/2031000.png,downloaded,200,image/png,873,a7e079fd481aaff1ad590db5bff58cef755fd2708ce58beac0f4d678f17afd0c,,2026-06-03T22:53:19+08:00,https://mxdzlk.com/item/?page_num=51
2031007,item,,item,mxdzlk_item,https://mxdzlk.com/item/2031007/,https://static.mapleartale.com/images/item/2031007.png,,missing,404,,,,HTTPError: HTTP Error 404: Not Found,2026-06-03T22:53:22+08:00,https://mxdzlk.com/item/?page_num=51
2031008,item,,item,mxdzlk_item,https://mxdzlk.com/item/2031008/,https://static.mapleartale.com/images/item/2031008.png,assets/items/raw/2031008.png,downloaded,200,image/png,561,581c268c4a525bca3d3c22fec87b77c5d287da8b2bc7426403b6f6c6f85714cd,,2026-06-03T22:53:19+08:00,https://mxdzlk.com/item/?page_num=51
2040000,item,,item,mxdzlk_item,https://mxdzlk.com/item/2040000/,https://static.mapleartale.com/images/item/2040000.png,assets/items/raw/2040000.png,downloaded,200,image/png,744,a0650ac89cf5bb1da603de2b72057c0f6a379ffe1d3ceb7468a42c75c505e995,,2026-06-03T22:53:19+08:00,https://mxdzlk.com/item/?page_num=51
2040001,item,,item,mxdzlk_item,https://mxdzlk.com/item/2040001/,https://static.mapleartale.com/images/item/2040001.png,assets/items/raw/2040001.png,downloaded,200,image/png,712,e75f9fd575fd2d7b450166c1bc40073ff88ac0e828056e6286a1748976bac5e8,,2026-06-03T22:53:19+08:00,https://mxdzlk.com/item/?page_num=51
2040002,item,,item,mxdzlk_item,https://mxdzlk.com/item/2040002/,https://static.mapleartale.com/images/item/2040002.png,assets/items/raw/2040002.png,downloaded,200,image/png,715,59be071c7efdb0b90fe1438daf830550677769bd6f825c7600676d401c00abf4,,2026-06-03T22:53:20+08:00,https://mxdzlk.com/item/?page_num=52
2040003,item,,item,mxdzlk_item,https://mxdzlk.com/item/2040003/,https://static.mapleartale.com/images/item/2040003.png,assets/items/raw/2040003.png,downloaded,200,image/png,744,a0650ac89cf5bb1da603de2b72057c0f6a379ffe1d3ceb7468a42c75c505e995,,2026-06-03T22:53:20+08:00,https://mxdzlk.com/item/?page_num=52
2040004,item,,item,mxdzlk_item,https://mxdzlk.com/item/2040004/,https://static.mapleartale.com/images/item/2040004.png,assets/items/raw/2040004.png,downloaded,200,image/png,712,e75f9fd575fd2d7b450166c1bc40073ff88ac0e828056e6286a1748976bac5e8,,2026-06-03T22:53:20+08:00,https://mxdzlk.com/item/?page_num=52
2040005,item,,item,mxdzlk_item,https://mxdzlk.com/item/2040005/,https://static.mapleartale.com/images/item/2040005.png,assets/items/raw/2040005.png,downloaded,200,image/png,715,59be071c7efdb0b90fe1438daf830550677769bd6f825c7600676d401c00abf4,,2026-06-03T22:53:20+08:00,https://mxdzlk.com/item/?page_num=52
2040006,item,,item,mxdzlk_item,https://mxdzlk.com/item/2040006/,https://static.mapleartale.com/images/item/2040006.png,assets/items/raw/2040006.png,downloaded,200,image/png,715,59be071c7efdb0b90fe1438daf830550677769bd6f825c7600676d401c00abf4,,2026-06-03T22:53:20+08:00,https://mxdzlk.com/item/?page_num=52
2040007,item,,item,mxdzlk_item,https://mxdzlk.com/item/2040007/,https://static.mapleartale.com/images/item/2040007.png,assets/items/raw/2040007.png,downloaded,200,image/png,715,59be071c7efdb0b90fe1438daf830550677769bd6f825c7600676d401c00abf4,,2026-06-03T22:53:20+08:00,https://mxdzlk.com/item/?page_num=52
2040008,item,,item,mxdzlk_item,https://mxdzlk.com/item/2040008/,https://static.mapleartale.com/images/item/2040008.png,assets/items/raw/2040008.png,downloaded,200,image/png,729,eb37c216312b1b417bddd84e64d1bce90cc5797834dce7d909f9992c387cb1c7,,2026-06-03T22:53:21+08:00,https://mxdzlk.com/item/?page_num=52
2040009,item,,item,mxdzlk_item,https://mxdzlk.com/item/2040009/,https://static.mapleartale.com/images/item/2040009.png,assets/items/raw/2040009.png,downloaded,200,image/png,736,4769e5502982c54c2d00b79d8ec32a1e023a1d3819a54548f9043ca78708d805,,2026-06-03T22:53:21+08:00,https://mxdzlk.com/item/?page_num=52
2040010,item,,item,mxdzlk_item,https://mxdzlk.com/item/2040010/,https://static.mapleartale.com/images/item/2040010.png,assets/items/raw/2040010.png,downloaded,200,image/png,729,eb37c216312b1b417bddd84e64d1bce90cc5797834dce7d909f9992c387cb1c7,,2026-06-03T22:53:21+08:00,https://mxdzlk.com/item/?page_num=52
2040011,item,,item,mxdzlk_item,https://mxdzlk.com/item/2040011/,https://static.mapleartale.com/images/item/2040011.png,assets/items/raw/2040011.png,downloaded,200,image/png,736,4769e5502982c54c2d00b79d8ec32a1e023a1d3819a54548f9043ca78708d805,,2026-06-03T22:53:21+08:00,https://mxdzlk.com/item/?page_num=52
2040012,item,,item,mxdzlk_item,https://mxdzlk.com/item/2040012/,https://static.mapleartale.com/images/item/2040012.png,assets/items/raw/2040012.png,downloaded,200,image/png,729,eb37c216312b1b417bddd84e64d1bce90cc5797834dce7d909f9992c387cb1c7,,2026-06-03T22:53:21+08:00,https://mxdzlk.com/item/?page_num=53
2040013,item,,item,mxdzlk_item,https://mxdzlk.com/item/2040013/,https://static.mapleartale.com/images/item/2040013.png,assets/items/raw/2040013.png,downloaded,200,image/png,736,4769e5502982c54c2d00b79d8ec32a1e023a1d3819a54548f9043ca78708d805,,2026-06-03T22:53:21+08:00,https://mxdzlk.com/item/?page_num=53
2040014,item,,item,mxdzlk_item,https://mxdzlk.com/item/2040014/,https://static.mapleartale.com/images/item/2040014.png,assets/items/raw/2040014.png,downloaded,200,image/png,729,eb37c216312b1b417bddd84e64d1bce90cc5797834dce7d909f9992c387cb1c7,,2026-06-03T22:53:21+08:00,https://mxdzlk.com/item/?page_num=53
2040015,item,,item,mxdzlk_item,https://mxdzlk.com/item/2040015/,https://static.mapleartale.com/images/item/2040015.png,assets/items/raw/2040015.png,downloaded,200,image/png,736,4769e5502982c54c2d00b79d8ec32a1e023a1d3819a54548f9043ca78708d805,,2026-06-03T22:53:22+08:00,https://mxdzlk.com/item/?page_num=53
2040016,item,,item,mxdzlk_item,https://mxdzlk.com/item/2040016/,https://static.mapleartale.com/images/item/2040016.png,assets/items/raw/2040016.png,downloaded,200,image/png,715,59be071c7efdb0b90fe1438daf830550677769bd6f825c7600676d401c00abf4,,2026-06-03T22:53:23+08:00,https://mxdzlk.com/item/?page_num=53
2040017,item,,item,mxdzlk_item,https://mxdzlk.com/item/2040017/,https://static.mapleartale.com/images/item/2040017.png,assets/items/raw/2040017.png,downloaded,200,image/png,712,e75f9fd575fd2d7b450166c1bc40073ff88ac0e828056e6286a1748976bac5e8,,2026-06-03T22:53:23+08:00,https://mxdzlk.com/item/?page_num=53
2040018,item,,item,mxdzlk_item,https://mxdzlk.com/item/2040018/,https://static.mapleartale.com/images/item/2040018.png,assets/items/raw/2040018.png,downloaded,200,image/png,744,a0650ac89cf5bb1da603de2b72057c0f6a379ffe1d3ceb7468a42c75c505e995,,2026-06-03T22:53:23+08:00,https://mxdzlk.com/item/?page_num=53
2040019,item,,item,mxdzlk_item,https://mxdzlk.com/item/2040019/,https://static.mapleartale.com/images/item/2040019.png,assets/items/raw/2040019.png,downloaded,200,image/png,1240,15a1e63028e8874f1c6108202ba2d8feddfcee9b99d8dbc0e8af64a357a3a43c,,2026-06-03T22:53:23+08:00,https://mxdzlk.com/item/?page_num=53
2040020,item,,item,mxdzlk_item,https://mxdzlk.com/item/2040020/,https://static.mapleartale.com/images/item/2040020.png,assets/items/raw/2040020.png,downloaded,200,image/png,1245,551c297f7dfc58c242098b53411653dfdbb1a2c4a74f3031fe489d1168ff3ae1,,2026-06-03T22:53:23+08:00,https://mxdzlk.com/item/?page_num=53
2040021,item,,item,mxdzlk_item,https://mxdzlk.com/item/2040021/,https://static.mapleartale.com/images/item/2040021.png,assets/items/raw/2040021.png,downloaded,200,image/png,1240,15a1e63028e8874f1c6108202ba2d8feddfcee9b99d8dbc0e8af64a357a3a43c,,2026-06-03T22:53:23+08:00,https://mxdzlk.com/item/?page_num=53
2040022,item,,item,mxdzlk_item,https://mxdzlk.com/item/2040022/,https://static.mapleartale.com/images/item/2040022.png,assets/items/raw/2040022.png,downloaded,200,image/png,1245,551c297f7dfc58c242098b53411653dfdbb1a2c4a74f3031fe489d1168ff3ae1,,2026-06-03T22:53:22+08:00,https://mxdzlk.com/item/?page_num=54
2040023,item,,item,mxdzlk_item,https://mxdzlk.com/item/2040023/,https://static.mapleartale.com/images/item/2040023.png,assets/items/raw/2040023.png,downloaded,200,image/png,745,f75127d11c6ebc2472a4e65c35c6d4ba15b9514554662ef3cb88cd4d2f295680,,2026-06-03T22:53:25+08:00,https://mxdzlk.com/item/?page_num=54
2040024,item,,item,mxdzlk_item,https://mxdzlk.com/item/2040024/,https://static.mapleartale.com/images/item/2040024.png,assets/items/raw/2040024.png,downloaded,200,image/png,744,a0650ac89cf5bb1da603de2b72057c0f6a379ffe1d3ceb7468a42c75c505e995,,2026-06-03T22:53:24+08:00,https://mxdzlk.com/item/?page_num=54
2040025,item,,item,mxdzlk_item,https://mxdzlk.com/item/2040025/,https://static.mapleartale.com/images/item/2040025.png,assets/items/raw/2040025.png,downloaded,200,image/png,712,e75f9fd575fd2d7b450166c1bc40073ff88ac0e828056e6286a1748976bac5e8,,2026-06-03T22:53:25+08:00,https://mxdzlk.com/item/?page_num=54
2040026,item,,item,mxdzlk_item,https://mxdzlk.com/item/2040026/,https://static.mapleartale.com/images/item/2040026.png,assets/items/raw/2040026.png,downloaded,200,image/png,715,59be071c7efdb0b90fe1438daf830550677769bd6f825c7600676d401c00abf4,,2026-06-03T22:53:24+08:00,https://mxdzlk.com/item/?page_num=54
2040027,item,,item,mxdzlk_item,https://mxdzlk.com/item/2040027/,https://static.mapleartale.com/images/item/2040027.png,assets/items/raw/2040027.png,downloaded,200,image/png,744,a0650ac89cf5bb1da603de2b72057c0f6a379ffe1d3ceb7468a42c75c505e995,,2026-06-03T22:53:25+08:00,https://mxdzlk.com/item/?page_num=54
2040028,item,,item,mxdzlk_item,https://mxdzlk.com/item/2040028/,https://static.mapleartale.com/images/item/2040028.png,assets/items/raw/2040028.png,downloaded,200,image/png,729,eb37c216312b1b417bddd84e64d1bce90cc5797834dce7d909f9992c387cb1c7,,2026-06-03T22:53:24+08:00,https://mxdzlk.com/item/?page_num=54
2040029,item,,item,mxdzlk_item,https://mxdzlk.com/item/2040029/,https://static.mapleartale.com/images/item/2040029.png,assets/items/raw/2040029.png,downloaded,200,image/png,712,e75f9fd575fd2d7b450166c1bc40073ff88ac0e828056e6286a1748976bac5e8,,2026-06-03T22:53:24+08:00,https://mxdzlk.com/item/?page_num=54
2040030,item,,item,mxdzlk_item,https://mxdzlk.com/item/2040030/,https://static.mapleartale.com/images/item/2040030.png,assets/items/raw/2040030.png,downloaded,200,image/png,736,4769e5502982c54c2d00b79d8ec32a1e023a1d3819a54548f9043ca78708d805,,2026-06-03T22:53:25+08:00,https://mxdzlk.com/item/?page_num=54
2040031,item,,item,mxdzlk_item,https://mxdzlk.com/item/2040031/,https://static.mapleartale.com/images/item/2040031.png,assets/items/raw/2040031.png,downloaded,200,image/png,715,59be071c7efdb0b90fe1438daf830550677769bd6f825c7600676d401c00abf4,,2026-06-03T22:53:25+08:00,https://mxdzlk.com/item/?page_num=54
2040100,item,,item,mxdzlk_item,https://mxdzlk.com/item/2040100/,https://static.mapleartale.com/images/item/2040100.png,assets/items/raw/2040100.png,downloaded,200,image/png,715,59be071c7efdb0b90fe1438daf830550677769bd6f825c7600676d401c00abf4,,2026-06-03T22:53:25+08:00,https://mxdzlk.com/item/?page_num=55
2040101,item,,item,mxdzlk_item,https://mxdzlk.com/item/2040101/,https://static.mapleartale.com/images/item/2040101.png,assets/items/raw/2040101.png,downloaded,200,image/png,712,e75f9fd575fd2d7b450166c1bc40073ff88ac0e828056e6286a1748976bac5e8,,2026-06-03T22:53:25+08:00,https://mxdzlk.com/item/?page_num=55
2040103,item,,item,mxdzlk_item,https://mxdzlk.com/item/2040103/,https://static.mapleartale.com/images/item/2040103.png,assets/items/raw/2040103.png,downloaded,200,image/png,736,4769e5502982c54c2d00b79d8ec32a1e023a1d3819a54548f9043ca78708d805,,2026-06-03T22:53:25+08:00,https://mxdzlk.com/item/?page_num=55
2040104,item,,item,mxdzlk_item,https://mxdzlk.com/item/2040104/,https://static.mapleartale.com/images/item/2040104.png,assets/items/raw/2040104.png,downloaded,200,image/png,729,eb37c216312b1b417bddd84e64d1bce90cc5797834dce7d909f9992c387cb1c7,,2026-06-03T22:53:26+08:00,https://mxdzlk.com/item/?page_num=55
2040105,item,,item,mxdzlk_item,https://mxdzlk.com/item/2040105/,https://static.mapleartale.com/images/item/2040105.png,assets/items/raw/2040105.png,downloaded,200,image/png,715,59be071c7efdb0b90fe1438daf830550677769bd6f825c7600676d401c00abf4,,2026-06-03T22:53:26+08:00,https://mxdzlk.com/item/?page_num=55
2040106,item,,item,mxdzlk_item,https://mxdzlk.com/item/2040106/,https://static.mapleartale.com/images/item/2040106.png,assets/items/raw/2040106.png,downloaded,200,image/png,712,e75f9fd575fd2d7b450166c1bc40073ff88ac0e828056e6286a1748976bac5e8,,2026-06-03T22:53:26+08:00,https://mxdzlk.com/item/?page_num=55
2040108,item,,item,mxdzlk_item,https://mxdzlk.com/item/2040108/,https://static.mapleartale.com/images/item/2040108.png,assets/items/raw/2040108.png,downloaded,200,image/png,736,4769e5502982c54c2d00b79d8ec32a1e023a1d3819a54548f9043ca78708d805,,2026-06-03T22:53:26+08:00,https://mxdzlk.com/item/?page_num=55
2040109,item,,item,mxdzlk_item,https://mxdzlk.com/item/2040109/,https://static.mapleartale.com/images/item/2040109.png,assets/items/raw/2040109.png,downloaded,200,image/png,729,eb37c216312b1b417bddd84e64d1bce90cc5797834dce7d909f9992c387cb1c7,,2026-06-03T22:53:26+08:00,https://mxdzlk.com/item/?page_num=55
2040110,item,,item,mxdzlk_item,https://mxdzlk.com/item/2040110/,https://static.mapleartale.com/images/item/2040110.png,assets/items/raw/2040110.png,downloaded,200,image/png,519,0a83b7d30dd9dde9db452b88e6bc1df6bf5305b7483792a5c88b1c827e369233,,2026-06-03T22:53:26+08:00,https://mxdzlk.com/item/?page_num=55
2040111,item,,item,mxdzlk_item,https://mxdzlk.com/item/2040111/,https://static.mapleartale.com/images/item/2040111.png,assets/items/raw/2040111.png,downloaded,200,image/png,519,0a83b7d30dd9dde9db452b88e6bc1df6bf5305b7483792a5c88b1c827e369233,,2026-06-03T22:53:26+08:00,https://mxdzlk.com/item/?page_num=55
2040112,item,,item,mxdzlk_item,https://mxdzlk.com/item/2040112/,https://static.mapleartale.com/images/item/2040112.png,assets/items/raw/2040112.png,downloaded,200,image/png,519,0a83b7d30dd9dde9db452b88e6bc1df6bf5305b7483792a5c88b1c827e369233,,2026-06-03T22:53:26+08:00,https://mxdzlk.com/item/?page_num=56
2040113,item,,item,mxdzlk_item,https://mxdzlk.com/item/2040113/,https://static.mapleartale.com/images/item/2040113.png,assets/items/raw/2040113.png,downloaded,200,image/png,519,0a83b7d30dd9dde9db452b88e6bc1df6bf5305b7483792a5c88b1c827e369233,,2026-06-03T22:53:28+08:00,https://mxdzlk.com/item/?page_num=56
2040114,item,,item,mxdzlk_item,https://mxdzlk.com/item/2040114/,https://static.mapleartale.com/images/item/2040114.png,assets/items/raw/2040114.png,downloaded,200,image/png,519,0a83b7d30dd9dde9db452b88e6bc1df6bf5305b7483792a5c88b1c827e369233,,2026-06-03T22:53:27+08:00,https://mxdzlk.com/item/?page_num=56
2040115,item,,item,mxdzlk_item,https://mxdzlk.com/item/2040115/,https://static.mapleartale.com/images/item/2040115.png,assets/items/raw/2040115.png,downloaded,200,image/png,519,0a83b7d30dd9dde9db452b88e6bc1df6bf5305b7483792a5c88b1c827e369233,,2026-06-03T22:53:27+08:00,https://mxdzlk.com/item/?page_num=56
2040116,item,,item,mxdzlk_item,https://mxdzlk.com/item/2040116/,https://static.mapleartale.com/images/item/2040116.png,assets/items/raw/2040116.png,downloaded,200,image/png,519,0a83b7d30dd9dde9db452b88e6bc1df6bf5305b7483792a5c88b1c827e369233,,2026-06-03T22:53:27+08:00,https://mxdzlk.com/item/?page_num=56
2040117,item,,item,mxdzlk_item,https://mxdzlk.com/item/2040117/,https://static.mapleartale.com/images/item/2040117.png,assets/items/raw/2040117.png,downloaded,200,image/png,519,0a83b7d30dd9dde9db452b88e6bc1df6bf5305b7483792a5c88b1c827e369233,,2026-06-03T22:53:27+08:00,https://mxdzlk.com/item/?page_num=56
2040118,item,,item,mxdzlk_item,https://mxdzlk.com/item/2040118/,https://static.mapleartale.com/images/item/2040118.png,assets/items/raw/2040118.png,downloaded,200,image/png,519,0a83b7d30dd9dde9db452b88e6bc1df6bf5305b7483792a5c88b1c827e369233,,2026-06-03T22:53:27+08:00,https://mxdzlk.com/item/?page_num=56
2040119,item,,item,mxdzlk_item,https://mxdzlk.com/item/2040119/,https://static.mapleartale.com/images/item/2040119.png,assets/items/raw/2040119.png,downloaded,200,image/png,519,0a83b7d30dd9dde9db452b88e6bc1df6bf5305b7483792a5c88b1c827e369233,,2026-06-03T22:53:32+08:00,https://mxdzlk.com/item/?page_num=56
2040200,item,,item,mxdzlk_item,https://mxdzlk.com/item/2040200/,https://static.mapleartale.com/images/item/2040200.png,assets/items/raw/2040200.png,downloaded,200,image/png,715,59be071c7efdb0b90fe1438daf830550677769bd6f825c7600676d401c00abf4,,2026-06-03T22:53:27+08:00,https://mxdzlk.com/item/?page_num=56
2040201,item,,item,mxdzlk_item,https://mxdzlk.com/item/2040201/,https://static.mapleartale.com/images/item/2040201.png,assets/items/raw/2040201.png,downloaded,200,image/png,712,e75f9fd575fd2d7b450166c1bc40073ff88ac0e828056e6286a1748976bac5e8,,2026-06-03T22:53:28+08:00,https://mxdzlk.com/item/?page_num=56
2040203,item,,item,mxdzlk_item,https://mxdzlk.com/item/2040203/,https://static.mapleartale.com/images/item/2040203.png,assets/items/raw/2040203.png,downloaded,200,image/png,736,4769e5502982c54c2d00b79d8ec32a1e023a1d3819a54548f9043ca78708d805,,2026-06-03T22:53:28+08:00,https://mxdzlk.com/item/?page_num=57
2040204,item,,item,mxdzlk_item,https://mxdzlk.com/item/2040204/,https://static.mapleartale.com/images/item/2040204.png,assets/items/raw/2040204.png,downloaded,200,image/png,729,eb37c216312b1b417bddd84e64d1bce90cc5797834dce7d909f9992c387cb1c7,,2026-06-03T22:53:28+08:00,https://mxdzlk.com/item/?page_num=57
2040205,item,,item,mxdzlk_item,https://mxdzlk.com/item/2040205/,https://static.mapleartale.com/images/item/2040205.png,assets/items/raw/2040205.png,downloaded,200,image/png,715,59be071c7efdb0b90fe1438daf830550677769bd6f825c7600676d401c00abf4,,2026-06-03T22:53:29+08:00,https://mxdzlk.com/item/?page_num=57
2040206,item,,item,mxdzlk_item,https://mxdzlk.com/item/2040206/,https://static.mapleartale.com/images/item/2040206.png,assets/items/raw/2040206.png,downloaded,200,image/png,712,e75f9fd575fd2d7b450166c1bc40073ff88ac0e828056e6286a1748976bac5e8,,2026-06-03T22:53:29+08:00,https://mxdzlk.com/item/?page_num=57
2040208,item,,item,mxdzlk_item,https://mxdzlk.com/item/2040208/,https://static.mapleartale.com/images/item/2040208.png,assets/items/raw/2040208.png,downloaded,200,image/png,736,4769e5502982c54c2d00b79d8ec32a1e023a1d3819a54548f9043ca78708d805,,2026-06-03T22:53:30+08:00,https://mxdzlk.com/item/?page_num=57
2040209,item,,item,mxdzlk_item,https://mxdzlk.com/item/2040209/,https://static.mapleartale.com/images/item/2040209.png,assets/items/raw/2040209.png,downloaded,200,image/png,729,eb37c216312b1b417bddd84e64d1bce90cc5797834dce7d909f9992c387cb1c7,,2026-06-03T22:53:29+08:00,https://mxdzlk.com/item/?page_num=57
2040300,item,,item,mxdzlk_item,https://mxdzlk.com/item/2040300/,https://static.mapleartale.com/images/item/2040300.png,assets/items/raw/2040300.png,downloaded,200,image/png,744,a0650ac89cf5bb1da603de2b72057c0f6a379ffe1d3ceb7468a42c75c505e995,,2026-06-03T22:53:29+08:00,https://mxdzlk.com/item/?page_num=57
2040301,item,,item,mxdzlk_item,https://mxdzlk.com/item/2040301/,https://static.mapleartale.com/images/item/2040301.png,assets/items/raw/2040301.png,downloaded,200,image/png,712,e75f9fd575fd2d7b450166c1bc40073ff88ac0e828056e6286a1748976bac5e8,,2026-06-03T22:53:29+08:00,https://mxdzlk.com/item/?page_num=57
2040302,item,,item,mxdzlk_item,https://mxdzlk.com/item/2040302/,https://static.mapleartale.com/images/item/2040302.png,assets/items/raw/2040302.png,downloaded,200,image/png,715,59be071c7efdb0b90fe1438daf830550677769bd6f825c7600676d401c00abf4,,2026-06-03T22:53:30+08:00,https://mxdzlk.com/item/?page_num=57
2040303,item,,item,mxdzlk_item,https://mxdzlk.com/item/2040303/,https://static.mapleartale.com/images/item/2040303.png,assets/items/raw/2040303.png,downloaded,200,image/png,715,59be071c7efdb0b90fe1438daf830550677769bd6f825c7600676d401c00abf4,,2026-06-03T22:53:30+08:00,https://mxdzlk.com/item/?page_num=57
2040304,item,,item,mxdzlk_item,https://mxdzlk.com/item/2040304/,https://static.mapleartale.com/images/item/2040304.png,assets/items/raw/2040304.png,downloaded,200,image/png,729,eb37c216312b1b417bddd84e64d1bce90cc5797834dce7d909f9992c387cb1c7,,2026-06-03T22:53:30+08:00,https://mxdzlk.com/item/?page_num=58
2040305,item,,item,mxdzlk_item,https://mxdzlk.com/item/2040305/,https://static.mapleartale.com/images/item/2040305.png,assets/items/raw/2040305.png,downloaded,200,image/png,736,4769e5502982c54c2d00b79d8ec32a1e023a1d3819a54548f9043ca78708d805,,2026-06-03T22:53:30+08:00,https://mxdzlk.com/item/?page_num=58
2040306,item,,item,mxdzlk_item,https://mxdzlk.com/item/2040306/,https://static.mapleartale.com/images/item/2040306.png,assets/items/raw/2040306.png,downloaded,200,image/png,729,eb37c216312b1b417bddd84e64d1bce90cc5797834dce7d909f9992c387cb1c7,,2026-06-03T22:53:30+08:00,https://mxdzlk.com/item/?page_num=58
2040307,item,,item,mxdzlk_item,https://mxdzlk.com/item/2040307/,https://static.mapleartale.com/images/item/2040307.png,assets/items/raw/2040307.png,downloaded,200,image/png,736,4769e5502982c54c2d00b79d8ec32a1e023a1d3819a54548f9043ca78708d805,,2026-06-03T22:53:31+08:00,https://mxdzlk.com/item/?page_num=58
2040308,item,,item,mxdzlk_item,https://mxdzlk.com/item/2040308/,https://static.mapleartale.com/images/item/2040308.png,assets/items/raw/2040308.png,downloaded,200,image/png,729,eb37c216312b1b417bddd84e64d1bce90cc5797834dce7d909f9992c387cb1c7,,2026-06-03T22:53:30+08:00,https://mxdzlk.com/item/?page_num=58
2040309,item,,item,mxdzlk_item,https://mxdzlk.com/item/2040309/,https://static.mapleartale.com/images/item/2040309.png,assets/items/raw/2040309.png,downloaded,200,image/png,736,4769e5502982c54c2d00b79d8ec32a1e023a1d3819a54548f9043ca78708d805,,2026-06-03T22:53:31+08:00,https://mxdzlk.com/item/?page_num=58
2040310,item,,item,mxdzlk_item,https://mxdzlk.com/item/2040310/,https://static.mapleartale.com/images/item/2040310.png,assets/items/raw/2040310.png,downloaded,200,image/png,715,59be071c7efdb0b90fe1438daf830550677769bd6f825c7600676d401c00abf4,,2026-06-03T22:53:31+08:00,https://mxdzlk.com/item/?page_num=58
2040311,item,,item,mxdzlk_item,https://mxdzlk.com/item/2040311/,https://static.mapleartale.com/images/item/2040311.png,assets/items/raw/2040311.png,downloaded,200,image/png,712,e75f9fd575fd2d7b450166c1bc40073ff88ac0e828056e6286a1748976bac5e8,,2026-06-03T22:53:31+08:00,https://mxdzlk.com/item/?page_num=58
2040312,item,,item,mxdzlk_item,https://mxdzlk.com/item/2040312/,https://static.mapleartale.com/images/item/2040312.png,assets/items/raw/2040312.png,downloaded,200,image/png,744,a0650ac89cf5bb1da603de2b72057c0f6a379ffe1d3ceb7468a42c75c505e995,,2026-06-03T22:53:34+08:00,https://mxdzlk.com/item/?page_num=58
2040313,item,,item,mxdzlk_item,https://mxdzlk.com/item/2040313/,https://static.mapleartale.com/images/item/2040313.png,assets/items/raw/2040313.png,downloaded,200,image/png,1240,15a1e63028e8874f1c6108202ba2d8feddfcee9b99d8dbc0e8af64a357a3a43c,,2026-06-03T22:53:31+08:00,https://mxdzlk.com/item/?page_num=58
2040314,item,,item,mxdzlk_item,https://mxdzlk.com/item/2040314/,https://static.mapleartale.com/images/item/2040314.png,assets/items/raw/2040314.png,downloaded,200,image/png,1245,551c297f7dfc58c242098b53411653dfdbb1a2c4a74f3031fe489d1168ff3ae1,,2026-06-03T22:53:31+08:00,https://mxdzlk.com/item/?page_num=59
2040315,item,,item,mxdzlk_item,https://mxdzlk.com/item/2040315/,https://static.mapleartale.com/images/item/2040315.png,assets/items/raw/2040315.png,downloaded,200,image/png,745,f75127d11c6ebc2472a4e65c35c6d4ba15b9514554662ef3cb88cd4d2f295680,,2026-06-03T22:53:34+08:00,https://mxdzlk.com/item/?page_num=59
2040316,item,,item,mxdzlk_item,https://mxdzlk.com/item/2040316/,https://static.mapleartale.com/images/item/2040316.png,assets/items/raw/2040316.png,downloaded,200,image/png,744,a0650ac89cf5bb1da603de2b72057c0f6a379ffe1d3ceb7468a42c75c505e995,,2026-06-03T22:53:32+08:00,https://mxdzlk.com/item/?page_num=59
2040317,item,,item,mxdzlk_item,https://mxdzlk.com/item/2040317/,https://static.mapleartale.com/images/item/2040317.png,assets/items/raw/2040317.png,downloaded,200,image/png,712,e75f9fd575fd2d7b450166c1bc40073ff88ac0e828056e6286a1748976bac5e8,,2026-06-03T22:53:32+08:00,https://mxdzlk.com/item/?page_num=59
2040318,item,,item,mxdzlk_item,https://mxdzlk.com/item/2040318/,https://static.mapleartale.com/images/item/2040318.png,assets/items/raw/2040318.png,downloaded,200,image/png,715,59be071c7efdb0b90fe1438daf830550677769bd6f825c7600676d401c00abf4,,2026-06-03T22:53:33+08:00,https://mxdzlk.com/item/?page_num=59
2040319,item,,item,mxdzlk_item,https://mxdzlk.com/item/2040319/,https://static.mapleartale.com/images/item/2040319.png,assets/items/raw/2040319.png,downloaded,200,image/png,744,a0650ac89cf5bb1da603de2b72057c0f6a379ffe1d3ceb7468a42c75c505e995,,2026-06-03T22:53:34+08:00,https://mxdzlk.com/item/?page_num=59
2040320,item,,item,mxdzlk_item,https://mxdzlk.com/item/2040320/,https://static.mapleartale.com/images/item/2040320.png,assets/items/raw/2040320.png,downloaded,200,image/png,729,eb37c216312b1b417bddd84e64d1bce90cc5797834dce7d909f9992c387cb1c7,,2026-06-03T22:53:33+08:00,https://mxdzlk.com/item/?page_num=59
2040321,item,,item,mxdzlk_item,https://mxdzlk.com/item/2040321/,https://static.mapleartale.com/images/item/2040321.png,assets/items/raw/2040321.png,downloaded,200,image/png,712,e75f9fd575fd2d7b450166c1bc40073ff88ac0e828056e6286a1748976bac5e8,,2026-06-03T22:53:34+08:00,https://mxdzlk.com/item/?page_num=59
2040322,item,,item,mxdzlk_item,https://mxdzlk.com/item/2040322/,https://static.mapleartale.com/images/item/2040322.png,assets/items/raw/2040322.png,downloaded,200,image/png,736,4769e5502982c54c2d00b79d8ec32a1e023a1d3819a54548f9043ca78708d805,,2026-06-03T22:53:33+08:00,https://mxdzlk.com/item/?page_num=59
2040323,item,,item,mxdzlk_item,https://mxdzlk.com/item/2040323/,https://static.mapleartale.com/images/item/2040323.png,assets/items/raw/2040323.png,downloaded,200,image/png,715,59be071c7efdb0b90fe1438daf830550677769bd6f825c7600676d401c00abf4,,2026-06-03T22:53:34+08:00,https://mxdzlk.com/item/?page_num=59
2040324,item,,item,mxdzlk_item,https://mxdzlk.com/item/2040324/,https://static.mapleartale.com/images/item/2040324.png,assets/items/raw/2040324.png,downloaded,200,image/png,744,a0650ac89cf5bb1da603de2b72057c0f6a379ffe1d3ceb7468a42c75c505e995,,2026-06-03T22:53:34+08:00,https://mxdzlk.com/item/?page_num=60
2040325,item,,item,mxdzlk_item,https://mxdzlk.com/item/2040325/,https://static.mapleartale.com/images/item/2040325.png,assets/items/raw/2040325.png,downloaded,200,image/png,729,eb37c216312b1b417bddd84e64d1bce90cc5797834dce7d909f9992c387cb1c7,,2026-06-03T22:53:35+08:00,https://mxdzlk.com/item/?page_num=60
2040326,item,,item,mxdzlk_item,https://mxdzlk.com/item/2040326/,https://static.mapleartale.com/images/item/2040326.png,assets/items/raw/2040326.png,downloaded,200,image/png,712,e75f9fd575fd2d7b450166c1bc40073ff88ac0e828056e6286a1748976bac5e8,,2026-06-03T22:53:35+08:00,https://mxdzlk.com/item/?page_num=60
2040327,item,,item,mxdzlk_item,https://mxdzlk.com/item/2040327/,https://static.mapleartale.com/images/item/2040327.png,assets/items/raw/2040327.png,downloaded,200,image/png,736,4769e5502982c54c2d00b79d8ec32a1e023a1d3819a54548f9043ca78708d805,,2026-06-03T22:53:35+08:00,https://mxdzlk.com/item/?page_num=60
2040328,item,,item,mxdzlk_item,https://mxdzlk.com/item/2040328/,https://static.mapleartale.com/images/item/2040328.png,assets/items/raw/2040328.png,downloaded,200,image/png,715,59be071c7efdb0b90fe1438daf830550677769bd6f825c7600676d401c00abf4,,2026-06-03T22:53:35+08:00,https://mxdzlk.com/item/?page_num=60
2040400,item,,item,mxdzlk_item,https://mxdzlk.com/item/2040400/,https://static.mapleartale.com/images/item/2040400.png,assets/items/raw/2040400.png,downloaded,200,image/png,744,a0650ac89cf5bb1da603de2b72057c0f6a379ffe1d3ceb7468a42c75c505e995,,2026-06-03T22:53:36+08:00,https://mxdzlk.com/item/?page_num=60
2040401,item,,item,mxdzlk_item,https://mxdzlk.com/item/2040401/,https://static.mapleartale.com/images/item/2040401.png,assets/items/raw/2040401.png,downloaded,200,image/png,712,e75f9fd575fd2d7b450166c1bc40073ff88ac0e828056e6286a1748976bac5e8,,2026-06-03T22:53:35+08:00,https://mxdzlk.com/item/?page_num=60
2040402,item,,item,mxdzlk_item,https://mxdzlk.com/item/2040402/,https://static.mapleartale.com/images/item/2040402.png,assets/items/raw/2040402.png,downloaded,200,image/png,715,59be071c7efdb0b90fe1438daf830550677769bd6f825c7600676d401c00abf4,,2026-06-03T22:53:37+08:00,https://mxdzlk.com/item/?page_num=60
2040403,item,,item,mxdzlk_item,https://mxdzlk.com/item/2040403/,https://static.mapleartale.com/images/item/2040403.png,assets/items/raw/2040403.png,downloaded,200,image/png,715,59be071c7efdb0b90fe1438daf830550677769bd6f825c7600676d401c00abf4,,2026-06-03T22:53:36+08:00,https://mxdzlk.com/item/?page_num=60
2040404,item,,item,mxdzlk_item,https://mxdzlk.com/item/2040404/,https://static.mapleartale.com/images/item/2040404.png,assets/items/raw/2040404.png,downloaded,200,image/png,729,eb37c216312b1b417bddd84e64d1bce90cc5797834dce7d909f9992c387cb1c7,,2026-06-03T22:53:37+08:00,https://mxdzlk.com/item/?page_num=60
2040405,item,,item,mxdzlk_item,https://mxdzlk.com/item/2040405/,https://static.mapleartale.com/images/item/2040405.png,assets/items/raw/2040405.png,downloaded,200,image/png,736,4769e5502982c54c2d00b79d8ec32a1e023a1d3819a54548f9043ca78708d805,,2026-06-03T22:53:43+08:00,https://mxdzlk.com/item/?page_num=61
2040406,item,,item,mxdzlk_item,https://mxdzlk.com/item/2040406/,https://static.mapleartale.com/images/item/2040406.png,assets/items/raw/2040406.png,downloaded,200,image/png,729,eb37c216312b1b417bddd84e64d1bce90cc5797834dce7d909f9992c387cb1c7,,2026-06-03T22:53:38+08:00,https://mxdzlk.com/item/?page_num=61
2040407,item,,item,mxdzlk_item,https://mxdzlk.com/item/2040407/,https://static.mapleartale.com/images/item/2040407.png,assets/items/raw/2040407.png,downloaded,200,image/png,736,4769e5502982c54c2d00b79d8ec32a1e023a1d3819a54548f9043ca78708d805,,2026-06-03T22:53:39+08:00,https://mxdzlk.com/item/?page_num=61
2040408,item,,item,mxdzlk_item,https://mxdzlk.com/item/2040408/,https://static.mapleartale.com/images/item/2040408.png,assets/items/raw/2040408.png,downloaded,200,image/png,729,eb37c216312b1b417bddd84e64d1bce90cc5797834dce7d909f9992c387cb1c7,,2026-06-03T22:53:37+08:00,https://mxdzlk.com/item/?page_num=61
2040409,item,,item,mxdzlk_item,https://mxdzlk.com/item/2040409/,https://static.mapleartale.com/images/item/2040409.png,assets/items/raw/2040409.png,downloaded,200,image/png,736,4769e5502982c54c2d00b79d8ec32a1e023a1d3819a54548f9043ca78708d805,,2026-06-03T22:53:37+08:00,https://mxdzlk.com/item/?page_num=61
2040410,item,,item,mxdzlk_item,https://mxdzlk.com/item/2040410/,https://static.mapleartale.com/images/item/2040410.png,assets/items/raw/2040410.png,downloaded,200,image/png,729,eb37c216312b1b417bddd84e64d1bce90cc5797834dce7d909f9992c387cb1c7,,2026-06-03T22:53:38+08:00,https://mxdzlk.com/item/?page_num=61
2040411,item,,item,mxdzlk_item,https://mxdzlk.com/item/2040411/,https://static.mapleartale.com/images/item/2040411.png,assets/items/raw/2040411.png,downloaded,200,image/png,736,4769e5502982c54c2d00b79d8ec32a1e023a1d3819a54548f9043ca78708d805,,2026-06-03T22:53:38+08:00,https://mxdzlk.com/item/?page_num=61
2040412,item,,item,mxdzlk_item,https://mxdzlk.com/item/2040412/,https://static.mapleartale.com/images/item/2040412.png,assets/items/raw/2040412.png,downloaded,200,image/png,715,59be071c7efdb0b90fe1438daf830550677769bd6f825c7600676d401c00abf4,,2026-06-03T22:53:39+08:00,https://mxdzlk.com/item/?page_num=61
2040413,item,,item,mxdzlk_item,https://mxdzlk.com/item/2040413/,https://static.mapleartale.com/images/item/2040413.png,assets/items/raw/2040413.png,downloaded,200,image/png,712,e75f9fd575fd2d7b450166c1bc40073ff88ac0e828056e6286a1748976bac5e8,,2026-06-03T22:53:38+08:00,https://mxdzlk.com/item/?page_num=61
2040414,item,,item,mxdzlk_item,https://mxdzlk.com/item/2040414/,https://static.mapleartale.com/images/item/2040414.png,assets/items/raw/2040414.png,downloaded,200,image/png,744,a0650ac89cf5bb1da603de2b72057c0f6a379ffe1d3ceb7468a42c75c505e995,,2026-06-03T22:53:38+08:00,https://mxdzlk.com/item/?page_num=61
2040415,item,,item,mxdzlk_item,https://mxdzlk.com/item/2040415/,https://static.mapleartale.com/images/item/2040415.png,assets/items/raw/2040415.png,downloaded,200,image/png,1240,15a1e63028e8874f1c6108202ba2d8feddfcee9b99d8dbc0e8af64a357a3a43c,,2026-06-03T22:53:39+08:00,https://mxdzlk.com/item/?page_num=62
2040416,item,,item,mxdzlk_item,https://mxdzlk.com/item/2040416/,https://static.mapleartale.com/images/item/2040416.png,assets/items/raw/2040416.png,downloaded,200,image/png,1245,551c297f7dfc58c242098b53411653dfdbb1a2c4a74f3031fe489d1168ff3ae1,,2026-06-03T22:53:40+08:00,https://mxdzlk.com/item/?page_num=62
2040417,item,,item,mxdzlk_item,https://mxdzlk.com/item/2040417/,https://static.mapleartale.com/images/item/2040417.png,assets/items/raw/2040417.png,downloaded,200,image/png,744,a0650ac89cf5bb1da603de2b72057c0f6a379ffe1d3ceb7468a42c75c505e995,,2026-06-03T22:53:39+08:00,https://mxdzlk.com/item/?page_num=62
2040418,item,,item,mxdzlk_item,https://mxdzlk.com/item/2040418/,https://static.mapleartale.com/images/item/2040418.png,assets/items/raw/2040418.png,downloaded,200,image/png,712,e75f9fd575fd2d7b450166c1bc40073ff88ac0e828056e6286a1748976bac5e8,,2026-06-03T22:53:43+08:00,https://mxdzlk.com/item/?page_num=62
2040419,item,,item,mxdzlk_item,https://mxdzlk.com/item/2040419/,https://static.mapleartale.com/images/item/2040419.png,assets/items/raw/2040419.png,downloaded,200,image/png,715,59be071c7efdb0b90fe1438daf830550677769bd6f825c7600676d401c00abf4,,2026-06-03T22:53:41+08:00,https://mxdzlk.com/item/?page_num=62
2040420,item,,item,mxdzlk_item,https://mxdzlk.com/item/2040420/,https://static.mapleartale.com/images/item/2040420.png,assets/items/raw/2040420.png,downloaded,200,image/png,744,a0650ac89cf5bb1da603de2b72057c0f6a379ffe1d3ceb7468a42c75c505e995,,2026-06-03T22:53:40+08:00,https://mxdzlk.com/item/?page_num=62
2040421,item,,item,mxdzlk_item,https://mxdzlk.com/item/2040421/,https://static.mapleartale.com/images/item/2040421.png,assets/items/raw/2040421.png,downloaded,200,image/png,712,e75f9fd575fd2d7b450166c1bc40073ff88ac0e828056e6286a1748976bac5e8,,2026-06-03T22:53:41+08:00,https://mxdzlk.com/item/?page_num=62
2040422,item,,item,mxdzlk_item,https://mxdzlk.com/item/2040422/,https://static.mapleartale.com/images/item/2040422.png,assets/items/raw/2040422.png,downloaded,200,image/png,715,59be071c7efdb0b90fe1438daf830550677769bd6f825c7600676d401c00abf4,,2026-06-03T22:53:40+08:00,https://mxdzlk.com/item/?page_num=62
2040423,item,,item,mxdzlk_item,https://mxdzlk.com/item/2040423/,https://static.mapleartale.com/images/item/2040423.png,assets/items/raw/2040423.png,downloaded,200,image/png,744,a0650ac89cf5bb1da603de2b72057c0f6a379ffe1d3ceb7468a42c75c505e995,,2026-06-03T22:53:40+08:00,https://mxdzlk.com/item/?page_num=62
2040424,item,,item,mxdzlk_item,https://mxdzlk.com/item/2040424/,https://static.mapleartale.com/images/item/2040424.png,assets/items/raw/2040424.png,downloaded,200,image/png,729,eb37c216312b1b417bddd84e64d1bce90cc5797834dce7d909f9992c387cb1c7,,2026-06-03T22:53:41+08:00,https://mxdzlk.com/item/?page_num=62
2040425,item,,item,mxdzlk_item,https://mxdzlk.com/item/2040425/,https://static.mapleartale.com/images/item/2040425.png,assets/items/raw/2040425.png,downloaded,200,image/png,712,e75f9fd575fd2d7b450166c1bc40073ff88ac0e828056e6286a1748976bac5e8,,2026-06-03T22:53:41+08:00,https://mxdzlk.com/item/?page_num=63
2040426,item,,item,mxdzlk_item,https://mxdzlk.com/item/2040426/,https://static.mapleartale.com/images/item/2040426.png,assets/items/raw/2040426.png,downloaded,200,image/png,736,4769e5502982c54c2d00b79d8ec32a1e023a1d3819a54548f9043ca78708d805,,2026-06-03T22:53:45+08:00,https://mxdzlk.com/item/?page_num=63
2040427,item,,item,mxdzlk_item,https://mxdzlk.com/item/2040427/,https://static.mapleartale.com/images/item/2040427.png,assets/items/raw/2040427.png,downloaded,200,image/png,715,59be071c7efdb0b90fe1438daf830550677769bd6f825c7600676d401c00abf4,,2026-06-03T22:53:44+08:00,https://mxdzlk.com/item/?page_num=63
2040500,item,,item,mxdzlk_item,https://mxdzlk.com/item/2040500/,https://static.mapleartale.com/images/item/2040500.png,assets/items/raw/2040500.png,downloaded,200,image/png,744,a0650ac89cf5bb1da603de2b72057c0f6a379ffe1d3ceb7468a42c75c505e995,,2026-06-03T22:53:43+08:00,https://mxdzlk.com/item/?page_num=63
2040501,item,,item,mxdzlk_item,https://mxdzlk.com/item/2040501/,https://static.mapleartale.com/images/item/2040501.png,assets/items/raw/2040501.png,downloaded,200,image/png,712,e75f9fd575fd2d7b450166c1bc40073ff88ac0e828056e6286a1748976bac5e8,,2026-06-03T22:53:43+08:00,https://mxdzlk.com/item/?page_num=63
2040502,item,,item,mxdzlk_item,https://mxdzlk.com/item/2040502/,https://static.mapleartale.com/images/item/2040502.png,assets/items/raw/2040502.png,downloaded,200,image/png,715,59be071c7efdb0b90fe1438daf830550677769bd6f825c7600676d401c00abf4,,2026-06-03T22:53:42+08:00,https://mxdzlk.com/item/?page_num=63
2040503,item,,item,mxdzlk_item,https://mxdzlk.com/item/2040503/,https://static.mapleartale.com/images/item/2040503.png,assets/items/raw/2040503.png,downloaded,200,image/png,744,a0650ac89cf5bb1da603de2b72057c0f6a379ffe1d3ceb7468a42c75c505e995,,2026-06-03T22:53:43+08:00,https://mxdzlk.com/item/?page_num=63
2040504,item,,item,mxdzlk_item,https://mxdzlk.com/item/2040504/,https://static.mapleartale.com/images/item/2040504.png,assets/items/raw/2040504.png,downloaded,200,image/png,712,e75f9fd575fd2d7b450166c1bc40073ff88ac0e828056e6286a1748976bac5e8,,2026-06-03T22:53:43+08:00,https://mxdzlk.com/item/?page_num=63
2040505,item,,item,mxdzlk_item,https://mxdzlk.com/item/2040505/,https://static.mapleartale.com/images/item/2040505.png,assets/items/raw/2040505.png,downloaded,200,image/png,715,59be071c7efdb0b90fe1438daf830550677769bd6f825c7600676d401c00abf4,,2026-06-03T22:53:44+08:00,https://mxdzlk.com/item/?page_num=63
2040506,item,,item,mxdzlk_item,https://mxdzlk.com/item/2040506/,https://static.mapleartale.com/images/item/2040506.png,assets/items/raw/2040506.png,downloaded,200,image/png,715,59be071c7efdb0b90fe1438daf830550677769bd6f825c7600676d401c00abf4,,2026-06-03T22:53:45+08:00,https://mxdzlk.com/item/?page_num=63
2040507,item,,item,mxdzlk_item,https://mxdzlk.com/item/2040507/,https://static.mapleartale.com/images/item/2040507.png,assets/items/raw/2040507.png,downloaded,200,image/png,715,59be071c7efdb0b90fe1438daf830550677769bd6f825c7600676d401c00abf4,,2026-06-03T22:53:44+08:00,https://mxdzlk.com/item/?page_num=64
2040508,item,,item,mxdzlk_item,https://mxdzlk.com/item/2040508/,https://static.mapleartale.com/images/item/2040508.png,assets/items/raw/2040508.png,downloaded,200,image/png,729,eb37c216312b1b417bddd84e64d1bce90cc5797834dce7d909f9992c387cb1c7,,2026-06-03T22:53:46+08:00,https://mxdzlk.com/item/?page_num=64
2040509,item,,item,mxdzlk_item,https://mxdzlk.com/item/2040509/,https://static.mapleartale.com/images/item/2040509.png,assets/items/raw/2040509.png,downloaded,200,image/png,736,4769e5502982c54c2d00b79d8ec32a1e023a1d3819a54548f9043ca78708d805,,2026-06-03T22:53:44+08:00,https://mxdzlk.com/item/?page_num=64
2040510,item,,item,mxdzlk_item,https://mxdzlk.com/item/2040510/,https://static.mapleartale.com/images/item/2040510.png,assets/items/raw/2040510.png,downloaded,200,image/png,729,eb37c216312b1b417bddd84e64d1bce90cc5797834dce7d909f9992c387cb1c7,,2026-06-03T22:53:44+08:00,https://mxdzlk.com/item/?page_num=64
2040511,item,,item,mxdzlk_item,https://mxdzlk.com/item/2040511/,https://static.mapleartale.com/images/item/2040511.png,assets/items/raw/2040511.png,downloaded,200,image/png,736,4769e5502982c54c2d00b79d8ec32a1e023a1d3819a54548f9043ca78708d805,,2026-06-03T22:53:45+08:00,https://mxdzlk.com/item/?page_num=64
2040512,item,,item,mxdzlk_item,https://mxdzlk.com/item/2040512/,https://static.mapleartale.com/images/item/2040512.png,assets/items/raw/2040512.png,downloaded,200,image/png,744,a0650ac89cf5bb1da603de2b72057c0f6a379ffe1d3ceb7468a42c75c505e995,,2026-06-03T22:53:46+08:00,https://mxdzlk.com/item/?page_num=64
2040513,item,,item,mxdzlk_item,https://mxdzlk.com/item/2040513/,https://static.mapleartale.com/images/item/2040513.png,assets/items/raw/2040513.png,downloaded,200,image/png,712,e75f9fd575fd2d7b450166c1bc40073ff88ac0e828056e6286a1748976bac5e8,,2026-06-03T22:53:46+08:00,https://mxdzlk.com/item/?page_num=64
2040514,item,,item,mxdzlk_item,https://mxdzlk.com/item/2040514/,https://static.mapleartale.com/images/item/2040514.png,assets/items/raw/2040514.png,downloaded,200,image/png,715,59be071c7efdb0b90fe1438daf830550677769bd6f825c7600676d401c00abf4,,2026-06-03T22:53:45+08:00,https://mxdzlk.com/item/?page_num=64
2040515,item,,item,mxdzlk_item,https://mxdzlk.com/item/2040515/,https://static.mapleartale.com/images/item/2040515.png,assets/items/raw/2040515.png,downloaded,200,image/png,744,a0650ac89cf5bb1da603de2b72057c0f6a379ffe1d3ceb7468a42c75c505e995,,2026-06-03T22:53:45+08:00,https://mxdzlk.com/item/?page_num=64
2040516,item,,item,mxdzlk_item,https://mxdzlk.com/item/2040516/,https://static.mapleartale.com/images/item/2040516.png,assets/items/raw/2040516.png,downloaded,200,image/png,712,e75f9fd575fd2d7b450166c1bc40073ff88ac0e828056e6286a1748976bac5e8,,2026-06-03T22:53:49+08:00,https://mxdzlk.com/item/?page_num=64
2040517,item,,item,mxdzlk_item,https://mxdzlk.com/item/2040517/,https://static.mapleartale.com/images/item/2040517.png,assets/items/raw/2040517.png,downloaded,200,image/png,715,59be071c7efdb0b90fe1438daf830550677769bd6f825c7600676d401c00abf4,,2026-06-03T22:53:46+08:00,https://mxdzlk.com/item/?page_num=65
2040518,item,,item,mxdzlk_item,https://mxdzlk.com/item/2040518/,https://static.mapleartale.com/images/item/2040518.png,assets/items/raw/2040518.png,downloaded,200,image/png,729,eb37c216312b1b417bddd84e64d1bce90cc5797834dce7d909f9992c387cb1c7,,2026-06-03T22:53:46+08:00,https://mxdzlk.com/item/?page_num=65
2040519,item,,item,mxdzlk_item,https://mxdzlk.com/item/2040519/,https://static.mapleartale.com/images/item/2040519.png,assets/items/raw/2040519.png,downloaded,200,image/png,736,4769e5502982c54c2d00b79d8ec32a1e023a1d3819a54548f9043ca78708d805,,2026-06-03T22:53:47+08:00,https://mxdzlk.com/item/?page_num=65
2040520,item,,item,mxdzlk_item,https://mxdzlk.com/item/2040520/,https://static.mapleartale.com/images/item/2040520.png,assets/items/raw/2040520.png,downloaded,200,image/png,729,eb37c216312b1b417bddd84e64d1bce90cc5797834dce7d909f9992c387cb1c7,,2026-06-03T22:53:47+08:00,https://mxdzlk.com/item/?page_num=65
2040521,item,,item,mxdzlk_item,https://mxdzlk.com/item/2040521/,https://static.mapleartale.com/images/item/2040521.png,assets/items/raw/2040521.png,downloaded,200,image/png,736,4769e5502982c54c2d00b79d8ec32a1e023a1d3819a54548f9043ca78708d805,,2026-06-03T22:53:47+08:00,https://mxdzlk.com/item/?page_num=65
2040522,item,,item,mxdzlk_item,https://mxdzlk.com/item/2040522/,https://static.mapleartale.com/images/item/2040522.png,assets/items/raw/2040522.png,downloaded,200,image/png,1240,15a1e63028e8874f1c6108202ba2d8feddfcee9b99d8dbc0e8af64a357a3a43c,,2026-06-03T22:53:48+08:00,https://mxdzlk.com/item/?page_num=65
2040523,item,,item,mxdzlk_item,https://mxdzlk.com/item/2040523/,https://static.mapleartale.com/images/item/2040523.png,assets/items/raw/2040523.png,downloaded,200,image/png,1245,551c297f7dfc58c242098b53411653dfdbb1a2c4a74f3031fe489d1168ff3ae1,,2026-06-03T22:53:49+08:00,https://mxdzlk.com/item/?page_num=65
2040524,item,,item,mxdzlk_item,https://mxdzlk.com/item/2040524/,https://static.mapleartale.com/images/item/2040524.png,assets/items/raw/2040524.png,downloaded,200,image/png,1240,15a1e63028e8874f1c6108202ba2d8feddfcee9b99d8dbc0e8af64a357a3a43c,,2026-06-03T22:53:49+08:00,https://mxdzlk.com/item/?page_num=65
2040525,item,,item,mxdzlk_item,https://mxdzlk.com/item/2040525/,https://static.mapleartale.com/images/item/2040525.png,assets/items/raw/2040525.png,downloaded,200,image/png,1245,551c297f7dfc58c242098b53411653dfdbb1a2c4a74f3031fe489d1168ff3ae1,,2026-06-03T22:53:48+08:00,https://mxdzlk.com/item/?page_num=65
2040526,item,,item,mxdzlk_item,https://mxdzlk.com/item/2040526/,https://static.mapleartale.com/images/item/2040526.png,assets/items/raw/2040526.png,downloaded,200,image/png,1240,15a1e63028e8874f1c6108202ba2d8feddfcee9b99d8dbc0e8af64a357a3a43c,,2026-06-03T22:53:48+08:00,https://mxdzlk.com/item/?page_num=65
2040527,item,,item,mxdzlk_item,https://mxdzlk.com/item/2040527/,https://static.mapleartale.com/images/item/2040527.png,assets/items/raw/2040527.png,downloaded,200,image/png,1245,551c297f7dfc58c242098b53411653dfdbb1a2c4a74f3031fe489d1168ff3ae1,,2026-06-03T22:53:50+08:00,https://mxdzlk.com/item/?page_num=66
2040528,item,,item,mxdzlk_item,https://mxdzlk.com/item/2040528/,https://static.mapleartale.com/images/item/2040528.png,assets/items/raw/2040528.png,downloaded,200,image/png,1240,15a1e63028e8874f1c6108202ba2d8feddfcee9b99d8dbc0e8af64a357a3a43c,,2026-06-03T22:53:48+08:00,https://mxdzlk.com/item/?page_num=66
2040529,item,,item,mxdzlk_item,https://mxdzlk.com/item/2040529/,https://static.mapleartale.com/images/item/2040529.png,assets/items/raw/2040529.png,downloaded,200,image/png,1245,551c297f7dfc58c242098b53411653dfdbb1a2c4a74f3031fe489d1168ff3ae1,,2026-06-03T22:53:49+08:00,https://mxdzlk.com/item/?page_num=66
2040530,item,,item,mxdzlk_item,https://mxdzlk.com/item/2040530/,https://static.mapleartale.com/images/item/2040530.png,assets/items/raw/2040530.png,downloaded,200,image/png,744,a0650ac89cf5bb1da603de2b72057c0f6a379ffe1d3ceb7468a42c75c505e995,,2026-06-03T22:53:50+08:00,https://mxdzlk.com/item/?page_num=66
2040531,item,,item,mxdzlk_item,https://mxdzlk.com/item/2040531/,https://static.mapleartale.com/images/item/2040531.png,assets/items/raw/2040531.png,downloaded,200,image/png,729,eb37c216312b1b417bddd84e64d1bce90cc5797834dce7d909f9992c387cb1c7,,2026-06-03T22:53:49+08:00,https://mxdzlk.com/item/?page_num=66
2040532,item,,item,mxdzlk_item,https://mxdzlk.com/item/2040532/,https://static.mapleartale.com/images/item/2040532.png,assets/items/raw/2040532.png,downloaded,200,image/png,712,e75f9fd575fd2d7b450166c1bc40073ff88ac0e828056e6286a1748976bac5e8,,2026-06-03T22:53:49+08:00,https://mxdzlk.com/item/?page_num=66
2040533,item,,item,mxdzlk_item,https://mxdzlk.com/item/2040533/,https://static.mapleartale.com/images/item/2040533.png,assets/items/raw/2040533.png,downloaded,200,image/png,736,4769e5502982c54c2d00b79d8ec32a1e023a1d3819a54548f9043ca78708d805,,2026-06-03T22:53:50+08:00,https://mxdzlk.com/item/?page_num=66
2040534,item,,item,mxdzlk_item,https://mxdzlk.com/item/2040534/,https://static.mapleartale.com/images/item/2040534.png,assets/items/raw/2040534.png,downloaded,200,image/png,715,59be071c7efdb0b90fe1438daf830550677769bd6f825c7600676d401c00abf4,,2026-06-03T22:53:51+08:00,https://mxdzlk.com/item/?page_num=66
2040600,item,,item,mxdzlk_item,https://mxdzlk.com/item/2040600/,https://static.mapleartale.com/images/item/2040600.png,assets/items/raw/2040600.png,downloaded,200,image/png,744,a0650ac89cf5bb1da603de2b72057c0f6a379ffe1d3ceb7468a42c75c505e995,,2026-06-03T22:53:50+08:00,https://mxdzlk.com/item/?page_num=66
2040601,item,,item,mxdzlk_item,https://mxdzlk.com/item/2040601/,https://static.mapleartale.com/images/item/2040601.png,assets/items/raw/2040601.png,downloaded,200,image/png,712,e75f9fd575fd2d7b450166c1bc40073ff88ac0e828056e6286a1748976bac5e8,,2026-06-03T22:53:50+08:00,https://mxdzlk.com/item/?page_num=66
2040602,item,,item,mxdzlk_item,https://mxdzlk.com/item/2040602/,https://static.mapleartale.com/images/item/2040602.png,assets/items/raw/2040602.png,downloaded,200,image/png,715,59be071c7efdb0b90fe1438daf830550677769bd6f825c7600676d401c00abf4,,2026-06-03T22:53:52+08:00,https://mxdzlk.com/item/?page_num=67
2040603,item,,item,mxdzlk_item,https://mxdzlk.com/item/2040603/,https://static.mapleartale.com/images/item/2040603.png,assets/items/raw/2040603.png,downloaded,200,image/png,715,59be071c7efdb0b90fe1438daf830550677769bd6f825c7600676d401c00abf4,,2026-06-03T22:53:50+08:00,https://mxdzlk.com/item/?page_num=67
2040604,item,,item,mxdzlk_item,https://mxdzlk.com/item/2040604/,https://static.mapleartale.com/images/item/2040604.png,assets/items/raw/2040604.png,downloaded,200,image/png,729,eb37c216312b1b417bddd84e64d1bce90cc5797834dce7d909f9992c387cb1c7,,2026-06-03T22:53:51+08:00,https://mxdzlk.com/item/?page_num=67
2040605,item,,item,mxdzlk_item,https://mxdzlk.com/item/2040605/,https://static.mapleartale.com/images/item/2040605.png,assets/items/raw/2040605.png,downloaded,200,image/png,736,4769e5502982c54c2d00b79d8ec32a1e023a1d3819a54548f9043ca78708d805,,2026-06-03T22:53:51+08:00,https://mxdzlk.com/item/?page_num=67
2040606,item,,item,mxdzlk_item,https://mxdzlk.com/item/2040606/,https://static.mapleartale.com/images/item/2040606.png,assets/items/raw/2040606.png,downloaded,200,image/png,729,eb37c216312b1b417bddd84e64d1bce90cc5797834dce7d909f9992c387cb1c7,,2026-06-03T22:53:51+08:00,https://mxdzlk.com/item/?page_num=67
2040607,item,,item,mxdzlk_item,https://mxdzlk.com/item/2040607/,https://static.mapleartale.com/images/item/2040607.png,assets/items/raw/2040607.png,downloaded,200,image/png,736,4769e5502982c54c2d00b79d8ec32a1e023a1d3819a54548f9043ca78708d805,,2026-06-03T22:53:52+08:00,https://mxdzlk.com/item/?page_num=67
2040608,item,,item,mxdzlk_item,https://mxdzlk.com/item/2040608/,https://static.mapleartale.com/images/item/2040608.png,assets/items/raw/2040608.png,downloaded,200,image/png,729,eb37c216312b1b417bddd84e64d1bce90cc5797834dce7d909f9992c387cb1c7,,2026-06-03T22:53:51+08:00,https://mxdzlk.com/item/?page_num=67
2040609,item,,item,mxdzlk_item,https://mxdzlk.com/item/2040609/,https://static.mapleartale.com/images/item/2040609.png,assets/items/raw/2040609.png,downloaded,200,image/png,736,4769e5502982c54c2d00b79d8ec32a1e023a1d3819a54548f9043ca78708d805,,2026-06-03T22:53:51+08:00,https://mxdzlk.com/item/?page_num=67
2040610,item,,item,mxdzlk_item,https://mxdzlk.com/item/2040610/,https://static.mapleartale.com/images/item/2040610.png,assets/items/raw/2040610.png,downloaded,200,image/png,729,eb37c216312b1b417bddd84e64d1bce90cc5797834dce7d909f9992c387cb1c7,,2026-06-03T22:53:52+08:00,https://mxdzlk.com/item/?page_num=67
2040611,item,,item,mxdzlk_item,https://mxdzlk.com/item/2040611/,https://static.mapleartale.com/images/item/2040611.png,assets/items/raw/2040611.png,downloaded,200,image/png,736,4769e5502982c54c2d00b79d8ec32a1e023a1d3819a54548f9043ca78708d805,,2026-06-03T22:53:53+08:00,https://mxdzlk.com/item/?page_num=67
2040612,item,,item,mxdzlk_item,https://mxdzlk.com/item/2040612/,https://static.mapleartale.com/images/item/2040612.png,assets/items/raw/2040612.png,downloaded,200,image/png,715,59be071c7efdb0b90fe1438daf830550677769bd6f825c7600676d401c00abf4,,2026-06-03T22:53:52+08:00,https://mxdzlk.com/item/?page_num=68
2040613,item,,item,mxdzlk_item,https://mxdzlk.com/item/2040613/,https://static.mapleartale.com/images/item/2040613.png,assets/items/raw/2040613.png,downloaded,200,image/png,712,e75f9fd575fd2d7b450166c1bc40073ff88ac0e828056e6286a1748976bac5e8,,2026-06-03T22:53:53+08:00,https://mxdzlk.com/item/?page_num=68
2040614,item,,item,mxdzlk_item,https://mxdzlk.com/item/2040614/,https://static.mapleartale.com/images/item/2040614.png,assets/items/raw/2040614.png,downloaded,200,image/png,744,a0650ac89cf5bb1da603de2b72057c0f6a379ffe1d3ceb7468a42c75c505e995,,2026-06-03T22:53:53+08:00,https://mxdzlk.com/item/?page_num=68
2040615,item,,item,mxdzlk_item,https://mxdzlk.com/item/2040615/,https://static.mapleartale.com/images/item/2040615.png,assets/items/raw/2040615.png,downloaded,200,image/png,1240,15a1e63028e8874f1c6108202ba2d8feddfcee9b99d8dbc0e8af64a357a3a43c,,2026-06-03T22:53:53+08:00,https://mxdzlk.com/item/?page_num=68
2040616,item,,item,mxdzlk_item,https://mxdzlk.com/item/2040616/,https://static.mapleartale.com/images/item/2040616.png,assets/items/raw/2040616.png,downloaded,200,image/png,1245,551c297f7dfc58c242098b53411653dfdbb1a2c4a74f3031fe489d1168ff3ae1,,2026-06-03T22:53:54+08:00,https://mxdzlk.com/item/?page_num=68
2040617,item,,item,mxdzlk_item,https://mxdzlk.com/item/2040617/,https://static.mapleartale.com/images/item/2040617.png,assets/items/raw/2040617.png,downloaded,200,image/png,744,a0650ac89cf5bb1da603de2b72057c0f6a379ffe1d3ceb7468a42c75c505e995,,2026-06-03T22:53:53+08:00,https://mxdzlk.com/item/?page_num=68
2040618,item,,item,mxdzlk_item,https://mxdzlk.com/item/2040618/,https://static.mapleartale.com/images/item/2040618.png,assets/items/raw/2040618.png,downloaded,200,image/png,712,e75f9fd575fd2d7b450166c1bc40073ff88ac0e828056e6286a1748976bac5e8,,2026-06-03T22:53:53+08:00,https://mxdzlk.com/item/?page_num=68
2040619,item,,item,mxdzlk_item,https://mxdzlk.com/item/2040619/,https://static.mapleartale.com/images/item/2040619.png,assets/items/raw/2040619.png,downloaded,200,image/png,715,59be071c7efdb0b90fe1438daf830550677769bd6f825c7600676d401c00abf4,,2026-06-03T22:53:53+08:00,https://mxdzlk.com/item/?page_num=68
2040620,item,,item,mxdzlk_item,https://mxdzlk.com/item/2040620/,https://static.mapleartale.com/images/item/2040620.png,assets/items/raw/2040620.png,downloaded,200,image/png,744,a0650ac89cf5bb1da603de2b72057c0f6a379ffe1d3ceb7468a42c75c505e995,,2026-06-03T22:53:55+08:00,https://mxdzlk.com/item/?page_num=68
2040621,item,,item,mxdzlk_item,https://mxdzlk.com/item/2040621/,https://static.mapleartale.com/images/item/2040621.png,assets/items/raw/2040621.png,downloaded,200,image/png,712,e75f9fd575fd2d7b450166c1bc40073ff88ac0e828056e6286a1748976bac5e8,,2026-06-03T22:53:56+08:00,https://mxdzlk.com/item/?page_num=68
2040622,item,,item,mxdzlk_item,https://mxdzlk.com/item/2040622/,https://static.mapleartale.com/images/item/2040622.png,assets/items/raw/2040622.png,downloaded,200,image/png,715,59be071c7efdb0b90fe1438daf830550677769bd6f825c7600676d401c00abf4,,2026-06-03T22:53:54+08:00,https://mxdzlk.com/item/?page_num=69
2040623,item,,item,mxdzlk_item,https://mxdzlk.com/item/2040623/,https://static.mapleartale.com/images/item/2040623.png,assets/items/raw/2040623.png,downloaded,200,image/png,744,a0650ac89cf5bb1da603de2b72057c0f6a379ffe1d3ceb7468a42c75c505e995,,2026-06-03T22:53:54+08:00,https://mxdzlk.com/item/?page_num=69
2040624,item,,item,mxdzlk_item,https://mxdzlk.com/item/2040624/,https://static.mapleartale.com/images/item/2040624.png,assets/items/raw/2040624.png,downloaded,200,image/png,729,eb37c216312b1b417bddd84e64d1bce90cc5797834dce7d909f9992c387cb1c7,,2026-06-03T22:53:54+08:00,https://mxdzlk.com/item/?page_num=69
2040625,item,,item,mxdzlk_item,https://mxdzlk.com/item/2040625/,https://static.mapleartale.com/images/item/2040625.png,assets/items/raw/2040625.png,downloaded,200,image/png,712,e75f9fd575fd2d7b450166c1bc40073ff88ac0e828056e6286a1748976bac5e8,,2026-06-03T22:53:56+08:00,https://mxdzlk.com/item/?page_num=69
2040626,item,,item,mxdzlk_item,https://mxdzlk.com/item/2040626/,https://static.mapleartale.com/images/item/2040626.png,assets/items/raw/2040626.png,downloaded,200,image/png,736,4769e5502982c54c2d00b79d8ec32a1e023a1d3819a54548f9043ca78708d805,,2026-06-03T22:53:55+08:00,https://mxdzlk.com/item/?page_num=69
2040627,item,,item,mxdzlk_item,https://mxdzlk.com/item/2040627/,https://static.mapleartale.com/images/item/2040627.png,assets/items/raw/2040627.png,downloaded,200,image/png,715,59be071c7efdb0b90fe1438daf830550677769bd6f825c7600676d401c00abf4,,2026-06-03T22:53:56+08:00,https://mxdzlk.com/item/?page_num=69
2040700,item,,item,mxdzlk_item,https://mxdzlk.com/item/2040700/,https://static.mapleartale.com/images/item/2040700.png,assets/items/raw/2040700.png,downloaded,200,image/png,744,a0650ac89cf5bb1da603de2b72057c0f6a379ffe1d3ceb7468a42c75c505e995,,2026-06-03T22:53:55+08:00,https://mxdzlk.com/item/?page_num=69
2040701,item,,item,mxdzlk_item,https://mxdzlk.com/item/2040701/,https://static.mapleartale.com/images/item/2040701.png,assets/items/raw/2040701.png,downloaded,200,image/png,712,e75f9fd575fd2d7b450166c1bc40073ff88ac0e828056e6286a1748976bac5e8,,2026-06-03T22:53:56+08:00,https://mxdzlk.com/item/?page_num=69
2040702,item,,item,mxdzlk_item,https://mxdzlk.com/item/2040702/,https://static.mapleartale.com/images/item/2040702.png,assets/items/raw/2040702.png,downloaded,200,image/png,715,59be071c7efdb0b90fe1438daf830550677769bd6f825c7600676d401c00abf4,,2026-06-03T22:53:55+08:00,https://mxdzlk.com/item/?page_num=69
2040703,item,,item,mxdzlk_item,https://mxdzlk.com/item/2040703/,https://static.mapleartale.com/images/item/2040703.png,assets/items/raw/2040703.png,downloaded,200,image/png,744,a0650ac89cf5bb1da603de2b72057c0f6a379ffe1d3ceb7468a42c75c505e995,,2026-06-03T22:53:56+08:00,https://mxdzlk.com/item/?page_num=69
2040704,item,,item,mxdzlk_item,https://mxdzlk.com/item/2040704/,https://static.mapleartale.com/images/item/2040704.png,assets/items/raw/2040704.png,downloaded,200,image/png,712,e75f9fd575fd2d7b450166c1bc40073ff88ac0e828056e6286a1748976bac5e8,,2026-06-03T22:53:57+08:00,https://mxdzlk.com/item/?page_num=70
2040705,item,,item,mxdzlk_item,https://mxdzlk.com/item/2040705/,https://static.mapleartale.com/images/item/2040705.png,assets/items/raw/2040705.png,downloaded,200,image/png,715,59be071c7efdb0b90fe1438daf830550677769bd6f825c7600676d401c00abf4,,2026-06-03T22:53:56+08:00,https://mxdzlk.com/item/?page_num=70
2040706,item,,item,mxdzlk_item,https://mxdzlk.com/item/2040706/,https://static.mapleartale.com/images/item/2040706.png,assets/items/raw/2040706.png,downloaded,200,image/png,744,a0650ac89cf5bb1da603de2b72057c0f6a379ffe1d3ceb7468a42c75c505e995,,2026-06-03T22:53:56+08:00,https://mxdzlk.com/item/?page_num=70
2040707,item,,item,mxdzlk_item,https://mxdzlk.com/item/2040707/,https://static.mapleartale.com/images/item/2040707.png,assets/items/raw/2040707.png,downloaded,200,image/png,712,e75f9fd575fd2d7b450166c1bc40073ff88ac0e828056e6286a1748976bac5e8,,2026-06-03T22:53:56+08:00,https://mxdzlk.com/item/?page_num=70
2040708,item,,item,mxdzlk_item,https://mxdzlk.com/item/2040708/,https://static.mapleartale.com/images/item/2040708.png,assets/items/raw/2040708.png,downloaded,200,image/png,715,59be071c7efdb0b90fe1438daf830550677769bd6f825c7600676d401c00abf4,,2026-06-03T22:53:57+08:00,https://mxdzlk.com/item/?page_num=70
2040709,item,,item,mxdzlk_item,https://mxdzlk.com/item/2040709/,https://static.mapleartale.com/images/item/2040709.png,assets/items/raw/2040709.png,downloaded,200,image/png,715,59be071c7efdb0b90fe1438daf830550677769bd6f825c7600676d401c00abf4,,2026-06-03T22:54:00+08:00,https://mxdzlk.com/item/?page_num=70
2040710,item,,item,mxdzlk_item,https://mxdzlk.com/item/2040710/,https://static.mapleartale.com/images/item/2040710.png,assets/items/raw/2040710.png,downloaded,200,image/png,715,59be071c7efdb0b90fe1438daf830550677769bd6f825c7600676d401c00abf4,,2026-06-03T22:53:57+08:00,https://mxdzlk.com/item/?page_num=70
2040711,item,,item,mxdzlk_item,https://mxdzlk.com/item/2040711/,https://static.mapleartale.com/images/item/2040711.png,assets/items/raw/2040711.png,downloaded,200,image/png,715,59be071c7efdb0b90fe1438daf830550677769bd6f825c7600676d401c00abf4,,2026-06-03T22:53:57+08:00,https://mxdzlk.com/item/?page_num=70
2040712,item,,item,mxdzlk_item,https://mxdzlk.com/item/2040712/,https://static.mapleartale.com/images/item/2040712.png,assets/items/raw/2040712.png,downloaded,200,image/png,729,eb37c216312b1b417bddd84e64d1bce90cc5797834dce7d909f9992c387cb1c7,,2026-06-03T22:53:59+08:00,https://mxdzlk.com/item/?page_num=70
2040713,item,,item,mxdzlk_item,https://mxdzlk.com/item/2040713/,https://static.mapleartale.com/images/item/2040713.png,assets/items/raw/2040713.png,downloaded,200,image/png,736,4769e5502982c54c2d00b79d8ec32a1e023a1d3819a54548f9043ca78708d805,,2026-06-03T22:53:58+08:00,https://mxdzlk.com/item/?page_num=70
2040714,item,,item,mxdzlk_item,https://mxdzlk.com/item/2040714/,https://static.mapleartale.com/images/item/2040714.png,assets/items/raw/2040714.png,downloaded,200,image/png,729,eb37c216312b1b417bddd84e64d1bce90cc5797834dce7d909f9992c387cb1c7,,2026-06-03T22:53:57+08:00,https://mxdzlk.com/item/?page_num=71
2040715,item,,item,mxdzlk_item,https://mxdzlk.com/item/2040715/,https://static.mapleartale.com/images/item/2040715.png,assets/items/raw/2040715.png,downloaded,200,image/png,736,4769e5502982c54c2d00b79d8ec32a1e023a1d3819a54548f9043ca78708d805,,2026-06-03T22:54:01+08:00,https://mxdzlk.com/item/?page_num=71
2040716,item,,item,mxdzlk_item,https://mxdzlk.com/item/2040716/,https://static.mapleartale.com/images/item/2040716.png,assets/items/raw/2040716.png,downloaded,200,image/png,729,eb37c216312b1b417bddd84e64d1bce90cc5797834dce7d909f9992c387cb1c7,,2026-06-03T22:53:58+08:00,https://mxdzlk.com/item/?page_num=71
2040717,item,,item,mxdzlk_item,https://mxdzlk.com/item/2040717/,https://static.mapleartale.com/images/item/2040717.png,assets/items/raw/2040717.png,downloaded,200,image/png,736,4769e5502982c54c2d00b79d8ec32a1e023a1d3819a54548f9043ca78708d805,,2026-06-03T22:53:58+08:00,https://mxdzlk.com/item/?page_num=71
2040718,item,,item,mxdzlk_item,https://mxdzlk.com/item/2040718/,https://static.mapleartale.com/images/item/2040718.png,assets/items/raw/2040718.png,downloaded,200,image/png,1240,15a1e63028e8874f1c6108202ba2d8feddfcee9b99d8dbc0e8af64a357a3a43c,,2026-06-03T22:53:59+08:00,https://mxdzlk.com/item/?page_num=71
2040719,item,,item,mxdzlk_item,https://mxdzlk.com/item/2040719/,https://static.mapleartale.com/images/item/2040719.png,assets/items/raw/2040719.png,downloaded,200,image/png,1245,551c297f7dfc58c242098b53411653dfdbb1a2c4a74f3031fe489d1168ff3ae1,,2026-06-03T22:53:58+08:00,https://mxdzlk.com/item/?page_num=71
2040720,item,,item,mxdzlk_item,https://mxdzlk.com/item/2040720/,https://static.mapleartale.com/images/item/2040720.png,assets/items/raw/2040720.png,downloaded,200,image/png,1240,15a1e63028e8874f1c6108202ba2d8feddfcee9b99d8dbc0e8af64a357a3a43c,,2026-06-03T22:53:59+08:00,https://mxdzlk.com/item/?page_num=71
2040721,item,,item,mxdzlk_item,https://mxdzlk.com/item/2040721/,https://static.mapleartale.com/images/item/2040721.png,assets/items/raw/2040721.png,downloaded,200,image/png,1245,551c297f7dfc58c242098b53411653dfdbb1a2c4a74f3031fe489d1168ff3ae1,,2026-06-03T22:54:00+08:00,https://mxdzlk.com/item/?page_num=71
2040722,item,,item,mxdzlk_item,https://mxdzlk.com/item/2040722/,https://static.mapleartale.com/images/item/2040722.png,assets/items/raw/2040722.png,downloaded,200,image/png,1240,15a1e63028e8874f1c6108202ba2d8feddfcee9b99d8dbc0e8af64a357a3a43c,,2026-06-03T22:53:59+08:00,https://mxdzlk.com/item/?page_num=71
2040723,item,,item,mxdzlk_item,https://mxdzlk.com/item/2040723/,https://static.mapleartale.com/images/item/2040723.png,assets/items/raw/2040723.png,downloaded,200,image/png,1245,551c297f7dfc58c242098b53411653dfdbb1a2c4a74f3031fe489d1168ff3ae1,,2026-06-03T22:54:14+08:00,https://mxdzlk.com/item/?page_num=71
2040727,item,,item,mxdzlk_item,https://mxdzlk.com/item/2040727/,https://static.mapleartale.com/images/item/2040727.png,assets/items/raw/2040727.png,downloaded,200,image/png,814,0040d9611a720efebeb279d64769772970db94d151ab3e472d314ef4c686f1ca,,2026-06-03T22:54:00+08:00,https://mxdzlk.com/item/?page_num=72
2040728,item,,item,mxdzlk_item,https://mxdzlk.com/item/2040728/,https://static.mapleartale.com/images/item/2040728.png,assets/items/raw/2040728.png,downloaded,200,image/png,543,6bc1d4341ffb3e11a2559fe99453aa8c5fa961abaf24921dc083463cacfaad37,,2026-06-03T22:54:00+08:00,https://mxdzlk.com/item/?page_num=72
2040729,item,,item,mxdzlk_item,https://mxdzlk.com/item/2040729/,https://static.mapleartale.com/images/item/2040729.png,assets/items/raw/2040729.png,downloaded,200,image/png,543,6bc1d4341ffb3e11a2559fe99453aa8c5fa961abaf24921dc083463cacfaad37,,2026-06-03T22:54:03+08:00,https://mxdzlk.com/item/?page_num=72
2040730,item,,item,mxdzlk_item,https://mxdzlk.com/item/2040730/,https://static.mapleartale.com/images/item/2040730.png,assets/items/raw/2040730.png,downloaded,200,image/png,543,6bc1d4341ffb3e11a2559fe99453aa8c5fa961abaf24921dc083463cacfaad37,,2026-06-03T22:54:01+08:00,https://mxdzlk.com/item/?page_num=72
2040731,item,,item,mxdzlk_item,https://mxdzlk.com/item/2040731/,https://static.mapleartale.com/images/item/2040731.png,assets/items/raw/2040731.png,downloaded,200,image/png,543,6bc1d4341ffb3e11a2559fe99453aa8c5fa961abaf24921dc083463cacfaad37,,2026-06-03T22:54:01+08:00,https://mxdzlk.com/item/?page_num=72
2040732,item,,item,mxdzlk_item,https://mxdzlk.com/item/2040732/,https://static.mapleartale.com/images/item/2040732.png,assets/items/raw/2040732.png,downloaded,200,image/png,543,6bc1d4341ffb3e11a2559fe99453aa8c5fa961abaf24921dc083463cacfaad37,,2026-06-03T22:54:02+08:00,https://mxdzlk.com/item/?page_num=72
2040733,item,,item,mxdzlk_item,https://mxdzlk.com/item/2040733/,https://static.mapleartale.com/images/item/2040733.png,assets/items/raw/2040733.png,downloaded,200,image/png,543,6bc1d4341ffb3e11a2559fe99453aa8c5fa961abaf24921dc083463cacfaad37,,2026-06-03T22:54:01+08:00,https://mxdzlk.com/item/?page_num=72
2040734,item,,item,mxdzlk_item,https://mxdzlk.com/item/2040734/,https://static.mapleartale.com/images/item/2040734.png,assets/items/raw/2040734.png,downloaded,200,image/png,543,6bc1d4341ffb3e11a2559fe99453aa8c5fa961abaf24921dc083463cacfaad37,,2026-06-03T22:54:02+08:00,https://mxdzlk.com/item/?page_num=72
2040735,item,,item,mxdzlk_item,https://mxdzlk.com/item/2040735/,https://static.mapleartale.com/images/item/2040735.png,assets/items/raw/2040735.png,downloaded,200,image/png,543,6bc1d4341ffb3e11a2559fe99453aa8c5fa961abaf24921dc083463cacfaad37,,2026-06-03T22:54:02+08:00,https://mxdzlk.com/item/?page_num=72
2040736,item,,item,mxdzlk_item,https://mxdzlk.com/item/2040736/,https://static.mapleartale.com/images/item/2040736.png,assets/items/raw/2040736.png,downloaded,200,image/png,543,6bc1d4341ffb3e11a2559fe99453aa8c5fa961abaf24921dc083463cacfaad37,,2026-06-03T22:54:02+08:00,https://mxdzlk.com/item/?page_num=72
2040737,item,,item,mxdzlk_item,https://mxdzlk.com/item/2040737/,https://static.mapleartale.com/images/item/2040737.png,assets/items/raw/2040737.png,downloaded,200,image/png,543,6bc1d4341ffb3e11a2559fe99453aa8c5fa961abaf24921dc083463cacfaad37,,2026-06-03T22:54:02+08:00,https://mxdzlk.com/item/?page_num=73
2040738,item,,item,mxdzlk_item,https://mxdzlk.com/item/2040738/,https://static.mapleartale.com/images/item/2040738.png,assets/items/raw/2040738.png,downloaded,200,image/png,543,6bc1d4341ffb3e11a2559fe99453aa8c5fa961abaf24921dc083463cacfaad37,,2026-06-03T22:54:02+08:00,https://mxdzlk.com/item/?page_num=73
2040739,item,,item,mxdzlk_item,https://mxdzlk.com/item/2040739/,https://static.mapleartale.com/images/item/2040739.png,assets/items/raw/2040739.png,downloaded,200,image/png,543,6bc1d4341ffb3e11a2559fe99453aa8c5fa961abaf24921dc083463cacfaad37,,2026-06-03T22:54:02+08:00,https://mxdzlk.com/item/?page_num=73
2040800,item,,item,mxdzlk_item,https://mxdzlk.com/item/2040800/,https://static.mapleartale.com/images/item/2040800.png,assets/items/raw/2040800.png,downloaded,200,image/png,744,a0650ac89cf5bb1da603de2b72057c0f6a379ffe1d3ceb7468a42c75c505e995,,2026-06-03T22:54:04+08:00,https://mxdzlk.com/item/?page_num=73
2040801,item,,item,mxdzlk_item,https://mxdzlk.com/item/2040801/,https://static.mapleartale.com/images/item/2040801.png,assets/items/raw/2040801.png,downloaded,200,image/png,712,e75f9fd575fd2d7b450166c1bc40073ff88ac0e828056e6286a1748976bac5e8,,2026-06-03T22:54:03+08:00,https://mxdzlk.com/item/?page_num=73
2040802,item,,item,mxdzlk_item,https://mxdzlk.com/item/2040802/,https://static.mapleartale.com/images/item/2040802.png,assets/items/raw/2040802.png,downloaded,200,image/png,715,59be071c7efdb0b90fe1438daf830550677769bd6f825c7600676d401c00abf4,,2026-06-03T22:54:04+08:00,https://mxdzlk.com/item/?page_num=73
2040803,item,,item,mxdzlk_item,https://mxdzlk.com/item/2040803/,https://static.mapleartale.com/images/item/2040803.png,assets/items/raw/2040803.png,downloaded,200,image/png,744,a0650ac89cf5bb1da603de2b72057c0f6a379ffe1d3ceb7468a42c75c505e995,,2026-06-03T22:54:04+08:00,https://mxdzlk.com/item/?page_num=73
2040804,item,,item,mxdzlk_item,https://mxdzlk.com/item/2040804/,https://static.mapleartale.com/images/item/2040804.png,assets/items/raw/2040804.png,downloaded,200,image/png,712,e75f9fd575fd2d7b450166c1bc40073ff88ac0e828056e6286a1748976bac5e8,,2026-06-03T22:54:03+08:00,https://mxdzlk.com/item/?page_num=73
2040805,item,,item,mxdzlk_item,https://mxdzlk.com/item/2040805/,https://static.mapleartale.com/images/item/2040805.png,assets/items/raw/2040805.png,downloaded,200,image/png,715,59be071c7efdb0b90fe1438daf830550677769bd6f825c7600676d401c00abf4,,2026-06-03T22:54:03+08:00,https://mxdzlk.com/item/?page_num=73
2040806,item,,item,mxdzlk_item,https://mxdzlk.com/item/2040806/,https://static.mapleartale.com/images/item/2040806.png,assets/items/raw/2040806.png,downloaded,200,image/png,715,59be071c7efdb0b90fe1438daf830550677769bd6f825c7600676d401c00abf4,,2026-06-03T22:54:05+08:00,https://mxdzlk.com/item/?page_num=73
2040807,item,,item,mxdzlk_item,https://mxdzlk.com/item/2040807/,https://static.mapleartale.com/images/item/2040807.png,assets/items/raw/2040807.png,downloaded,200,image/png,715,59be071c7efdb0b90fe1438daf830550677769bd6f825c7600676d401c00abf4,,2026-06-03T22:54:05+08:00,https://mxdzlk.com/item/?page_num=74
2040808,item,,item,mxdzlk_item,https://mxdzlk.com/item/2040808/,https://static.mapleartale.com/images/item/2040808.png,assets/items/raw/2040808.png,downloaded,200,image/png,729,eb37c216312b1b417bddd84e64d1bce90cc5797834dce7d909f9992c387cb1c7,,2026-06-03T22:54:04+08:00,https://mxdzlk.com/item/?page_num=74
2040809,item,,item,mxdzlk_item,https://mxdzlk.com/item/2040809/,https://static.mapleartale.com/images/item/2040809.png,assets/items/raw/2040809.png,downloaded,200,image/png,736,4769e5502982c54c2d00b79d8ec32a1e023a1d3819a54548f9043ca78708d805,,2026-06-03T22:54:05+08:00,https://mxdzlk.com/item/?page_num=74
2040810,item,,item,mxdzlk_item,https://mxdzlk.com/item/2040810/,https://static.mapleartale.com/images/item/2040810.png,assets/items/raw/2040810.png,downloaded,200,image/png,729,eb37c216312b1b417bddd84e64d1bce90cc5797834dce7d909f9992c387cb1c7,,2026-06-03T22:54:05+08:00,https://mxdzlk.com/item/?page_num=74
2040811,item,,item,mxdzlk_item,https://mxdzlk.com/item/2040811/,https://static.mapleartale.com/images/item/2040811.png,assets/items/raw/2040811.png,downloaded,200,image/png,736,4769e5502982c54c2d00b79d8ec32a1e023a1d3819a54548f9043ca78708d805,,2026-06-03T22:54:05+08:00,https://mxdzlk.com/item/?page_num=74
2040812,item,,item,mxdzlk_item,https://mxdzlk.com/item/2040812/,https://static.mapleartale.com/images/item/2040812.png,assets/items/raw/2040812.png,downloaded,200,image/png,729,eb37c216312b1b417bddd84e64d1bce90cc5797834dce7d909f9992c387cb1c7,,2026-06-03T22:54:05+08:00,https://mxdzlk.com/item/?page_num=74
2040813,item,,item,mxdzlk_item,https://mxdzlk.com/item/2040813/,https://static.mapleartale.com/images/item/2040813.png,assets/items/raw/2040813.png,downloaded,200,image/png,736,4769e5502982c54c2d00b79d8ec32a1e023a1d3819a54548f9043ca78708d805,,2026-06-03T22:54:06+08:00,https://mxdzlk.com/item/?page_num=74
2040814,item,,item,mxdzlk_item,https://mxdzlk.com/item/2040814/,https://static.mapleartale.com/images/item/2040814.png,assets/items/raw/2040814.png,downloaded,200,image/png,729,eb37c216312b1b417bddd84e64d1bce90cc5797834dce7d909f9992c387cb1c7,,2026-06-03T22:54:07+08:00,https://mxdzlk.com/item/?page_num=74
2040815,item,,item,mxdzlk_item,https://mxdzlk.com/item/2040815/,https://static.mapleartale.com/images/item/2040815.png,assets/items/raw/2040815.png,downloaded,200,image/png,736,4769e5502982c54c2d00b79d8ec32a1e023a1d3819a54548f9043ca78708d805,,2026-06-03T22:54:06+08:00,https://mxdzlk.com/item/?page_num=74
2040816,item,,item,mxdzlk_item,https://mxdzlk.com/item/2040816/,https://static.mapleartale.com/images/item/2040816.png,assets/items/raw/2040816.png,downloaded,200,image/png,715,59be071c7efdb0b90fe1438daf830550677769bd6f825c7600676d401c00abf4,,2026-06-03T22:54:07+08:00,https://mxdzlk.com/item/?page_num=74
2040817,item,,item,mxdzlk_item,https://mxdzlk.com/item/2040817/,https://static.mapleartale.com/images/item/2040817.png,assets/items/raw/2040817.png,downloaded,200,image/png,712,e75f9fd575fd2d7b450166c1bc40073ff88ac0e828056e6286a1748976bac5e8,,2026-06-03T22:54:06+08:00,https://mxdzlk.com/item/?page_num=75
2040818,item,,item,mxdzlk_item,https://mxdzlk.com/item/2040818/,https://static.mapleartale.com/images/item/2040818.png,assets/items/raw/2040818.png,downloaded,200,image/png,744,a0650ac89cf5bb1da603de2b72057c0f6a379ffe1d3ceb7468a42c75c505e995,,2026-06-03T22:54:06+08:00,https://mxdzlk.com/item/?page_num=75
2040819,item,,item,mxdzlk_item,https://mxdzlk.com/item/2040819/,https://static.mapleartale.com/images/item/2040819.png,assets/items/raw/2040819.png,downloaded,200,image/png,1240,15a1e63028e8874f1c6108202ba2d8feddfcee9b99d8dbc0e8af64a357a3a43c,,2026-06-03T22:54:06+08:00,https://mxdzlk.com/item/?page_num=75
2040820,item,,item,mxdzlk_item,https://mxdzlk.com/item/2040820/,https://static.mapleartale.com/images/item/2040820.png,assets/items/raw/2040820.png,downloaded,200,image/png,1245,551c297f7dfc58c242098b53411653dfdbb1a2c4a74f3031fe489d1168ff3ae1,,2026-06-03T22:54:08+08:00,https://mxdzlk.com/item/?page_num=75
2040821,item,,item,mxdzlk_item,https://mxdzlk.com/item/2040821/,https://static.mapleartale.com/images/item/2040821.png,assets/items/raw/2040821.png,downloaded,200,image/png,1240,15a1e63028e8874f1c6108202ba2d8feddfcee9b99d8dbc0e8af64a357a3a43c,,2026-06-03T22:54:07+08:00,https://mxdzlk.com/item/?page_num=75
2040822,item,,item,mxdzlk_item,https://mxdzlk.com/item/2040822/,https://static.mapleartale.com/images/item/2040822.png,assets/items/raw/2040822.png,downloaded,200,image/png,1245,551c297f7dfc58c242098b53411653dfdbb1a2c4a74f3031fe489d1168ff3ae1,,2026-06-03T22:54:08+08:00,https://mxdzlk.com/item/?page_num=75
2040823,item,,item,mxdzlk_item,https://mxdzlk.com/item/2040823/,https://static.mapleartale.com/images/item/2040823.png,assets/items/raw/2040823.png,downloaded,200,image/png,744,a0650ac89cf5bb1da603de2b72057c0f6a379ffe1d3ceb7468a42c75c505e995,,2026-06-03T22:54:08+08:00,https://mxdzlk.com/item/?page_num=75
2040824,item,,item,mxdzlk_item,https://mxdzlk.com/item/2040824/,https://static.mapleartale.com/images/item/2040824.png,assets/items/raw/2040824.png,downloaded,200,image/png,712,e75f9fd575fd2d7b450166c1bc40073ff88ac0e828056e6286a1748976bac5e8,,2026-06-03T22:54:07+08:00,https://mxdzlk.com/item/?page_num=75
2040825,item,,item,mxdzlk_item,https://mxdzlk.com/item/2040825/,https://static.mapleartale.com/images/item/2040825.png,assets/items/raw/2040825.png,downloaded,200,image/png,715,59be071c7efdb0b90fe1438daf830550677769bd6f825c7600676d401c00abf4,,2026-06-03T22:54:07+08:00,https://mxdzlk.com/item/?page_num=75
2040900,item,,item,mxdzlk_item,https://mxdzlk.com/item/2040900/,https://static.mapleartale.com/images/item/2040900.png,assets/items/raw/2040900.png,downloaded,200,image/png,744,a0650ac89cf5bb1da603de2b72057c0f6a379ffe1d3ceb7468a42c75c505e995,,2026-06-03T22:54:09+08:00,https://mxdzlk.com/item/?page_num=75
2040901,item,,item,mxdzlk_item,https://mxdzlk.com/item/2040901/,https://static.mapleartale.com/images/item/2040901.png,assets/items/raw/2040901.png,downloaded,200,image/png,712,e75f9fd575fd2d7b450166c1bc40073ff88ac0e828056e6286a1748976bac5e8,,2026-06-03T22:54:11+08:00,https://mxdzlk.com/item/?page_num=76
2040902,item,,item,mxdzlk_item,https://mxdzlk.com/item/2040902/,https://static.mapleartale.com/images/item/2040902.png,assets/items/raw/2040902.png,downloaded,200,image/png,715,59be071c7efdb0b90fe1438daf830550677769bd6f825c7600676d401c00abf4,,2026-06-03T22:54:08+08:00,https://mxdzlk.com/item/?page_num=76
2040903,item,,item,mxdzlk_item,https://mxdzlk.com/item/2040903/,https://static.mapleartale.com/images/item/2040903.png,assets/items/raw/2040903.png,downloaded,200,image/png,715,59be071c7efdb0b90fe1438daf830550677769bd6f825c7600676d401c00abf4,,2026-06-03T22:54:08+08:00,https://mxdzlk.com/item/?page_num=76
2040904,item,,item,mxdzlk_item,https://mxdzlk.com/item/2040904/,https://static.mapleartale.com/images/item/2040904.png,assets/items/raw/2040904.png,downloaded,200,image/png,729,eb37c216312b1b417bddd84e64d1bce90cc5797834dce7d909f9992c387cb1c7,,2026-06-03T22:54:08+08:00,https://mxdzlk.com/item/?page_num=76
2040905,item,,item,mxdzlk_item,https://mxdzlk.com/item/2040905/,https://static.mapleartale.com/images/item/2040905.png,assets/items/raw/2040905.png,downloaded,200,image/png,736,4769e5502982c54c2d00b79d8ec32a1e023a1d3819a54548f9043ca78708d805,,2026-06-03T22:54:09+08:00,https://mxdzlk.com/item/?page_num=76
2040906,item,,item,mxdzlk_item,https://mxdzlk.com/item/2040906/,https://static.mapleartale.com/images/item/2040906.png,assets/items/raw/2040906.png,downloaded,200,image/png,729,eb37c216312b1b417bddd84e64d1bce90cc5797834dce7d909f9992c387cb1c7,,2026-06-03T22:54:09+08:00,https://mxdzlk.com/item/?page_num=76
2040907,item,,item,mxdzlk_item,https://mxdzlk.com/item/2040907/,https://static.mapleartale.com/images/item/2040907.png,assets/items/raw/2040907.png,downloaded,200,image/png,736,4769e5502982c54c2d00b79d8ec32a1e023a1d3819a54548f9043ca78708d805,,2026-06-03T22:54:09+08:00,https://mxdzlk.com/item/?page_num=76
2040908,item,,item,mxdzlk_item,https://mxdzlk.com/item/2040908/,https://static.mapleartale.com/images/item/2040908.png,assets/items/raw/2040908.png,downloaded,200,image/png,729,eb37c216312b1b417bddd84e64d1bce90cc5797834dce7d909f9992c387cb1c7,,2026-06-03T22:54:09+08:00,https://mxdzlk.com/item/?page_num=76
2040909,item,,item,mxdzlk_item,https://mxdzlk.com/item/2040909/,https://static.mapleartale.com/images/item/2040909.png,assets/items/raw/2040909.png,downloaded,200,image/png,736,4769e5502982c54c2d00b79d8ec32a1e023a1d3819a54548f9043ca78708d805,,2026-06-03T22:54:11+08:00,https://mxdzlk.com/item/?page_num=76
2040910,item,,item,mxdzlk_item,https://mxdzlk.com/item/2040910/,https://static.mapleartale.com/images/item/2040910.png,assets/items/raw/2040910.png,downloaded,200,image/png,1240,15a1e63028e8874f1c6108202ba2d8feddfcee9b99d8dbc0e8af64a357a3a43c,,2026-06-03T22:54:15+08:00,https://mxdzlk.com/item/?page_num=76
2040911,item,,item,mxdzlk_item,https://mxdzlk.com/item/2040911/,https://static.mapleartale.com/images/item/2040911.png,assets/items/raw/2040911.png,downloaded,200,image/png,1245,551c297f7dfc58c242098b53411653dfdbb1a2c4a74f3031fe489d1168ff3ae1,,2026-06-03T22:54:11+08:00,https://mxdzlk.com/item/?page_num=77
2040912,item,,item,mxdzlk_item,https://mxdzlk.com/item/2040912/,https://static.mapleartale.com/images/item/2040912.png,assets/items/raw/2040912.png,downloaded,200,image/png,745,f75127d11c6ebc2472a4e65c35c6d4ba15b9514554662ef3cb88cd4d2f295680,,2026-06-03T22:54:10+08:00,https://mxdzlk.com/item/?page_num=77
2040914,item,,item,mxdzlk_item,https://mxdzlk.com/item/2040914/,https://static.mapleartale.com/images/item/2040914.png,assets/items/raw/2040914.png,downloaded,200,image/png,712,e75f9fd575fd2d7b450166c1bc40073ff88ac0e828056e6286a1748976bac5e8,,2026-06-03T22:54:11+08:00,https://mxdzlk.com/item/?page_num=77
2040915,item,,item,mxdzlk_item,https://mxdzlk.com/item/2040915/,https://static.mapleartale.com/images/item/2040915.png,assets/items/raw/2040915.png,downloaded,200,image/png,715,59be071c7efdb0b90fe1438daf830550677769bd6f825c7600676d401c00abf4,,2026-06-03T22:54:12+08:00,https://mxdzlk.com/item/?page_num=77
2040916,item,,item,mxdzlk_item,https://mxdzlk.com/item/2040916/,https://static.mapleartale.com/images/item/2040916.png,assets/items/raw/2040916.png,downloaded,200,image/png,729,eb37c216312b1b417bddd84e64d1bce90cc5797834dce7d909f9992c387cb1c7,,2026-06-03T22:54:11+08:00,https://mxdzlk.com/item/?page_num=77
2040917,item,,item,mxdzlk_item,https://mxdzlk.com/item/2040917/,https://static.mapleartale.com/images/item/2040917.png,assets/items/raw/2040917.png,downloaded,200,image/png,736,4769e5502982c54c2d00b79d8ec32a1e023a1d3819a54548f9043ca78708d805,,2026-06-03T22:54:13+08:00,https://mxdzlk.com/item/?page_num=77
2040919,item,,item,mxdzlk_item,https://mxdzlk.com/item/2040919/,https://static.mapleartale.com/images/item/2040919.png,assets/items/raw/2040919.png,downloaded,200,image/png,712,e75f9fd575fd2d7b450166c1bc40073ff88ac0e828056e6286a1748976bac5e8,,2026-06-03T22:54:12+08:00,https://mxdzlk.com/item/?page_num=77
2040920,item,,item,mxdzlk_item,https://mxdzlk.com/item/2040920/,https://static.mapleartale.com/images/item/2040920.png,assets/items/raw/2040920.png,downloaded,200,image/png,715,59be071c7efdb0b90fe1438daf830550677769bd6f825c7600676d401c00abf4,,2026-06-03T22:54:13+08:00,https://mxdzlk.com/item/?page_num=77
2040921,item,,item,mxdzlk_item,https://mxdzlk.com/item/2040921/,https://static.mapleartale.com/images/item/2040921.png,assets/items/raw/2040921.png,downloaded,200,image/png,729,eb37c216312b1b417bddd84e64d1bce90cc5797834dce7d909f9992c387cb1c7,,2026-06-03T22:54:12+08:00,https://mxdzlk.com/item/?page_num=77
2040922,item,,item,mxdzlk_item,https://mxdzlk.com/item/2040922/,https://static.mapleartale.com/images/item/2040922.png,assets/items/raw/2040922.png,downloaded,200,image/png,736,4769e5502982c54c2d00b79d8ec32a1e023a1d3819a54548f9043ca78708d805,,2026-06-03T22:54:13+08:00,https://mxdzlk.com/item/?page_num=77
2040923,item,,item,mxdzlk_item,https://mxdzlk.com/item/2040923/,https://static.mapleartale.com/images/item/2040923.png,assets/items/raw/2040923.png,downloaded,200,image/png,744,a0650ac89cf5bb1da603de2b72057c0f6a379ffe1d3ceb7468a42c75c505e995,,2026-06-03T22:54:13+08:00,https://mxdzlk.com/item/?page_num=78
2040924,item,,item,mxdzlk_item,https://mxdzlk.com/item/2040924/,https://static.mapleartale.com/images/item/2040924.png,assets/items/raw/2040924.png,downloaded,200,image/png,712,e75f9fd575fd2d7b450166c1bc40073ff88ac0e828056e6286a1748976bac5e8,,2026-06-03T22:54:13+08:00,https://mxdzlk.com/item/?page_num=78
2040925,item,,item,mxdzlk_item,https://mxdzlk.com/item/2040925/,https://static.mapleartale.com/images/item/2040925.png,assets/items/raw/2040925.png,downloaded,200,image/png,715,59be071c7efdb0b90fe1438daf830550677769bd6f825c7600676d401c00abf4,,2026-06-03T22:54:17+08:00,https://mxdzlk.com/item/?page_num=78
2040926,item,,item,mxdzlk_item,https://mxdzlk.com/item/2040926/,https://static.mapleartale.com/images/item/2040926.png,assets/items/raw/2040926.png,downloaded,200,image/png,744,a0650ac89cf5bb1da603de2b72057c0f6a379ffe1d3ceb7468a42c75c505e995,,2026-06-03T22:54:15+08:00,https://mxdzlk.com/item/?page_num=78
2040927,item,,item,mxdzlk_item,https://mxdzlk.com/item/2040927/,https://static.mapleartale.com/images/item/2040927.png,assets/items/raw/2040927.png,downloaded,200,image/png,712,e75f9fd575fd2d7b450166c1bc40073ff88ac0e828056e6286a1748976bac5e8,,2026-06-03T22:54:21+08:00,https://mxdzlk.com/item/?page_num=78
2040928,item,,item,mxdzlk_item,https://mxdzlk.com/item/2040928/,https://static.mapleartale.com/images/item/2040928.png,assets/items/raw/2040928.png,downloaded,200,image/png,715,59be071c7efdb0b90fe1438daf830550677769bd6f825c7600676d401c00abf4,,2026-06-03T22:54:15+08:00,https://mxdzlk.com/item/?page_num=78
2040929,item,,item,mxdzlk_item,https://mxdzlk.com/item/2040929/,https://static.mapleartale.com/images/item/2040929.png,assets/items/raw/2040929.png,downloaded,200,image/png,744,a0650ac89cf5bb1da603de2b72057c0f6a379ffe1d3ceb7468a42c75c505e995,,2026-06-03T22:54:16+08:00,https://mxdzlk.com/item/?page_num=78
2040930,item,,item,mxdzlk_item,https://mxdzlk.com/item/2040930/,https://static.mapleartale.com/images/item/2040930.png,assets/items/raw/2040930.png,downloaded,200,image/png,729,eb37c216312b1b417bddd84e64d1bce90cc5797834dce7d909f9992c387cb1c7,,2026-06-03T22:54:14+08:00,https://mxdzlk.com/item/?page_num=78
2040931,item,,item,mxdzlk_item,https://mxdzlk.com/item/2040931/,https://static.mapleartale.com/images/item/2040931.png,assets/items/raw/2040931.png,downloaded,200,image/png,712,e75f9fd575fd2d7b450166c1bc40073ff88ac0e828056e6286a1748976bac5e8,,2026-06-03T22:54:18+08:00,https://mxdzlk.com/item/?page_num=78
2040932,item,,item,mxdzlk_item,https://mxdzlk.com/item/2040932/,https://static.mapleartale.com/images/item/2040932.png,assets/items/raw/2040932.png,downloaded,200,image/png,736,4769e5502982c54c2d00b79d8ec32a1e023a1d3819a54548f9043ca78708d805,,2026-06-03T22:54:16+08:00,https://mxdzlk.com/item/?page_num=78
2040933,item,,item,mxdzlk_item,https://mxdzlk.com/item/2040933/,https://static.mapleartale.com/images/item/2040933.png,assets/items/raw/2040933.png,downloaded,200,image/png,715,59be071c7efdb0b90fe1438daf830550677769bd6f825c7600676d401c00abf4,,2026-06-03T22:54:17+08:00,https://mxdzlk.com/item/?page_num=79
2041000,item,,item,mxdzlk_item,https://mxdzlk.com/item/2041000/,https://static.mapleartale.com/images/item/2041000.png,assets/items/raw/2041000.png,downloaded,200,image/png,744,a0650ac89cf5bb1da603de2b72057c0f6a379ffe1d3ceb7468a42c75c505e995,,2026-06-03T22:54:17+08:00,https://mxdzlk.com/item/?page_num=79
2041001,item,,item,mxdzlk_item,https://mxdzlk.com/item/2041001/,https://static.mapleartale.com/images/item/2041001.png,assets/items/raw/2041001.png,downloaded,200,image/png,712,e75f9fd575fd2d7b450166c1bc40073ff88ac0e828056e6286a1748976bac5e8,,2026-06-03T22:54:16+08:00,https://mxdzlk.com/item/?page_num=79
2041002,item,,item,mxdzlk_item,https://mxdzlk.com/item/2041002/,https://static.mapleartale.com/images/item/2041002.png,assets/items/raw/2041002.png,downloaded,200,image/png,715,59be071c7efdb0b90fe1438daf830550677769bd6f825c7600676d401c00abf4,,2026-06-03T22:54:20+08:00,https://mxdzlk.com/item/?page_num=79
2041003,item,,item,mxdzlk_item,https://mxdzlk.com/item/2041003/,https://static.mapleartale.com/images/item/2041003.png,assets/items/raw/2041003.png,downloaded,200,image/png,744,a0650ac89cf5bb1da603de2b72057c0f6a379ffe1d3ceb7468a42c75c505e995,,2026-06-03T22:54:17+08:00,https://mxdzlk.com/item/?page_num=79
2041004,item,,item,mxdzlk_item,https://mxdzlk.com/item/2041004/,https://static.mapleartale.com/images/item/2041004.png,assets/items/raw/2041004.png,downloaded,200,image/png,712,e75f9fd575fd2d7b450166c1bc40073ff88ac0e828056e6286a1748976bac5e8,,2026-06-03T22:54:18+08:00,https://mxdzlk.com/item/?page_num=79
2041005,item,,item,mxdzlk_item,https://mxdzlk.com/item/2041005/,https://static.mapleartale.com/images/item/2041005.png,assets/items/raw/2041005.png,downloaded,200,image/png,715,59be071c7efdb0b90fe1438daf830550677769bd6f825c7600676d401c00abf4,,2026-06-03T22:54:17+08:00,https://mxdzlk.com/item/?page_num=79
2041006,item,,item,mxdzlk_item,https://mxdzlk.com/item/2041006/,https://static.mapleartale.com/images/item/2041006.png,assets/items/raw/2041006.png,downloaded,200,image/png,744,a0650ac89cf5bb1da603de2b72057c0f6a379ffe1d3ceb7468a42c75c505e995,,2026-06-03T22:54:18+08:00,https://mxdzlk.com/item/?page_num=79
2041007,item,,item,mxdzlk_item,https://mxdzlk.com/item/2041007/,https://static.mapleartale.com/images/item/2041007.png,assets/items/raw/2041007.png,downloaded,200,image/png,712,e75f9fd575fd2d7b450166c1bc40073ff88ac0e828056e6286a1748976bac5e8,,2026-06-03T22:54:18+08:00,https://mxdzlk.com/item/?page_num=79
2041008,item,,item,mxdzlk_item,https://mxdzlk.com/item/2041008/,https://static.mapleartale.com/images/item/2041008.png,assets/items/raw/2041008.png,downloaded,200,image/png,715,59be071c7efdb0b90fe1438daf830550677769bd6f825c7600676d401c00abf4,,2026-06-03T22:54:20+08:00,https://mxdzlk.com/item/?page_num=79
2041009,item,,item,mxdzlk_item,https://mxdzlk.com/item/2041009/,https://static.mapleartale.com/images/item/2041009.png,assets/items/raw/2041009.png,downloaded,200,image/png,744,a0650ac89cf5bb1da603de2b72057c0f6a379ffe1d3ceb7468a42c75c505e995,,2026-06-03T22:54:19+08:00,https://mxdzlk.com/item/?page_num=80
2041010,item,,item,mxdzlk_item,https://mxdzlk.com/item/2041010/,https://static.mapleartale.com/images/item/2041010.png,assets/items/raw/2041010.png,downloaded,200,image/png,712,e75f9fd575fd2d7b450166c1bc40073ff88ac0e828056e6286a1748976bac5e8,,2026-06-03T22:54:20+08:00,https://mxdzlk.com/item/?page_num=80
2041011,item,,item,mxdzlk_item,https://mxdzlk.com/item/2041011/,https://static.mapleartale.com/images/item/2041011.png,assets/items/raw/2041011.png,downloaded,200,image/png,715,59be071c7efdb0b90fe1438daf830550677769bd6f825c7600676d401c00abf4,,2026-06-03T22:54:20+08:00,https://mxdzlk.com/item/?page_num=80
2041012,item,,item,mxdzlk_item,https://mxdzlk.com/item/2041012/,https://static.mapleartale.com/images/item/2041012.png,assets/items/raw/2041012.png,downloaded,200,image/png,744,a0650ac89cf5bb1da603de2b72057c0f6a379ffe1d3ceb7468a42c75c505e995,,2026-06-03T22:54:23+08:00,https://mxdzlk.com/item/?page_num=80
2041013,item,,item,mxdzlk_item,https://mxdzlk.com/item/2041013/,https://static.mapleartale.com/images/item/2041013.png,assets/items/raw/2041013.png,downloaded,200,image/png,712,e75f9fd575fd2d7b450166c1bc40073ff88ac0e828056e6286a1748976bac5e8,,2026-06-03T22:54:20+08:00,https://mxdzlk.com/item/?page_num=80
2041014,item,,item,mxdzlk_item,https://mxdzlk.com/item/2041014/,https://static.mapleartale.com/images/item/2041014.png,assets/items/raw/2041014.png,downloaded,200,image/png,715,59be071c7efdb0b90fe1438daf830550677769bd6f825c7600676d401c00abf4,,2026-06-03T22:54:20+08:00,https://mxdzlk.com/item/?page_num=80
2041015,item,,item,mxdzlk_item,https://mxdzlk.com/item/2041015/,https://static.mapleartale.com/images/item/2041015.png,assets/items/raw/2041015.png,downloaded,200,image/png,744,a0650ac89cf5bb1da603de2b72057c0f6a379ffe1d3ceb7468a42c75c505e995,,2026-06-03T22:54:22+08:00,https://mxdzlk.com/item/?page_num=80
2041016,item,,item,mxdzlk_item,https://mxdzlk.com/item/2041016/,https://static.mapleartale.com/images/item/2041016.png,assets/items/raw/2041016.png,downloaded,200,image/png,712,e75f9fd575fd2d7b450166c1bc40073ff88ac0e828056e6286a1748976bac5e8,,2026-06-03T22:54:21+08:00,https://mxdzlk.com/item/?page_num=80
2041017,item,,item,mxdzlk_item,https://mxdzlk.com/item/2041017/,https://static.mapleartale.com/images/item/2041017.png,assets/items/raw/2041017.png,downloaded,200,image/png,715,59be071c7efdb0b90fe1438daf830550677769bd6f825c7600676d401c00abf4,,2026-06-03T22:54:22+08:00,https://mxdzlk.com/item/?page_num=80
2041018,item,,item,mxdzlk_item,https://mxdzlk.com/item/2041018/,https://static.mapleartale.com/images/item/2041018.png,assets/items/raw/2041018.png,downloaded,200,image/png,744,a0650ac89cf5bb1da603de2b72057c0f6a379ffe1d3ceb7468a42c75c505e995,,2026-06-03T22:54:22+08:00,https://mxdzlk.com/item/?page_num=80
2041019,item,,item,mxdzlk_item,https://mxdzlk.com/item/2041019/,https://static.mapleartale.com/images/item/2041019.png,assets/items/raw/2041019.png,downloaded,200,image/png,712,e75f9fd575fd2d7b450166c1bc40073ff88ac0e828056e6286a1748976bac5e8,,2026-06-03T22:54:23+08:00,https://mxdzlk.com/item/?page_num=81
2041020,item,,item,mxdzlk_item,https://mxdzlk.com/item/2041020/,https://static.mapleartale.com/images/item/2041020.png,assets/items/raw/2041020.png,downloaded,200,image/png,715,59be071c7efdb0b90fe1438daf830550677769bd6f825c7600676d401c00abf4,,2026-06-03T22:54:21+08:00,https://mxdzlk.com/item/?page_num=81
2041021,item,,item,mxdzlk_item,https://mxdzlk.com/item/2041021/,https://static.mapleartale.com/images/item/2041021.png,assets/items/raw/2041021.png,downloaded,200,image/png,744,a0650ac89cf5bb1da603de2b72057c0f6a379ffe1d3ceb7468a42c75c505e995,,2026-06-03T22:54:22+08:00,https://mxdzlk.com/item/?page_num=81
2041022,item,,item,mxdzlk_item,https://mxdzlk.com/item/2041022/,https://static.mapleartale.com/images/item/2041022.png,assets/items/raw/2041022.png,downloaded,200,image/png,712,e75f9fd575fd2d7b450166c1bc40073ff88ac0e828056e6286a1748976bac5e8,,2026-06-03T22:54:24+08:00,https://mxdzlk.com/item/?page_num=81
2041023,item,,item,mxdzlk_item,https://mxdzlk.com/item/2041023/,https://static.mapleartale.com/images/item/2041023.png,assets/items/raw/2041023.png,downloaded,200,image/png,715,59be071c7efdb0b90fe1438daf830550677769bd6f825c7600676d401c00abf4,,2026-06-03T22:54:23+08:00,https://mxdzlk.com/item/?page_num=81
2041024,item,,item,mxdzlk_item,https://mxdzlk.com/item/2041024/,https://static.mapleartale.com/images/item/2041024.png,assets/items/raw/2041024.png,downloaded,200,image/png,715,59be071c7efdb0b90fe1438daf830550677769bd6f825c7600676d401c00abf4,,2026-06-03T22:54:23+08:00,https://mxdzlk.com/item/?page_num=81
2041025,item,,item,mxdzlk_item,https://mxdzlk.com/item/2041025/,https://static.mapleartale.com/images/item/2041025.png,assets/items/raw/2041025.png,downloaded,200,image/png,715,59be071c7efdb0b90fe1438daf830550677769bd6f825c7600676d401c00abf4,,2026-06-03T22:54:24+08:00,https://mxdzlk.com/item/?page_num=81
2041026,item,,item,mxdzlk_item,https://mxdzlk.com/item/2041026/,https://static.mapleartale.com/images/item/2041026.png,assets/items/raw/2041026.png,downloaded,200,image/png,729,eb37c216312b1b417bddd84e64d1bce90cc5797834dce7d909f9992c387cb1c7,,2026-06-03T22:54:23+08:00,https://mxdzlk.com/item/?page_num=81
2041027,item,,item,mxdzlk_item,https://mxdzlk.com/item/2041027/,https://static.mapleartale.com/images/item/2041027.png,assets/items/raw/2041027.png,downloaded,200,image/png,736,4769e5502982c54c2d00b79d8ec32a1e023a1d3819a54548f9043ca78708d805,,2026-06-03T22:54:24+08:00,https://mxdzlk.com/item/?page_num=81
2041028,item,,item,mxdzlk_item,https://mxdzlk.com/item/2041028/,https://static.mapleartale.com/images/item/2041028.png,assets/items/raw/2041028.png,downloaded,200,image/png,729,eb37c216312b1b417bddd84e64d1bce90cc5797834dce7d909f9992c387cb1c7,,2026-06-03T22:54:24+08:00,https://mxdzlk.com/item/?page_num=81
2041029,item,,item,mxdzlk_item,https://mxdzlk.com/item/2041029/,https://static.mapleartale.com/images/item/2041029.png,assets/items/raw/2041029.png,downloaded,200,image/png,736,4769e5502982c54c2d00b79d8ec32a1e023a1d3819a54548f9043ca78708d805,,2026-06-03T22:54:24+08:00,https://mxdzlk.com/item/?page_num=82
2041030,item,,item,mxdzlk_item,https://mxdzlk.com/item/2041030/,https://static.mapleartale.com/images/item/2041030.png,assets/items/raw/2041030.png,downloaded,200,image/png,729,eb37c216312b1b417bddd84e64d1bce90cc5797834dce7d909f9992c387cb1c7,,2026-06-03T22:54:24+08:00,https://mxdzlk.com/item/?page_num=82
2041031,item,,item,mxdzlk_item,https://mxdzlk.com/item/2041031/,https://static.mapleartale.com/images/item/2041031.png,assets/items/raw/2041031.png,downloaded,200,image/png,736,4769e5502982c54c2d00b79d8ec32a1e023a1d3819a54548f9043ca78708d805,,2026-06-03T22:54:24+08:00,https://mxdzlk.com/item/?page_num=82
2041032,item,,item,mxdzlk_item,https://mxdzlk.com/item/2041032/,https://static.mapleartale.com/images/item/2041032.png,assets/items/raw/2041032.png,downloaded,200,image/png,729,eb37c216312b1b417bddd84e64d1bce90cc5797834dce7d909f9992c387cb1c7,,2026-06-03T22:54:25+08:00,https://mxdzlk.com/item/?page_num=82
2041033,item,,item,mxdzlk_item,https://mxdzlk.com/item/2041033/,https://static.mapleartale.com/images/item/2041033.png,assets/items/raw/2041033.png,downloaded,200,image/png,736,4769e5502982c54c2d00b79d8ec32a1e023a1d3819a54548f9043ca78708d805,,2026-06-03T22:54:25+08:00,https://mxdzlk.com/item/?page_num=82
2041034,item,,item,mxdzlk_item,https://mxdzlk.com/item/2041034/,https://static.mapleartale.com/images/item/2041034.png,assets/items/raw/2041034.png,downloaded,200,image/png,729,eb37c216312b1b417bddd84e64d1bce90cc5797834dce7d909f9992c387cb1c7,,2026-06-03T22:54:26+08:00,https://mxdzlk.com/item/?page_num=82
2041035,item,,item,mxdzlk_item,https://mxdzlk.com/item/2041035/,https://static.mapleartale.com/images/item/2041035.png,assets/items/raw/2041035.png,downloaded,200,image/png,736,4769e5502982c54c2d00b79d8ec32a1e023a1d3819a54548f9043ca78708d805,,2026-06-03T22:54:25+08:00,https://mxdzlk.com/item/?page_num=82
2041036,item,,item,mxdzlk_item,https://mxdzlk.com/item/2041036/,https://static.mapleartale.com/images/item/2041036.png,assets/items/raw/2041036.png,downloaded,200,image/png,729,eb37c216312b1b417bddd84e64d1bce90cc5797834dce7d909f9992c387cb1c7,,2026-06-03T22:54:25+08:00,https://mxdzlk.com/item/?page_num=82
2041037,item,,item,mxdzlk_item,https://mxdzlk.com/item/2041037/,https://static.mapleartale.com/images/item/2041037.png,assets/items/raw/2041037.png,downloaded,200,image/png,736,4769e5502982c54c2d00b79d8ec32a1e023a1d3819a54548f9043ca78708d805,,2026-06-03T22:54:25+08:00,https://mxdzlk.com/item/?page_num=82
2041038,item,,item,mxdzlk_item,https://mxdzlk.com/item/2041038/,https://static.mapleartale.com/images/item/2041038.png,assets/items/raw/2041038.png,downloaded,200,image/png,729,eb37c216312b1b417bddd84e64d1bce90cc5797834dce7d909f9992c387cb1c7,,2026-06-03T22:54:25+08:00,https://mxdzlk.com/item/?page_num=82
2041039,item,,item,mxdzlk_item,https://mxdzlk.com/item/2041039/,https://static.mapleartale.com/images/item/2041039.png,assets/items/raw/2041039.png,downloaded,200,image/png,736,4769e5502982c54c2d00b79d8ec32a1e023a1d3819a54548f9043ca78708d805,,2026-06-03T22:54:25+08:00,https://mxdzlk.com/item/?page_num=83
2041040,item,,item,mxdzlk_item,https://mxdzlk.com/item/2041040/,https://static.mapleartale.com/images/item/2041040.png,assets/items/raw/2041040.png,downloaded,200,image/png,729,eb37c216312b1b417bddd84e64d1bce90cc5797834dce7d909f9992c387cb1c7,,2026-06-03T22:54:25+08:00,https://mxdzlk.com/item/?page_num=83
2041041,item,,item,mxdzlk_item,https://mxdzlk.com/item/2041041/,https://static.mapleartale.com/images/item/2041041.png,assets/items/raw/2041041.png,downloaded,200,image/png,736,4769e5502982c54c2d00b79d8ec32a1e023a1d3819a54548f9043ca78708d805,,2026-06-03T22:54:26+08:00,https://mxdzlk.com/item/?page_num=83
2041042,item,,item,mxdzlk_item,https://mxdzlk.com/item/2041042/,https://static.mapleartale.com/images/item/2041042.png,assets/items/raw/2041042.png,downloaded,200,image/png,1240,15a1e63028e8874f1c6108202ba2d8feddfcee9b99d8dbc0e8af64a357a3a43c,,2026-06-03T22:54:26+08:00,https://mxdzlk.com/item/?page_num=83
2041043,item,,item,mxdzlk_item,https://mxdzlk.com/item/2041043/,https://static.mapleartale.com/images/item/2041043.png,assets/items/raw/2041043.png,downloaded,200,image/png,1245,551c297f7dfc58c242098b53411653dfdbb1a2c4a74f3031fe489d1168ff3ae1,,2026-06-03T22:54:26+08:00,https://mxdzlk.com/item/?page_num=83
2041044,item,,item,mxdzlk_item,https://mxdzlk.com/item/2041044/,https://static.mapleartale.com/images/item/2041044.png,assets/items/raw/2041044.png,downloaded,200,image/png,1240,15a1e63028e8874f1c6108202ba2d8feddfcee9b99d8dbc0e8af64a357a3a43c,,2026-06-03T22:54:27+08:00,https://mxdzlk.com/item/?page_num=83
2041045,item,,item,mxdzlk_item,https://mxdzlk.com/item/2041045/,https://static.mapleartale.com/images/item/2041045.png,assets/items/raw/2041045.png,downloaded,200,image/png,1245,551c297f7dfc58c242098b53411653dfdbb1a2c4a74f3031fe489d1168ff3ae1,,2026-06-03T22:54:28+08:00,https://mxdzlk.com/item/?page_num=83
2041046,item,,item,mxdzlk_item,https://mxdzlk.com/item/2041046/,https://static.mapleartale.com/images/item/2041046.png,assets/items/raw/2041046.png,downloaded,200,image/png,1240,15a1e63028e8874f1c6108202ba2d8feddfcee9b99d8dbc0e8af64a357a3a43c,,2026-06-03T22:54:27+08:00,https://mxdzlk.com/item/?page_num=83
2041047,item,,item,mxdzlk_item,https://mxdzlk.com/item/2041047/,https://static.mapleartale.com/images/item/2041047.png,assets/items/raw/2041047.png,downloaded,200,image/png,1245,551c297f7dfc58c242098b53411653dfdbb1a2c4a74f3031fe489d1168ff3ae1,,2026-06-03T22:54:28+08:00,https://mxdzlk.com/item/?page_num=83
2041048,item,,item,mxdzlk_item,https://mxdzlk.com/item/2041048/,https://static.mapleartale.com/images/item/2041048.png,assets/items/raw/2041048.png,downloaded,200,image/png,1240,15a1e63028e8874f1c6108202ba2d8feddfcee9b99d8dbc0e8af64a357a3a43c,,2026-06-03T22:54:27+08:00,https://mxdzlk.com/item/?page_num=83
2041049,item,,item,mxdzlk_item,https://mxdzlk.com/item/2041049/,https://static.mapleartale.com/images/item/2041049.png,assets/items/raw/2041049.png,downloaded,200,image/png,1245,551c297f7dfc58c242098b53411653dfdbb1a2c4a74f3031fe489d1168ff3ae1,,2026-06-03T22:54:27+08:00,https://mxdzlk.com/item/?page_num=84
2041050,item,,item,mxdzlk_item,https://mxdzlk.com/item/2041050/,https://static.mapleartale.com/images/item/2041050.png,assets/items/raw/2041050.png,downloaded,200,image/png,1240,15a1e63028e8874f1c6108202ba2d8feddfcee9b99d8dbc0e8af64a357a3a43c,,2026-06-03T22:54:27+08:00,https://mxdzlk.com/item/?page_num=84
2041051,item,,item,mxdzlk_item,https://mxdzlk.com/item/2041051/,https://static.mapleartale.com/images/item/2041051.png,assets/items/raw/2041051.png,downloaded,200,image/png,1245,551c297f7dfc58c242098b53411653dfdbb1a2c4a74f3031fe489d1168ff3ae1,,2026-06-03T22:54:28+08:00,https://mxdzlk.com/item/?page_num=84
2041052,item,,item,mxdzlk_item,https://mxdzlk.com/item/2041052/,https://static.mapleartale.com/images/item/2041052.png,assets/items/raw/2041052.png,downloaded,200,image/png,1240,15a1e63028e8874f1c6108202ba2d8feddfcee9b99d8dbc0e8af64a357a3a43c,,2026-06-03T22:54:28+08:00,https://mxdzlk.com/item/?page_num=84
2041053,item,,item,mxdzlk_item,https://mxdzlk.com/item/2041053/,https://static.mapleartale.com/images/item/2041053.png,assets/items/raw/2041053.png,downloaded,200,image/png,1245,551c297f7dfc58c242098b53411653dfdbb1a2c4a74f3031fe489d1168ff3ae1,,2026-06-03T22:54:28+08:00,https://mxdzlk.com/item/?page_num=84
2041054,item,,item,mxdzlk_item,https://mxdzlk.com/item/2041054/,https://static.mapleartale.com/images/item/2041054.png,assets/items/raw/2041054.png,downloaded,200,image/png,1240,15a1e63028e8874f1c6108202ba2d8feddfcee9b99d8dbc0e8af64a357a3a43c,,2026-06-03T22:54:28+08:00,https://mxdzlk.com/item/?page_num=84
2041055,item,,item,mxdzlk_item,https://mxdzlk.com/item/2041055/,https://static.mapleartale.com/images/item/2041055.png,assets/items/raw/2041055.png,downloaded,200,image/png,1245,551c297f7dfc58c242098b53411653dfdbb1a2c4a74f3031fe489d1168ff3ae1,,2026-06-03T22:54:28+08:00,https://mxdzlk.com/item/?page_num=84
2041056,item,,item,mxdzlk_item,https://mxdzlk.com/item/2041056/,https://static.mapleartale.com/images/item/2041056.png,assets/items/raw/2041056.png,downloaded,200,image/png,1240,15a1e63028e8874f1c6108202ba2d8feddfcee9b99d8dbc0e8af64a357a3a43c,,2026-06-03T22:54:28+08:00,https://mxdzlk.com/item/?page_num=84
2041057,item,,item,mxdzlk_item,https://mxdzlk.com/item/2041057/,https://static.mapleartale.com/images/item/2041057.png,assets/items/raw/2041057.png,downloaded,200,image/png,1245,551c297f7dfc58c242098b53411653dfdbb1a2c4a74f3031fe489d1168ff3ae1,,2026-06-03T22:54:29+08:00,https://mxdzlk.com/item/?page_num=84
2041058,item,,item,mxdzlk_item,https://mxdzlk.com/item/2041058/,https://static.mapleartale.com/images/item/2041058.png,assets/items/raw/2041058.png,downloaded,200,image/png,836,a5feedc402db075492fd8542c56c4b055ce9322e93de607a5049a44dc66816b3,,2026-06-03T22:54:29+08:00,https://mxdzlk.com/item/?page_num=84
2041059,item,,item,mxdzlk_item,https://mxdzlk.com/item/2041059/,https://static.mapleartale.com/images/item/2041059.png,assets/items/raw/2041059.png,downloaded,200,image/png,745,f75127d11c6ebc2472a4e65c35c6d4ba15b9514554662ef3cb88cd4d2f295680,,2026-06-03T22:54:29+08:00,https://mxdzlk.com/item/?page_num=85
2041060,item,,item,mxdzlk_item,https://mxdzlk.com/item/2041060/,https://static.mapleartale.com/images/item/2041060.png,assets/items/raw/2041060.png,downloaded,200,image/png,745,f75127d11c6ebc2472a4e65c35c6d4ba15b9514554662ef3cb88cd4d2f295680,,2026-06-03T22:54:29+08:00,https://mxdzlk.com/item/?page_num=85
2041061,item,,item,mxdzlk_item,https://mxdzlk.com/item/2041061/,https://static.mapleartale.com/images/item/2041061.png,assets/items/raw/2041061.png,downloaded,200,image/png,745,f75127d11c6ebc2472a4e65c35c6d4ba15b9514554662ef3cb88cd4d2f295680,,2026-06-03T22:54:29+08:00,https://mxdzlk.com/item/?page_num=85
2041062,item,,item,mxdzlk_item,https://mxdzlk.com/item/2041062/,https://static.mapleartale.com/images/item/2041062.png,assets/items/raw/2041062.png,downloaded,200,image/png,745,f75127d11c6ebc2472a4e65c35c6d4ba15b9514554662ef3cb88cd4d2f295680,,2026-06-03T22:54:29+08:00,https://mxdzlk.com/item/?page_num=85
2041200,item,,item,mxdzlk_item,https://mxdzlk.com/item/2041200/,https://static.mapleartale.com/images/item/2041200.png,assets/items/raw/2041200.png,downloaded,200,image/png,1088,6484b3ae89fbd607d01d8d8754666f45cd4a04a34497d2545ff878508b509f97,,2026-06-03T22:54:29+08:00,https://mxdzlk.com/item/?page_num=85
2041201,item,,item,mxdzlk_item,https://mxdzlk.com/item/2041201/,https://static.mapleartale.com/images/item/2041201.png,assets/items/raw/2041201.png,downloaded,200,image/png,715,59be071c7efdb0b90fe1438daf830550677769bd6f825c7600676d401c00abf4,,2026-06-03T22:54:29+08:00,https://mxdzlk.com/item/?page_num=85
2041202,item,,item,mxdzlk_item,https://mxdzlk.com/item/2041202/,https://static.mapleartale.com/images/item/2041202.png,assets/items/raw/2041202.png,downloaded,200,image/png,712,e75f9fd575fd2d7b450166c1bc40073ff88ac0e828056e6286a1748976bac5e8,,2026-06-03T22:54:29+08:00,https://mxdzlk.com/item/?page_num=85
2041203,item,,item,mxdzlk_item,https://mxdzlk.com/item/2041203/,https://static.mapleartale.com/images/item/2041203.png,assets/items/raw/2041203.png,downloaded,200,image/png,744,a0650ac89cf5bb1da603de2b72057c0f6a379ffe1d3ceb7468a42c75c505e995,,2026-06-03T22:54:30+08:00,https://mxdzlk.com/item/?page_num=85
2041204,item,,item,mxdzlk_item,https://mxdzlk.com/item/2041204/,https://static.mapleartale.com/images/item/2041204.png,assets/items/raw/2041204.png,downloaded,200,image/png,736,4769e5502982c54c2d00b79d8ec32a1e023a1d3819a54548f9043ca78708d805,,2026-06-03T22:54:30+08:00,https://mxdzlk.com/item/?page_num=85
2041205,item,,item,mxdzlk_item,https://mxdzlk.com/item/2041205/,https://static.mapleartale.com/images/item/2041205.png,assets/items/raw/2041205.png,downloaded,200,image/png,729,eb37c216312b1b417bddd84e64d1bce90cc5797834dce7d909f9992c387cb1c7,,2026-06-03T22:54:30+08:00,https://mxdzlk.com/item/?page_num=85
2041206,item,,item,mxdzlk_item,https://mxdzlk.com/item/2041206/,https://static.mapleartale.com/images/item/2041206.png,assets/items/raw/2041206.png,downloaded,200,image/png,715,59be071c7efdb0b90fe1438daf830550677769bd6f825c7600676d401c00abf4,,2026-06-03T22:54:30+08:00,https://mxdzlk.com/item/?page_num=86
2041207,item,,item,mxdzlk_item,https://mxdzlk.com/item/2041207/,https://static.mapleartale.com/images/item/2041207.png,assets/items/raw/2041207.png,downloaded,200,image/png,712,e75f9fd575fd2d7b450166c1bc40073ff88ac0e828056e6286a1748976bac5e8,,2026-06-03T22:54:31+08:00,https://mxdzlk.com/item/?page_num=86
2041208,item,,item,mxdzlk_item,https://mxdzlk.com/item/2041208/,https://static.mapleartale.com/images/item/2041208.png,assets/items/raw/2041208.png,downloaded,200,image/png,744,a0650ac89cf5bb1da603de2b72057c0f6a379ffe1d3ceb7468a42c75c505e995,,2026-06-03T22:54:37+08:00,https://mxdzlk.com/item/?page_num=86
2041209,item,,item,mxdzlk_item,https://mxdzlk.com/item/2041209/,https://static.mapleartale.com/images/item/2041209.png,assets/items/raw/2041209.png,downloaded,200,image/png,736,4769e5502982c54c2d00b79d8ec32a1e023a1d3819a54548f9043ca78708d805,,2026-06-03T22:54:31+08:00,https://mxdzlk.com/item/?page_num=86
2041210,item,,item,mxdzlk_item,https://mxdzlk.com/item/2041210/,https://static.mapleartale.com/images/item/2041210.png,assets/items/raw/2041210.png,downloaded,200,image/png,729,eb37c216312b1b417bddd84e64d1bce90cc5797834dce7d909f9992c387cb1c7,,2026-06-03T22:54:31+08:00,https://mxdzlk.com/item/?page_num=86
2041211,item,,item,mxdzlk_item,https://mxdzlk.com/item/2041211/,https://static.mapleartale.com/images/item/2041211.png,assets/items/raw/2041211.png,downloaded,200,image/png,825,f65cc143cafdc5e0db74d65d57220192ea95dd97980a227f9a5b1509d12af3cb,,2026-06-03T22:54:32+08:00,https://mxdzlk.com/item/?page_num=86
2041212,item,,item,mxdzlk_item,https://mxdzlk.com/item/2041212/,https://static.mapleartale.com/images/item/2041212.png,assets/items/raw/2041212.png,downloaded,200,image/png,753,070b9e3e608f5d982a2b131936fec2a6987977dd2d62fd71396df45f42ab349e,,2026-06-03T22:54:32+08:00,https://mxdzlk.com/item/?page_num=86
2041301,item,,item,mxdzlk_item,https://mxdzlk.com/item/2041301/,https://static.mapleartale.com/images/item/2041301.png,assets/items/raw/2041301.png,downloaded,200,image/png,712,e75f9fd575fd2d7b450166c1bc40073ff88ac0e828056e6286a1748976bac5e8,,2026-06-03T22:54:31+08:00,https://mxdzlk.com/item/?page_num=86
2041304,item,,item,mxdzlk_item,https://mxdzlk.com/item/2041304/,https://static.mapleartale.com/images/item/2041304.png,assets/items/raw/2041304.png,downloaded,200,image/png,712,e75f9fd575fd2d7b450166c1bc40073ff88ac0e828056e6286a1748976bac5e8,,2026-06-03T22:54:31+08:00,https://mxdzlk.com/item/?page_num=86
2041307,item,,item,mxdzlk_item,https://mxdzlk.com/item/2041307/,https://static.mapleartale.com/images/item/2041307.png,assets/items/raw/2041307.png,downloaded,200,image/png,712,e75f9fd575fd2d7b450166c1bc40073ff88ac0e828056e6286a1748976bac5e8,,2026-06-03T22:54:31+08:00,https://mxdzlk.com/item/?page_num=86
2041310,item,,item,mxdzlk_item,https://mxdzlk.com/item/2041310/,https://static.mapleartale.com/images/item/2041310.png,assets/items/raw/2041310.png,downloaded,200,image/png,712,e75f9fd575fd2d7b450166c1bc40073ff88ac0e828056e6286a1748976bac5e8,,2026-06-03T22:54:31+08:00,https://mxdzlk.com/item/?page_num=87
2043000,item,,item,mxdzlk_item,https://mxdzlk.com/item/2043000/,https://static.mapleartale.com/images/item/2043000.png,assets/items/raw/2043000.png,downloaded,200,image/png,744,a0650ac89cf5bb1da603de2b72057c0f6a379ffe1d3ceb7468a42c75c505e995,,2026-06-03T22:54:32+08:00,https://mxdzlk.com/item/?page_num=87
2043001,item,,item,mxdzlk_item,https://mxdzlk.com/item/2043001/,https://static.mapleartale.com/images/item/2043001.png,assets/items/raw/2043001.png,downloaded,200,image/png,712,e75f9fd575fd2d7b450166c1bc40073ff88ac0e828056e6286a1748976bac5e8,,2026-06-03T22:54:32+08:00,https://mxdzlk.com/item/?page_num=87
2043002,item,,item,mxdzlk_item,https://mxdzlk.com/item/2043002/,https://static.mapleartale.com/images/item/2043002.png,assets/items/raw/2043002.png,downloaded,200,image/png,715,59be071c7efdb0b90fe1438daf830550677769bd6f825c7600676d401c00abf4,,2026-06-03T22:54:32+08:00,https://mxdzlk.com/item/?page_num=87
2043003,item,,item,mxdzlk_item,https://mxdzlk.com/item/2043003/,https://static.mapleartale.com/images/item/2043003.png,assets/items/raw/2043003.png,downloaded,200,image/png,715,59be071c7efdb0b90fe1438daf830550677769bd6f825c7600676d401c00abf4,,2026-06-03T22:54:32+08:00,https://mxdzlk.com/item/?page_num=87
2043004,item,,item,mxdzlk_item,https://mxdzlk.com/item/2043004/,https://static.mapleartale.com/images/item/2043004.png,assets/items/raw/2043004.png,downloaded,200,image/png,729,eb37c216312b1b417bddd84e64d1bce90cc5797834dce7d909f9992c387cb1c7,,2026-06-03T22:54:33+08:00,https://mxdzlk.com/item/?page_num=87
2043005,item,,item,mxdzlk_item,https://mxdzlk.com/item/2043005/,https://static.mapleartale.com/images/item/2043005.png,assets/items/raw/2043005.png,downloaded,200,image/png,736,4769e5502982c54c2d00b79d8ec32a1e023a1d3819a54548f9043ca78708d805,,2026-06-03T22:54:34+08:00,https://mxdzlk.com/item/?page_num=87
2043006,item,,item,mxdzlk_item,https://mxdzlk.com/item/2043006/,https://static.mapleartale.com/images/item/2043006.png,assets/items/raw/2043006.png,downloaded,200,image/png,729,eb37c216312b1b417bddd84e64d1bce90cc5797834dce7d909f9992c387cb1c7,,2026-06-03T22:54:46+08:00,https://mxdzlk.com/item/?page_num=87
2043007,item,,item,mxdzlk_item,https://mxdzlk.com/item/2043007/,https://static.mapleartale.com/images/item/2043007.png,assets/items/raw/2043007.png,downloaded,200,image/png,736,4769e5502982c54c2d00b79d8ec32a1e023a1d3819a54548f9043ca78708d805,,2026-06-03T22:54:35+08:00,https://mxdzlk.com/item/?page_num=87
2043008,item,,item,mxdzlk_item,https://mxdzlk.com/item/2043008/,https://static.mapleartale.com/images/item/2043008.png,assets/items/raw/2043008.png,downloaded,200,image/png,715,59be071c7efdb0b90fe1438daf830550677769bd6f825c7600676d401c00abf4,,2026-06-03T22:54:34+08:00,https://mxdzlk.com/item/?page_num=87
2043009,item,,item,mxdzlk_item,https://mxdzlk.com/item/2043009/,https://static.mapleartale.com/images/item/2043009.png,assets/items/raw/2043009.png,downloaded,200,image/png,712,e75f9fd575fd2d7b450166c1bc40073ff88ac0e828056e6286a1748976bac5e8,,2026-06-03T22:54:34+08:00,https://mxdzlk.com/item/?page_num=88
2043010,item,,item,mxdzlk_item,https://mxdzlk.com/item/2043010/,https://static.mapleartale.com/images/item/2043010.png,assets/items/raw/2043010.png,downloaded,200,image/png,744,a0650ac89cf5bb1da603de2b72057c0f6a379ffe1d3ceb7468a42c75c505e995,,2026-06-03T22:54:34+08:00,https://mxdzlk.com/item/?page_num=88
2043011,item,,item,mxdzlk_item,https://mxdzlk.com/item/2043011/,https://static.mapleartale.com/images/item/2043011.png,assets/items/raw/2043011.png,downloaded,200,image/png,1240,15a1e63028e8874f1c6108202ba2d8feddfcee9b99d8dbc0e8af64a357a3a43c,,2026-06-03T22:54:34+08:00,https://mxdzlk.com/item/?page_num=88
2043012,item,,item,mxdzlk_item,https://mxdzlk.com/item/2043012/,https://static.mapleartale.com/images/item/2043012.png,assets/items/raw/2043012.png,downloaded,200,image/png,1245,551c297f7dfc58c242098b53411653dfdbb1a2c4a74f3031fe489d1168ff3ae1,,2026-06-03T22:54:37+08:00,https://mxdzlk.com/item/?page_num=88
2043013,item,,item,mxdzlk_item,https://mxdzlk.com/item/2043013/,https://static.mapleartale.com/images/item/2043013.png,assets/items/raw/2043013.png,downloaded,200,image/png,745,f75127d11c6ebc2472a4e65c35c6d4ba15b9514554662ef3cb88cd4d2f295680,,2026-06-03T22:54:35+08:00,https://mxdzlk.com/item/?page_num=88
2043015,item,,item,mxdzlk_item,https://mxdzlk.com/item/2043015/,https://static.mapleartale.com/images/item/2043015.png,assets/items/raw/2043015.png,downloaded,200,image/png,744,a0650ac89cf5bb1da603de2b72057c0f6a379ffe1d3ceb7468a42c75c505e995,,2026-06-03T22:54:36+08:00,https://mxdzlk.com/item/?page_num=88
2043016,item,,item,mxdzlk_item,https://mxdzlk.com/item/2043016/,https://static.mapleartale.com/images/item/2043016.png,assets/items/raw/2043016.png,downloaded,200,image/png,729,eb37c216312b1b417bddd84e64d1bce90cc5797834dce7d909f9992c387cb1c7,,2026-06-03T22:54:37+08:00,https://mxdzlk.com/item/?page_num=88
2043017,item,,item,mxdzlk_item,https://mxdzlk.com/item/2043017/,https://static.mapleartale.com/images/item/2043017.png,assets/items/raw/2043017.png,downloaded,200,image/png,712,e75f9fd575fd2d7b450166c1bc40073ff88ac0e828056e6286a1748976bac5e8,,2026-06-03T22:54:36+08:00,https://mxdzlk.com/item/?page_num=88
2043018,item,,item,mxdzlk_item,https://mxdzlk.com/item/2043018/,https://static.mapleartale.com/images/item/2043018.png,assets/items/raw/2043018.png,downloaded,200,image/png,736,4769e5502982c54c2d00b79d8ec32a1e023a1d3819a54548f9043ca78708d805,,2026-06-03T22:54:36+08:00,https://mxdzlk.com/item/?page_num=88
2043019,item,,item,mxdzlk_item,https://mxdzlk.com/item/2043019/,https://static.mapleartale.com/images/item/2043019.png,assets/items/raw/2043019.png,downloaded,200,image/png,715,59be071c7efdb0b90fe1438daf830550677769bd6f825c7600676d401c00abf4,,2026-06-03T22:54:36+08:00,https://mxdzlk.com/item/?page_num=88
2043021,item,,item,mxdzlk_item,https://mxdzlk.com/item/2043021/,https://static.mapleartale.com/images/item/2043021.png,assets/items/raw/2043021.png,downloaded,200,image/png,712,e75f9fd575fd2d7b450166c1bc40073ff88ac0e828056e6286a1748976bac5e8,,2026-06-03T22:54:37+08:00,https://mxdzlk.com/item/?page_num=89
2043100,item,,item,mxdzlk_item,https://mxdzlk.com/item/2043100/,https://static.mapleartale.com/images/item/2043100.png,assets/items/raw/2043100.png,downloaded,200,image/png,744,a0650ac89cf5bb1da603de2b72057c0f6a379ffe1d3ceb7468a42c75c505e995,,2026-06-03T22:54:39+08:00,https://mxdzlk.com/item/?page_num=89
2043101,item,,item,mxdzlk_item,https://mxdzlk.com/item/2043101/,https://static.mapleartale.com/images/item/2043101.png,assets/items/raw/2043101.png,downloaded,200,image/png,712,e75f9fd575fd2d7b450166c1bc40073ff88ac0e828056e6286a1748976bac5e8,,2026-06-03T22:54:37+08:00,https://mxdzlk.com/item/?page_num=89
2043102,item,,item,mxdzlk_item,https://mxdzlk.com/item/2043102/,https://static.mapleartale.com/images/item/2043102.png,assets/items/raw/2043102.png,downloaded,200,image/png,715,59be071c7efdb0b90fe1438daf830550677769bd6f825c7600676d401c00abf4,,2026-06-03T22:54:37+08:00,https://mxdzlk.com/item/?page_num=89
2043103,item,,item,mxdzlk_item,https://mxdzlk.com/item/2043103/,https://static.mapleartale.com/images/item/2043103.png,assets/items/raw/2043103.png,downloaded,200,image/png,715,59be071c7efdb0b90fe1438daf830550677769bd6f825c7600676d401c00abf4,,2026-06-03T22:54:38+08:00,https://mxdzlk.com/item/?page_num=89
2043104,item,,item,mxdzlk_item,https://mxdzlk.com/item/2043104/,https://static.mapleartale.com/images/item/2043104.png,assets/items/raw/2043104.png,downloaded,200,image/png,729,eb37c216312b1b417bddd84e64d1bce90cc5797834dce7d909f9992c387cb1c7,,2026-06-03T22:54:38+08:00,https://mxdzlk.com/item/?page_num=89
2043105,item,,item,mxdzlk_item,https://mxdzlk.com/item/2043105/,https://static.mapleartale.com/images/item/2043105.png,assets/items/raw/2043105.png,downloaded,200,image/png,736,4769e5502982c54c2d00b79d8ec32a1e023a1d3819a54548f9043ca78708d805,,2026-06-03T22:54:40+08:00,https://mxdzlk.com/item/?page_num=89
2043106,item,,item,mxdzlk_item,https://mxdzlk.com/item/2043106/,https://static.mapleartale.com/images/item/2043106.png,assets/items/raw/2043106.png,downloaded,200,image/png,1240,15a1e63028e8874f1c6108202ba2d8feddfcee9b99d8dbc0e8af64a357a3a43c,,2026-06-03T22:54:38+08:00,https://mxdzlk.com/item/?page_num=89
2043107,item,,item,mxdzlk_item,https://mxdzlk.com/item/2043107/,https://static.mapleartale.com/images/item/2043107.png,assets/items/raw/2043107.png,downloaded,200,image/png,1245,551c297f7dfc58c242098b53411653dfdbb1a2c4a74f3031fe489d1168ff3ae1,,2026-06-03T22:54:38+08:00,https://mxdzlk.com/item/?page_num=89
2043108,item,,item,mxdzlk_item,https://mxdzlk.com/item/2043108/,https://static.mapleartale.com/images/item/2043108.png,assets/items/raw/2043108.png,downloaded,200,image/png,745,f75127d11c6ebc2472a4e65c35c6d4ba15b9514554662ef3cb88cd4d2f295680,,2026-06-03T22:54:38+08:00,https://mxdzlk.com/item/?page_num=89
2043110,item,,item,mxdzlk_item,https://mxdzlk.com/item/2043110/,https://static.mapleartale.com/images/item/2043110.png,assets/items/raw/2043110.png,downloaded,200,image/png,744,a0650ac89cf5bb1da603de2b72057c0f6a379ffe1d3ceb7468a42c75c505e995,,2026-06-03T22:54:41+08:00,https://mxdzlk.com/item/?page_num=90
2043111,item,,item,mxdzlk_item,https://mxdzlk.com/item/2043111/,https://static.mapleartale.com/images/item/2043111.png,assets/items/raw/2043111.png,downloaded,200,image/png,729,eb37c216312b1b417bddd84e64d1bce90cc5797834dce7d909f9992c387cb1c7,,2026-06-03T22:54:39+08:00,https://mxdzlk.com/item/?page_num=90
2043112,item,,item,mxdzlk_item,https://mxdzlk.com/item/2043112/,https://static.mapleartale.com/images/item/2043112.png,assets/items/raw/2043112.png,downloaded,200,image/png,712,e75f9fd575fd2d7b450166c1bc40073ff88ac0e828056e6286a1748976bac5e8,,2026-06-03T22:54:39+08:00,https://mxdzlk.com/item/?page_num=90
2043113,item,,item,mxdzlk_item,https://mxdzlk.com/item/2043113/,https://static.mapleartale.com/images/item/2043113.png,assets/items/raw/2043113.png,downloaded,200,image/png,736,4769e5502982c54c2d00b79d8ec32a1e023a1d3819a54548f9043ca78708d805,,2026-06-03T22:54:39+08:00,https://mxdzlk.com/item/?page_num=90
2043114,item,,item,mxdzlk_item,https://mxdzlk.com/item/2043114/,https://static.mapleartale.com/images/item/2043114.png,assets/items/raw/2043114.png,downloaded,200,image/png,715,59be071c7efdb0b90fe1438daf830550677769bd6f825c7600676d401c00abf4,,2026-06-03T22:54:39+08:00,https://mxdzlk.com/item/?page_num=90
2043116,item,,item,mxdzlk_item,https://mxdzlk.com/item/2043116/,https://static.mapleartale.com/images/item/2043116.png,assets/items/raw/2043116.png,downloaded,200,image/png,712,e75f9fd575fd2d7b450166c1bc40073ff88ac0e828056e6286a1748976bac5e8,,2026-06-03T22:54:41+08:00,https://mxdzlk.com/item/?page_num=90
2043200,item,,item,mxdzlk_item,https://mxdzlk.com/item/2043200/,https://static.mapleartale.com/images/item/2043200.png,assets/items/raw/2043200.png,downloaded,200,image/png,744,a0650ac89cf5bb1da603de2b72057c0f6a379ffe1d3ceb7468a42c75c505e995,,2026-06-03T22:54:42+08:00,https://mxdzlk.com/item/?page_num=90
2043201,item,,item,mxdzlk_item,https://mxdzlk.com/item/2043201/,https://static.mapleartale.com/images/item/2043201.png,assets/items/raw/2043201.png,downloaded,200,image/png,712,e75f9fd575fd2d7b450166c1bc40073ff88ac0e828056e6286a1748976bac5e8,,2026-06-03T22:54:41+08:00,https://mxdzlk.com/item/?page_num=90
2043202,item,,item,mxdzlk_item,https://mxdzlk.com/item/2043202/,https://static.mapleartale.com/images/item/2043202.png,assets/items/raw/2043202.png,downloaded,200,image/png,715,59be071c7efdb0b90fe1438daf830550677769bd6f825c7600676d401c00abf4,,2026-06-03T22:54:42+08:00,https://mxdzlk.com/item/?page_num=90
2043203,item,,item,mxdzlk_item,https://mxdzlk.com/item/2043203/,https://static.mapleartale.com/images/item/2043203.png,assets/items/raw/2043203.png,downloaded,200,image/png,715,59be071c7efdb0b90fe1438daf830550677769bd6f825c7600676d401c00abf4,,2026-06-03T22:54:42+08:00,https://mxdzlk.com/item/?page_num=90
2043204,item,,item,mxdzlk_item,https://mxdzlk.com/item/2043204/,https://static.mapleartale.com/images/item/2043204.png,assets/items/raw/2043204.png,downloaded,200,image/png,729,eb37c216312b1b417bddd84e64d1bce90cc5797834dce7d909f9992c387cb1c7,,2026-06-03T22:54:41+08:00,https://mxdzlk.com/item/?page_num=91
2043205,item,,item,mxdzlk_item,https://mxdzlk.com/item/2043205/,https://static.mapleartale.com/images/item/2043205.png,assets/items/raw/2043205.png,downloaded,200,image/png,736,4769e5502982c54c2d00b79d8ec32a1e023a1d3819a54548f9043ca78708d805,,2026-06-03T22:54:42+08:00,https://mxdzlk.com/item/?page_num=91
2043206,item,,item,mxdzlk_item,https://mxdzlk.com/item/2043206/,https://static.mapleartale.com/images/item/2043206.png,assets/items/raw/2043206.png,downloaded,200,image/png,1240,15a1e63028e8874f1c6108202ba2d8feddfcee9b99d8dbc0e8af64a357a3a43c,,2026-06-03T22:54:43+08:00,https://mxdzlk.com/item/?page_num=91
2043207,item,,item,mxdzlk_item,https://mxdzlk.com/item/2043207/,https://static.mapleartale.com/images/item/2043207.png,assets/items/raw/2043207.png,downloaded,200,image/png,1245,551c297f7dfc58c242098b53411653dfdbb1a2c4a74f3031fe489d1168ff3ae1,,2026-06-03T22:54:43+08:00,https://mxdzlk.com/item/?page_num=91
2043208,item,,item,mxdzlk_item,https://mxdzlk.com/item/2043208/,https://static.mapleartale.com/images/item/2043208.png,assets/items/raw/2043208.png,downloaded,200,image/png,745,f75127d11c6ebc2472a4e65c35c6d4ba15b9514554662ef3cb88cd4d2f295680,,2026-06-03T22:54:43+08:00,https://mxdzlk.com/item/?page_num=91
2043210,item,,item,mxdzlk_item,https://mxdzlk.com/item/2043210/,https://static.mapleartale.com/images/item/2043210.png,assets/items/raw/2043210.png,downloaded,200,image/png,744,a0650ac89cf5bb1da603de2b72057c0f6a379ffe1d3ceb7468a42c75c505e995,,2026-06-03T22:54:43+08:00,https://mxdzlk.com/item/?page_num=91
2043211,item,,item,mxdzlk_item,https://mxdzlk.com/item/2043211/,https://static.mapleartale.com/images/item/2043211.png,assets/items/raw/2043211.png,downloaded,200,image/png,729,eb37c216312b1b417bddd84e64d1bce90cc5797834dce7d909f9992c387cb1c7,,2026-06-03T22:54:44+08:00,https://mxdzlk.com/item/?page_num=91
2043212,item,,item,mxdzlk_item,https://mxdzlk.com/item/2043212/,https://static.mapleartale.com/images/item/2043212.png,assets/items/raw/2043212.png,downloaded,200,image/png,712,e75f9fd575fd2d7b450166c1bc40073ff88ac0e828056e6286a1748976bac5e8,,2026-06-03T22:54:44+08:00,https://mxdzlk.com/item/?page_num=91
2043213,item,,item,mxdzlk_item,https://mxdzlk.com/item/2043213/,https://static.mapleartale.com/images/item/2043213.png,assets/items/raw/2043213.png,downloaded,200,image/png,736,4769e5502982c54c2d00b79d8ec32a1e023a1d3819a54548f9043ca78708d805,,2026-06-03T22:54:44+08:00,https://mxdzlk.com/item/?page_num=91
2043214,item,,item,mxdzlk_item,https://mxdzlk.com/item/2043214/,https://static.mapleartale.com/images/item/2043214.png,assets/items/raw/2043214.png,downloaded,200,image/png,715,59be071c7efdb0b90fe1438daf830550677769bd6f825c7600676d401c00abf4,,2026-06-03T22:54:44+08:00,https://mxdzlk.com/item/?page_num=91
2043216,item,,item,mxdzlk_item,https://mxdzlk.com/item/2043216/,https://static.mapleartale.com/images/item/2043216.png,assets/items/raw/2043216.png,downloaded,200,image/png,712,e75f9fd575fd2d7b450166c1bc40073ff88ac0e828056e6286a1748976bac5e8,,2026-06-03T22:54:44+08:00,https://mxdzlk.com/item/?page_num=92
2043300,item,,item,mxdzlk_item,https://mxdzlk.com/item/2043300/,https://static.mapleartale.com/images/item/2043300.png,assets/items/raw/2043300.png,downloaded,200,image/png,744,a0650ac89cf5bb1da603de2b72057c0f6a379ffe1d3ceb7468a42c75c505e995,,2026-06-03T22:54:44+08:00,https://mxdzlk.com/item/?page_num=92
2043301,item,,item,mxdzlk_item,https://mxdzlk.com/item/2043301/,https://static.mapleartale.com/images/item/2043301.png,assets/items/raw/2043301.png,downloaded,200,image/png,712,e75f9fd575fd2d7b450166c1bc40073ff88ac0e828056e6286a1748976bac5e8,,2026-06-03T22:54:45+08:00,https://mxdzlk.com/item/?page_num=92
2043302,item,,item,mxdzlk_item,https://mxdzlk.com/item/2043302/,https://static.mapleartale.com/images/item/2043302.png,assets/items/raw/2043302.png,downloaded,200,image/png,715,59be071c7efdb0b90fe1438daf830550677769bd6f825c7600676d401c00abf4,,2026-06-03T22:54:45+08:00,https://mxdzlk.com/item/?page_num=92
2043303,item,,item,mxdzlk_item,https://mxdzlk.com/item/2043303/,https://static.mapleartale.com/images/item/2043303.png,assets/items/raw/2043303.png,downloaded,200,image/png,715,59be071c7efdb0b90fe1438daf830550677769bd6f825c7600676d401c00abf4,,2026-06-03T22:54:47+08:00,https://mxdzlk.com/item/?page_num=92
2043304,item,,item,mxdzlk_item,https://mxdzlk.com/item/2043304/,https://static.mapleartale.com/images/item/2043304.png,assets/items/raw/2043304.png,downloaded,200,image/png,729,eb37c216312b1b417bddd84e64d1bce90cc5797834dce7d909f9992c387cb1c7,,2026-06-03T22:54:45+08:00,https://mxdzlk.com/item/?page_num=92
2043305,item,,item,mxdzlk_item,https://mxdzlk.com/item/2043305/,https://static.mapleartale.com/images/item/2043305.png,assets/items/raw/2043305.png,downloaded,200,image/png,736,4769e5502982c54c2d00b79d8ec32a1e023a1d3819a54548f9043ca78708d805,,2026-06-03T22:54:45+08:00,https://mxdzlk.com/item/?page_num=92
2043306,item,,item,mxdzlk_item,https://mxdzlk.com/item/2043306/,https://static.mapleartale.com/images/item/2043306.png,assets/items/raw/2043306.png,downloaded,200,image/png,1240,15a1e63028e8874f1c6108202ba2d8feddfcee9b99d8dbc0e8af64a357a3a43c,,2026-06-03T22:54:46+08:00,https://mxdzlk.com/item/?page_num=92
2043307,item,,item,mxdzlk_item,https://mxdzlk.com/item/2043307/,https://static.mapleartale.com/images/item/2043307.png,assets/items/raw/2043307.png,downloaded,200,image/png,1245,551c297f7dfc58c242098b53411653dfdbb1a2c4a74f3031fe489d1168ff3ae1,,2026-06-03T22:54:47+08:00,https://mxdzlk.com/item/?page_num=92
2043308,item,,item,mxdzlk_item,https://mxdzlk.com/item/2043308/,https://static.mapleartale.com/images/item/2043308.png,assets/items/raw/2043308.png,downloaded,200,image/png,745,f75127d11c6ebc2472a4e65c35c6d4ba15b9514554662ef3cb88cd4d2f295680,,2026-06-03T22:54:46+08:00,https://mxdzlk.com/item/?page_num=92
2043311,item,,item,mxdzlk_item,https://mxdzlk.com/item/2043311/,https://static.mapleartale.com/images/item/2043311.png,assets/items/raw/2043311.png,downloaded,200,image/png,712,e75f9fd575fd2d7b450166c1bc40073ff88ac0e828056e6286a1748976bac5e8,,2026-06-03T22:54:47+08:00,https://mxdzlk.com/item/?page_num=93
2043700,item,,item,mxdzlk_item,https://mxdzlk.com/item/2043700/,https://static.mapleartale.com/images/item/2043700.png,assets/items/raw/2043700.png,downloaded,200,image/png,744,a0650ac89cf5bb1da603de2b72057c0f6a379ffe1d3ceb7468a42c75c505e995,,2026-06-03T22:54:46+08:00,https://mxdzlk.com/item/?page_num=93
2043701,item,,item,mxdzlk_item,https://mxdzlk.com/item/2043701/,https://static.mapleartale.com/images/item/2043701.png,assets/items/raw/2043701.png,downloaded,200,image/png,712,e75f9fd575fd2d7b450166c1bc40073ff88ac0e828056e6286a1748976bac5e8,,2026-06-03T22:54:48+08:00,https://mxdzlk.com/item/?page_num=93
2043702,item,,item,mxdzlk_item,https://mxdzlk.com/item/2043702/,https://static.mapleartale.com/images/item/2043702.png,assets/items/raw/2043702.png,downloaded,200,image/png,715,59be071c7efdb0b90fe1438daf830550677769bd6f825c7600676d401c00abf4,,2026-06-03T22:54:47+08:00,https://mxdzlk.com/item/?page_num=93
2043703,item,,item,mxdzlk_item,https://mxdzlk.com/item/2043703/,https://static.mapleartale.com/images/item/2043703.png,assets/items/raw/2043703.png,downloaded,200,image/png,715,59be071c7efdb0b90fe1438daf830550677769bd6f825c7600676d401c00abf4,,2026-06-03T22:54:47+08:00,https://mxdzlk.com/item/?page_num=93
2043704,item,,item,mxdzlk_item,https://mxdzlk.com/item/2043704/,https://static.mapleartale.com/images/item/2043704.png,assets/items/raw/2043704.png,downloaded,200,image/png,729,eb37c216312b1b417bddd84e64d1bce90cc5797834dce7d909f9992c387cb1c7,,2026-06-03T22:54:47+08:00,https://mxdzlk.com/item/?page_num=93
2043705,item,,item,mxdzlk_item,https://mxdzlk.com/item/2043705/,https://static.mapleartale.com/images/item/2043705.png,assets/items/raw/2043705.png,downloaded,200,image/png,736,4769e5502982c54c2d00b79d8ec32a1e023a1d3819a54548f9043ca78708d805,,2026-06-03T22:54:48+08:00,https://mxdzlk.com/item/?page_num=93
2043706,item,,item,mxdzlk_item,https://mxdzlk.com/item/2043706/,https://static.mapleartale.com/images/item/2043706.png,assets/items/raw/2043706.png,downloaded,200,image/png,1240,15a1e63028e8874f1c6108202ba2d8feddfcee9b99d8dbc0e8af64a357a3a43c,,2026-06-03T22:54:48+08:00,https://mxdzlk.com/item/?page_num=93
2043707,item,,item,mxdzlk_item,https://mxdzlk.com/item/2043707/,https://static.mapleartale.com/images/item/2043707.png,assets/items/raw/2043707.png,downloaded,200,image/png,1245,551c297f7dfc58c242098b53411653dfdbb1a2c4a74f3031fe489d1168ff3ae1,,2026-06-03T22:54:49+08:00,https://mxdzlk.com/item/?page_num=93
2043708,item,,item,mxdzlk_item,https://mxdzlk.com/item/2043708/,https://static.mapleartale.com/images/item/2043708.png,assets/items/raw/2043708.png,downloaded,200,image/png,745,f75127d11c6ebc2472a4e65c35c6d4ba15b9514554662ef3cb88cd4d2f295680,,2026-06-03T22:54:48+08:00,https://mxdzlk.com/item/?page_num=93
2043711,item,,item,mxdzlk_item,https://mxdzlk.com/item/2043711/,https://static.mapleartale.com/images/item/2043711.png,assets/items/raw/2043711.png,downloaded,200,image/png,712,e75f9fd575fd2d7b450166c1bc40073ff88ac0e828056e6286a1748976bac5e8,,2026-06-03T22:54:48+08:00,https://mxdzlk.com/item/?page_num=94
2043800,item,,item,mxdzlk_item,https://mxdzlk.com/item/2043800/,https://static.mapleartale.com/images/item/2043800.png,assets/items/raw/2043800.png,downloaded,200,image/png,744,a0650ac89cf5bb1da603de2b72057c0f6a379ffe1d3ceb7468a42c75c505e995,,2026-06-03T22:54:48+08:00,https://mxdzlk.com/item/?page_num=94
2043801,item,,item,mxdzlk_item,https://mxdzlk.com/item/2043801/,https://static.mapleartale.com/images/item/2043801.png,assets/items/raw/2043801.png,downloaded,200,image/png,712,e75f9fd575fd2d7b450166c1bc40073ff88ac0e828056e6286a1748976bac5e8,,2026-06-03T22:54:48+08:00,https://mxdzlk.com/item/?page_num=94
2043802,item,,item,mxdzlk_item,https://mxdzlk.com/item/2043802/,https://static.mapleartale.com/images/item/2043802.png,assets/items/raw/2043802.png,downloaded,200,image/png,715,59be071c7efdb0b90fe1438daf830550677769bd6f825c7600676d401c00abf4,,2026-06-03T22:54:52+08:00,https://mxdzlk.com/item/?page_num=94
2043803,item,,item,mxdzlk_item,https://mxdzlk.com/item/2043803/,https://static.mapleartale.com/images/item/2043803.png,assets/items/raw/2043803.png,downloaded,200,image/png,715,59be071c7efdb0b90fe1438daf830550677769bd6f825c7600676d401c00abf4,,2026-06-03T22:54:51+08:00,https://mxdzlk.com/item/?page_num=94
2043804,item,,item,mxdzlk_item,https://mxdzlk.com/item/2043804/,https://static.mapleartale.com/images/item/2043804.png,assets/items/raw/2043804.png,downloaded,200,image/png,729,eb37c216312b1b417bddd84e64d1bce90cc5797834dce7d909f9992c387cb1c7,,2026-06-03T22:54:49+08:00,https://mxdzlk.com/item/?page_num=94
2043805,item,,item,mxdzlk_item,https://mxdzlk.com/item/2043805/,https://static.mapleartale.com/images/item/2043805.png,assets/items/raw/2043805.png,downloaded,200,image/png,736,4769e5502982c54c2d00b79d8ec32a1e023a1d3819a54548f9043ca78708d805,,2026-06-03T22:54:49+08:00,https://mxdzlk.com/item/?page_num=94
2043806,item,,item,mxdzlk_item,https://mxdzlk.com/item/2043806/,https://static.mapleartale.com/images/item/2043806.png,assets/items/raw/2043806.png,downloaded,200,image/png,1240,15a1e63028e8874f1c6108202ba2d8feddfcee9b99d8dbc0e8af64a357a3a43c,,2026-06-03T22:54:49+08:00,https://mxdzlk.com/item/?page_num=94
2043807,item,,item,mxdzlk_item,https://mxdzlk.com/item/2043807/,https://static.mapleartale.com/images/item/2043807.png,assets/items/raw/2043807.png,downloaded,200,image/png,1245,551c297f7dfc58c242098b53411653dfdbb1a2c4a74f3031fe489d1168ff3ae1,,2026-06-03T22:54:49+08:00,https://mxdzlk.com/item/?page_num=94
2043808,item,,item,mxdzlk_item,https://mxdzlk.com/item/2043808/,https://static.mapleartale.com/images/item/2043808.png,assets/items/raw/2043808.png,downloaded,200,image/png,745,f75127d11c6ebc2472a4e65c35c6d4ba15b9514554662ef3cb88cd4d2f295680,,2026-06-03T22:54:49+08:00,https://mxdzlk.com/item/?page_num=94
2043811,item,,item,mxdzlk_item,https://mxdzlk.com/item/2043811/,https://static.mapleartale.com/images/item/2043811.png,assets/items/raw/2043811.png,downloaded,200,image/png,712,e75f9fd575fd2d7b450166c1bc40073ff88ac0e828056e6286a1748976bac5e8,,2026-06-03T22:54:50+08:00,https://mxdzlk.com/item/?page_num=95
2044000,item,,item,mxdzlk_item,https://mxdzlk.com/item/2044000/,https://static.mapleartale.com/images/item/2044000.png,assets/items/raw/2044000.png,downloaded,200,image/png,744,a0650ac89cf5bb1da603de2b72057c0f6a379ffe1d3ceb7468a42c75c505e995,,2026-06-03T22:54:50+08:00,https://mxdzlk.com/item/?page_num=95
2044001,item,,item,mxdzlk_item,https://mxdzlk.com/item/2044001/,https://static.mapleartale.com/images/item/2044001.png,assets/items/raw/2044001.png,downloaded,200,image/png,712,e75f9fd575fd2d7b450166c1bc40073ff88ac0e828056e6286a1748976bac5e8,,2026-06-03T22:54:50+08:00,https://mxdzlk.com/item/?page_num=95
2044002,item,,item,mxdzlk_item,https://mxdzlk.com/item/2044002/,https://static.mapleartale.com/images/item/2044002.png,assets/items/raw/2044002.png,downloaded,200,image/png,715,59be071c7efdb0b90fe1438daf830550677769bd6f825c7600676d401c00abf4,,2026-06-03T22:54:52+08:00,https://mxdzlk.com/item/?page_num=95
2044003,item,,item,mxdzlk_item,https://mxdzlk.com/item/2044003/,https://static.mapleartale.com/images/item/2044003.png,assets/items/raw/2044003.png,downloaded,200,image/png,715,59be071c7efdb0b90fe1438daf830550677769bd6f825c7600676d401c00abf4,,2026-06-03T22:54:52+08:00,https://mxdzlk.com/item/?page_num=95
2044004,item,,item,mxdzlk_item,https://mxdzlk.com/item/2044004/,https://static.mapleartale.com/images/item/2044004.png,assets/items/raw/2044004.png,downloaded,200,image/png,729,eb37c216312b1b417bddd84e64d1bce90cc5797834dce7d909f9992c387cb1c7,,2026-06-03T22:54:51+08:00,https://mxdzlk.com/item/?page_num=95
2044005,item,,item,mxdzlk_item,https://mxdzlk.com/item/2044005/,https://static.mapleartale.com/images/item/2044005.png,assets/items/raw/2044005.png,downloaded,200,image/png,736,4769e5502982c54c2d00b79d8ec32a1e023a1d3819a54548f9043ca78708d805,,2026-06-03T22:55:00+08:00,https://mxdzlk.com/item/?page_num=95
2044006,item,,item,mxdzlk_item,https://mxdzlk.com/item/2044006/,https://static.mapleartale.com/images/item/2044006.png,assets/items/raw/2044006.png,downloaded,200,image/png,1240,15a1e63028e8874f1c6108202ba2d8feddfcee9b99d8dbc0e8af64a357a3a43c,,2026-06-03T22:54:51+08:00,https://mxdzlk.com/item/?page_num=95
2044007,item,,item,mxdzlk_item,https://mxdzlk.com/item/2044007/,https://static.mapleartale.com/images/item/2044007.png,assets/items/raw/2044007.png,downloaded,200,image/png,1245,551c297f7dfc58c242098b53411653dfdbb1a2c4a74f3031fe489d1168ff3ae1,,2026-06-03T22:54:54+08:00,https://mxdzlk.com/item/?page_num=95
2044008,item,,item,mxdzlk_item,https://mxdzlk.com/item/2044008/,https://static.mapleartale.com/images/item/2044008.png,assets/items/raw/2044008.png,downloaded,200,image/png,745,f75127d11c6ebc2472a4e65c35c6d4ba15b9514554662ef3cb88cd4d2f295680,,2026-06-03T22:54:53+08:00,https://mxdzlk.com/item/?page_num=95
2044010,item,,item,mxdzlk_item,https://mxdzlk.com/item/2044010/,https://static.mapleartale.com/images/item/2044010.png,assets/items/raw/2044010.png,downloaded,200,image/png,744,a0650ac89cf5bb1da603de2b72057c0f6a379ffe1d3ceb7468a42c75c505e995,,2026-06-03T22:54:52+08:00,https://mxdzlk.com/item/?page_num=96
2044011,item,,item,mxdzlk_item,https://mxdzlk.com/item/2044011/,https://static.mapleartale.com/images/item/2044011.png,assets/items/raw/2044011.png,downloaded,200,image/png,729,eb37c216312b1b417bddd84e64d1bce90cc5797834dce7d909f9992c387cb1c7,,2026-06-03T22:54:52+08:00,https://mxdzlk.com/item/?page_num=96
2044012,item,,item,mxdzlk_item,https://mxdzlk.com/item/2044012/,https://static.mapleartale.com/images/item/2044012.png,assets/items/raw/2044012.png,downloaded,200,image/png,712,e75f9fd575fd2d7b450166c1bc40073ff88ac0e828056e6286a1748976bac5e8,,2026-06-03T22:55:00+08:00,https://mxdzlk.com/item/?page_num=96
2044013,item,,item,mxdzlk_item,https://mxdzlk.com/item/2044013/,https://static.mapleartale.com/images/item/2044013.png,assets/items/raw/2044013.png,downloaded,200,image/png,736,4769e5502982c54c2d00b79d8ec32a1e023a1d3819a54548f9043ca78708d805,,2026-06-03T22:54:56+08:00,https://mxdzlk.com/item/?page_num=96
2044014,item,,item,mxdzlk_item,https://mxdzlk.com/item/2044014/,https://static.mapleartale.com/images/item/2044014.png,assets/items/raw/2044014.png,downloaded,200,image/png,715,59be071c7efdb0b90fe1438daf830550677769bd6f825c7600676d401c00abf4,,2026-06-03T22:54:53+08:00,https://mxdzlk.com/item/?page_num=96
2044019,item,,item,mxdzlk_item,https://mxdzlk.com/item/2044019/,https://static.mapleartale.com/images/item/2044019.png,,missing,404,,,,HTTPError: HTTP Error 404: Not Found,2026-06-03T22:54:53+08:00,https://mxdzlk.com/item/?page_num=96
2044024,item,,item,mxdzlk_item,https://mxdzlk.com/item/2044024/,https://static.mapleartale.com/images/item/2044024.png,assets/items/raw/2044024.png,downloaded,200,image/png,712,e75f9fd575fd2d7b450166c1bc40073ff88ac0e828056e6286a1748976bac5e8,,2026-06-03T22:54:53+08:00,https://mxdzlk.com/item/?page_num=96
2044100,item,,item,mxdzlk_item,https://mxdzlk.com/item/2044100/,https://static.mapleartale.com/images/item/2044100.png,assets/items/raw/2044100.png,downloaded,200,image/png,744,a0650ac89cf5bb1da603de2b72057c0f6a379ffe1d3ceb7468a42c75c505e995,,2026-06-03T22:54:54+08:00,https://mxdzlk.com/item/?page_num=96
2044101,item,,item,mxdzlk_item,https://mxdzlk.com/item/2044101/,https://static.mapleartale.com/images/item/2044101.png,assets/items/raw/2044101.png,downloaded,200,image/png,712,e75f9fd575fd2d7b450166c1bc40073ff88ac0e828056e6286a1748976bac5e8,,2026-06-03T22:54:56+08:00,https://mxdzlk.com/item/?page_num=96
2044102,item,,item,mxdzlk_item,https://mxdzlk.com/item/2044102/,https://static.mapleartale.com/images/item/2044102.png,assets/items/raw/2044102.png,downloaded,200,image/png,715,59be071c7efdb0b90fe1438daf830550677769bd6f825c7600676d401c00abf4,,2026-06-03T22:55:00+08:00,https://mxdzlk.com/item/?page_num=96
2044103,item,,item,mxdzlk_item,https://mxdzlk.com/item/2044103/,https://static.mapleartale.com/images/item/2044103.png,assets/items/raw/2044103.png,downloaded,200,image/png,715,59be071c7efdb0b90fe1438daf830550677769bd6f825c7600676d401c00abf4,,2026-06-03T22:54:54+08:00,https://mxdzlk.com/item/?page_num=97
2044104,item,,item,mxdzlk_item,https://mxdzlk.com/item/2044104/,https://static.mapleartale.com/images/item/2044104.png,assets/items/raw/2044104.png,downloaded,200,image/png,729,eb37c216312b1b417bddd84e64d1bce90cc5797834dce7d909f9992c387cb1c7,,2026-06-03T22:54:55+08:00,https://mxdzlk.com/item/?page_num=97
2044105,item,,item,mxdzlk_item,https://mxdzlk.com/item/2044105/,https://static.mapleartale.com/images/item/2044105.png,assets/items/raw/2044105.png,downloaded,200,image/png,736,4769e5502982c54c2d00b79d8ec32a1e023a1d3819a54548f9043ca78708d805,,2026-06-03T22:54:58+08:00,https://mxdzlk.com/item/?page_num=97
2044106,item,,item,mxdzlk_item,https://mxdzlk.com/item/2044106/,https://static.mapleartale.com/images/item/2044106.png,assets/items/raw/2044106.png,downloaded,200,image/png,1240,15a1e63028e8874f1c6108202ba2d8feddfcee9b99d8dbc0e8af64a357a3a43c,,2026-06-03T22:54:56+08:00,https://mxdzlk.com/item/?page_num=97
2044107,item,,item,mxdzlk_item,https://mxdzlk.com/item/2044107/,https://static.mapleartale.com/images/item/2044107.png,assets/items/raw/2044107.png,downloaded,200,image/png,1245,551c297f7dfc58c242098b53411653dfdbb1a2c4a74f3031fe489d1168ff3ae1,,2026-06-03T22:54:57+08:00,https://mxdzlk.com/item/?page_num=97
2044108,item,,item,mxdzlk_item,https://mxdzlk.com/item/2044108/,https://static.mapleartale.com/images/item/2044108.png,assets/items/raw/2044108.png,downloaded,200,image/png,745,f75127d11c6ebc2472a4e65c35c6d4ba15b9514554662ef3cb88cd4d2f295680,,2026-06-03T22:54:57+08:00,https://mxdzlk.com/item/?page_num=97
2044110,item,,item,mxdzlk_item,https://mxdzlk.com/item/2044110/,https://static.mapleartale.com/images/item/2044110.png,assets/items/raw/2044110.png,downloaded,200,image/png,744,a0650ac89cf5bb1da603de2b72057c0f6a379ffe1d3ceb7468a42c75c505e995,,2026-06-03T22:54:57+08:00,https://mxdzlk.com/item/?page_num=97
2044111,item,,item,mxdzlk_item,https://mxdzlk.com/item/2044111/,https://static.mapleartale.com/images/item/2044111.png,assets/items/raw/2044111.png,downloaded,200,image/png,729,eb37c216312b1b417bddd84e64d1bce90cc5797834dce7d909f9992c387cb1c7,,2026-06-03T22:54:58+08:00,https://mxdzlk.com/item/?page_num=97
2044112,item,,item,mxdzlk_item,https://mxdzlk.com/item/2044112/,https://static.mapleartale.com/images/item/2044112.png,assets/items/raw/2044112.png,downloaded,200,image/png,712,e75f9fd575fd2d7b450166c1bc40073ff88ac0e828056e6286a1748976bac5e8,,2026-06-03T22:54:59+08:00,https://mxdzlk.com/item/?page_num=97
2044113,item,,item,mxdzlk_item,https://mxdzlk.com/item/2044113/,https://static.mapleartale.com/images/item/2044113.png,assets/items/raw/2044113.png,downloaded,200,image/png,736,4769e5502982c54c2d00b79d8ec32a1e023a1d3819a54548f9043ca78708d805,,2026-06-03T22:54:58+08:00,https://mxdzlk.com/item/?page_num=97
2044114,item,,item,mxdzlk_item,https://mxdzlk.com/item/2044114/,https://static.mapleartale.com/images/item/2044114.png,assets/items/raw/2044114.png,downloaded,200,image/png,715,59be071c7efdb0b90fe1438daf830550677769bd6f825c7600676d401c00abf4,,2026-06-03T22:54:59+08:00,https://mxdzlk.com/item/?page_num=98
2044116,item,,item,mxdzlk_item,https://mxdzlk.com/item/2044116/,https://static.mapleartale.com/images/item/2044116.png,assets/items/raw/2044116.png,downloaded,200,image/png,712,e75f9fd575fd2d7b450166c1bc40073ff88ac0e828056e6286a1748976bac5e8,,2026-06-03T22:55:01+08:00,https://mxdzlk.com/item/?page_num=98
2044200,item,,item,mxdzlk_item,https://mxdzlk.com/item/2044200/,https://static.mapleartale.com/images/item/2044200.png,assets/items/raw/2044200.png,downloaded,200,image/png,744,a0650ac89cf5bb1da603de2b72057c0f6a379ffe1d3ceb7468a42c75c505e995,,2026-06-03T22:54:59+08:00,https://mxdzlk.com/item/?page_num=98
2044201,item,,item,mxdzlk_item,https://mxdzlk.com/item/2044201/,https://static.mapleartale.com/images/item/2044201.png,assets/items/raw/2044201.png,downloaded,200,image/png,712,e75f9fd575fd2d7b450166c1bc40073ff88ac0e828056e6286a1748976bac5e8,,2026-06-03T22:55:00+08:00,https://mxdzlk.com/item/?page_num=98
2044202,item,,item,mxdzlk_item,https://mxdzlk.com/item/2044202/,https://static.mapleartale.com/images/item/2044202.png,assets/items/raw/2044202.png,downloaded,200,image/png,715,59be071c7efdb0b90fe1438daf830550677769bd6f825c7600676d401c00abf4,,2026-06-03T22:55:00+08:00,https://mxdzlk.com/item/?page_num=98
2044203,item,,item,mxdzlk_item,https://mxdzlk.com/item/2044203/,https://static.mapleartale.com/images/item/2044203.png,assets/items/raw/2044203.png,downloaded,200,image/png,715,59be071c7efdb0b90fe1438daf830550677769bd6f825c7600676d401c00abf4,,2026-06-03T22:55:00+08:00,https://mxdzlk.com/item/?page_num=98
2044204,item,,item,mxdzlk_item,https://mxdzlk.com/item/2044204/,https://static.mapleartale.com/images/item/2044204.png,assets/items/raw/2044204.png,downloaded,200,image/png,729,eb37c216312b1b417bddd84e64d1bce90cc5797834dce7d909f9992c387cb1c7,,2026-06-03T22:55:01+08:00,https://mxdzlk.com/item/?page_num=98
2044205,item,,item,mxdzlk_item,https://mxdzlk.com/item/2044205/,https://static.mapleartale.com/images/item/2044205.png,assets/items/raw/2044205.png,downloaded,200,image/png,736,4769e5502982c54c2d00b79d8ec32a1e023a1d3819a54548f9043ca78708d805,,2026-06-03T22:55:01+08:00,https://mxdzlk.com/item/?page_num=98
2044206,item,,item,mxdzlk_item,https://mxdzlk.com/item/2044206/,https://static.mapleartale.com/images/item/2044206.png,assets/items/raw/2044206.png,downloaded,200,image/png,1240,15a1e63028e8874f1c6108202ba2d8feddfcee9b99d8dbc0e8af64a357a3a43c,,2026-06-03T22:55:01+08:00,https://mxdzlk.com/item/?page_num=98
2044207,item,,item,mxdzlk_item,https://mxdzlk.com/item/2044207/,https://static.mapleartale.com/images/item/2044207.png,assets/items/raw/2044207.png,downloaded,200,image/png,1245,551c297f7dfc58c242098b53411653dfdbb1a2c4a74f3031fe489d1168ff3ae1,,2026-06-03T22:55:01+08:00,https://mxdzlk.com/item/?page_num=98
2044208,item,,item,mxdzlk_item,https://mxdzlk.com/item/2044208/,https://static.mapleartale.com/images/item/2044208.png,assets/items/raw/2044208.png,downloaded,200,image/png,745,f75127d11c6ebc2472a4e65c35c6d4ba15b9514554662ef3cb88cd4d2f295680,,2026-06-03T22:55:02+08:00,https://mxdzlk.com/item/?page_num=99
2044210,item,,item,mxdzlk_item,https://mxdzlk.com/item/2044210/,https://static.mapleartale.com/images/item/2044210.png,assets/items/raw/2044210.png,downloaded,200,image/png,744,a0650ac89cf5bb1da603de2b72057c0f6a379ffe1d3ceb7468a42c75c505e995,,2026-06-03T22:55:03+08:00,https://mxdzlk.com/item/?page_num=99
2044211,item,,item,mxdzlk_item,https://mxdzlk.com/item/2044211/,https://static.mapleartale.com/images/item/2044211.png,assets/items/raw/2044211.png,downloaded,200,image/png,729,eb37c216312b1b417bddd84e64d1bce90cc5797834dce7d909f9992c387cb1c7,,2026-06-03T22:55:01+08:00,https://mxdzlk.com/item/?page_num=99
2044212,item,,item,mxdzlk_item,https://mxdzlk.com/item/2044212/,https://static.mapleartale.com/images/item/2044212.png,assets/items/raw/2044212.png,downloaded,200,image/png,712,e75f9fd575fd2d7b450166c1bc40073ff88ac0e828056e6286a1748976bac5e8,,2026-06-03T22:55:02+08:00,https://mxdzlk.com/item/?page_num=99
2044213,item,,item,mxdzlk_item,https://mxdzlk.com/item/2044213/,https://static.mapleartale.com/images/item/2044213.png,assets/items/raw/2044213.png,downloaded,200,image/png,736,4769e5502982c54c2d00b79d8ec32a1e023a1d3819a54548f9043ca78708d805,,2026-06-03T22:55:02+08:00,https://mxdzlk.com/item/?page_num=99
2044214,item,,item,mxdzlk_item,https://mxdzlk.com/item/2044214/,https://static.mapleartale.com/images/item/2044214.png,assets/items/raw/2044214.png,downloaded,200,image/png,715,59be071c7efdb0b90fe1438daf830550677769bd6f825c7600676d401c00abf4,,2026-06-03T22:55:03+08:00,https://mxdzlk.com/item/?page_num=99
2044216,item,,item,mxdzlk_item,https://mxdzlk.com/item/2044216/,https://static.mapleartale.com/images/item/2044216.png,assets/items/raw/2044216.png,downloaded,200,image/png,712,e75f9fd575fd2d7b450166c1bc40073ff88ac0e828056e6286a1748976bac5e8,,2026-06-03T22:55:02+08:00,https://mxdzlk.com/item/?page_num=99
2044300,item,,item,mxdzlk_item,https://mxdzlk.com/item/2044300/,https://static.mapleartale.com/images/item/2044300.png,assets/items/raw/2044300.png,downloaded,200,image/png,744,a0650ac89cf5bb1da603de2b72057c0f6a379ffe1d3ceb7468a42c75c505e995,,2026-06-03T22:55:03+08:00,https://mxdzlk.com/item/?page_num=99
2044301,item,,item,mxdzlk_item,https://mxdzlk.com/item/2044301/,https://static.mapleartale.com/images/item/2044301.png,assets/items/raw/2044301.png,downloaded,200,image/png,712,e75f9fd575fd2d7b450166c1bc40073ff88ac0e828056e6286a1748976bac5e8,,2026-06-03T22:55:03+08:00,https://mxdzlk.com/item/?page_num=99
2044302,item,,item,mxdzlk_item,https://mxdzlk.com/item/2044302/,https://static.mapleartale.com/images/item/2044302.png,assets/items/raw/2044302.png,downloaded,200,image/png,715,59be071c7efdb0b90fe1438daf830550677769bd6f825c7600676d401c00abf4,,2026-06-03T22:55:03+08:00,https://mxdzlk.com/item/?page_num=99
2044303,item,,item,mxdzlk_item,https://mxdzlk.com/item/2044303/,https://static.mapleartale.com/images/item/2044303.png,assets/items/raw/2044303.png,downloaded,200,image/png,715,59be071c7efdb0b90fe1438daf830550677769bd6f825c7600676d401c00abf4,,2026-06-03T22:55:03+08:00,https://mxdzlk.com/item/?page_num=100
2044304,item,,item,mxdzlk_item,https://mxdzlk.com/item/2044304/,https://static.mapleartale.com/images/item/2044304.png,assets/items/raw/2044304.png,downloaded,200,image/png,729,eb37c216312b1b417bddd84e64d1bce90cc5797834dce7d909f9992c387cb1c7,,2026-06-03T22:55:05+08:00,https://mxdzlk.com/item/?page_num=100
2044305,item,,item,mxdzlk_item,https://mxdzlk.com/item/2044305/,https://static.mapleartale.com/images/item/2044305.png,assets/items/raw/2044305.png,downloaded,200,image/png,736,4769e5502982c54c2d00b79d8ec32a1e023a1d3819a54548f9043ca78708d805,,2026-06-03T22:55:06+08:00,https://mxdzlk.com/item/?page_num=100
2044306,item,,item,mxdzlk_item,https://mxdzlk.com/item/2044306/,https://static.mapleartale.com/images/item/2044306.png,assets/items/raw/2044306.png,downloaded,200,image/png,1240,15a1e63028e8874f1c6108202ba2d8feddfcee9b99d8dbc0e8af64a357a3a43c,,2026-06-03T22:55:03+08:00,https://mxdzlk.com/item/?page_num=100
2044307,item,,item,mxdzlk_item,https://mxdzlk.com/item/2044307/,https://static.mapleartale.com/images/item/2044307.png,assets/items/raw/2044307.png,downloaded,200,image/png,1245,551c297f7dfc58c242098b53411653dfdbb1a2c4a74f3031fe489d1168ff3ae1,,2026-06-03T22:55:04+08:00,https://mxdzlk.com/item/?page_num=100
2044308,item,,item,mxdzlk_item,https://mxdzlk.com/item/2044308/,https://static.mapleartale.com/images/item/2044308.png,assets/items/raw/2044308.png,downloaded,200,image/png,745,f75127d11c6ebc2472a4e65c35c6d4ba15b9514554662ef3cb88cd4d2f295680,,2026-06-03T22:55:05+08:00,https://mxdzlk.com/item/?page_num=100
2044310,item,,item,mxdzlk_item,https://mxdzlk.com/item/2044310/,https://static.mapleartale.com/images/item/2044310.png,assets/items/raw/2044310.png,downloaded,200,image/png,744,a0650ac89cf5bb1da603de2b72057c0f6a379ffe1d3ceb7468a42c75c505e995,,2026-06-03T22:55:04+08:00,https://mxdzlk.com/item/?page_num=100
2044311,item,,item,mxdzlk_item,https://mxdzlk.com/item/2044311/,https://static.mapleartale.com/images/item/2044311.png,assets/items/raw/2044311.png,downloaded,200,image/png,729,eb37c216312b1b417bddd84e64d1bce90cc5797834dce7d909f9992c387cb1c7,,2026-06-03T22:55:05+08:00,https://mxdzlk.com/item/?page_num=100
2044312,item,,item,mxdzlk_item,https://mxdzlk.com/item/2044312/,https://static.mapleartale.com/images/item/2044312.png,assets/items/raw/2044312.png,downloaded,200,image/png,712,e75f9fd575fd2d7b450166c1bc40073ff88ac0e828056e6286a1748976bac5e8,,2026-06-03T22:55:05+08:00,https://mxdzlk.com/item/?page_num=100
2044313,item,,item,mxdzlk_item,https://mxdzlk.com/item/2044313/,https://static.mapleartale.com/images/item/2044313.png,assets/items/raw/2044313.png,downloaded,200,image/png,736,4769e5502982c54c2d00b79d8ec32a1e023a1d3819a54548f9043ca78708d805,,2026-06-03T22:55:04+08:00,https://mxdzlk.com/item/?page_num=100
2044314,item,,item,mxdzlk_item,https://mxdzlk.com/item/2044314/,https://static.mapleartale.com/images/item/2044314.png,assets/items/raw/2044314.png,downloaded,200,image/png,715,59be071c7efdb0b90fe1438daf830550677769bd6f825c7600676d401c00abf4,,2026-06-03T22:55:05+08:00,https://mxdzlk.com/item/?page_num=101
2044316,item,,item,mxdzlk_item,https://mxdzlk.com/item/2044316/,https://static.mapleartale.com/images/item/2044316.png,assets/items/raw/2044316.png,downloaded,200,image/png,712,e75f9fd575fd2d7b450166c1bc40073ff88ac0e828056e6286a1748976bac5e8,,2026-06-03T22:55:05+08:00,https://mxdzlk.com/item/?page_num=101
2044400,item,,item,mxdzlk_item,https://mxdzlk.com/item/2044400/,https://static.mapleartale.com/images/item/2044400.png,assets/items/raw/2044400.png,downloaded,200,image/png,744,a0650ac89cf5bb1da603de2b72057c0f6a379ffe1d3ceb7468a42c75c505e995,,2026-06-03T22:55:05+08:00,https://mxdzlk.com/item/?page_num=101
2044401,item,,item,mxdzlk_item,https://mxdzlk.com/item/2044401/,https://static.mapleartale.com/images/item/2044401.png,assets/items/raw/2044401.png,downloaded,200,image/png,712,e75f9fd575fd2d7b450166c1bc40073ff88ac0e828056e6286a1748976bac5e8,,2026-06-03T22:55:07+08:00,https://mxdzlk.com/item/?page_num=101
2044402,item,,item,mxdzlk_item,https://mxdzlk.com/item/2044402/,https://static.mapleartale.com/images/item/2044402.png,assets/items/raw/2044402.png,downloaded,200,image/png,715,59be071c7efdb0b90fe1438daf830550677769bd6f825c7600676d401c00abf4,,2026-06-03T22:55:06+08:00,https://mxdzlk.com/item/?page_num=101
2044403,item,,item,mxdzlk_item,https://mxdzlk.com/item/2044403/,https://static.mapleartale.com/images/item/2044403.png,assets/items/raw/2044403.png,downloaded,200,image/png,715,59be071c7efdb0b90fe1438daf830550677769bd6f825c7600676d401c00abf4,,2026-06-03T22:55:06+08:00,https://mxdzlk.com/item/?page_num=101
2044404,item,,item,mxdzlk_item,https://mxdzlk.com/item/2044404/,https://static.mapleartale.com/images/item/2044404.png,assets/items/raw/2044404.png,downloaded,200,image/png,729,eb37c216312b1b417bddd84e64d1bce90cc5797834dce7d909f9992c387cb1c7,,2026-06-03T22:55:06+08:00,https://mxdzlk.com/item/?page_num=101
2044405,item,,item,mxdzlk_item,https://mxdzlk.com/item/2044405/,https://static.mapleartale.com/images/item/2044405.png,assets/items/raw/2044405.png,downloaded,200,image/png,736,4769e5502982c54c2d00b79d8ec32a1e023a1d3819a54548f9043ca78708d805,,2026-06-03T22:55:07+08:00,https://mxdzlk.com/item/?page_num=101
2044406,item,,item,mxdzlk_item,https://mxdzlk.com/item/2044406/,https://static.mapleartale.com/images/item/2044406.png,assets/items/raw/2044406.png,downloaded,200,image/png,1240,15a1e63028e8874f1c6108202ba2d8feddfcee9b99d8dbc0e8af64a357a3a43c,,2026-06-03T22:55:06+08:00,https://mxdzlk.com/item/?page_num=101
2044407,item,,item,mxdzlk_item,https://mxdzlk.com/item/2044407/,https://static.mapleartale.com/images/item/2044407.png,assets/items/raw/2044407.png,downloaded,200,image/png,1245,551c297f7dfc58c242098b53411653dfdbb1a2c4a74f3031fe489d1168ff3ae1,,2026-06-03T22:55:08+08:00,https://mxdzlk.com/item/?page_num=101
2044408,item,,item,mxdzlk_item,https://mxdzlk.com/item/2044408/,https://static.mapleartale.com/images/item/2044408.png,assets/items/raw/2044408.png,downloaded,200,image/png,745,f75127d11c6ebc2472a4e65c35c6d4ba15b9514554662ef3cb88cd4d2f295680,,2026-06-03T22:55:07+08:00,https://mxdzlk.com/item/?page_num=102
2044410,item,,item,mxdzlk_item,https://mxdzlk.com/item/2044410/,https://static.mapleartale.com/images/item/2044410.png,assets/items/raw/2044410.png,downloaded,200,image/png,744,a0650ac89cf5bb1da603de2b72057c0f6a379ffe1d3ceb7468a42c75c505e995,,2026-06-03T22:55:08+08:00,https://mxdzlk.com/item/?page_num=102
2044411,item,,item,mxdzlk_item,https://mxdzlk.com/item/2044411/,https://static.mapleartale.com/images/item/2044411.png,assets/items/raw/2044411.png,downloaded,200,image/png,729,eb37c216312b1b417bddd84e64d1bce90cc5797834dce7d909f9992c387cb1c7,,2026-06-03T22:55:07+08:00,https://mxdzlk.com/item/?page_num=102
2044412,item,,item,mxdzlk_item,https://mxdzlk.com/item/2044412/,https://static.mapleartale.com/images/item/2044412.png,assets/items/raw/2044412.png,downloaded,200,image/png,712,e75f9fd575fd2d7b450166c1bc40073ff88ac0e828056e6286a1748976bac5e8,,2026-06-03T22:55:07+08:00,https://mxdzlk.com/item/?page_num=102
2044413,item,,item,mxdzlk_item,https://mxdzlk.com/item/2044413/,https://static.mapleartale.com/images/item/2044413.png,assets/items/raw/2044413.png,downloaded,200,image/png,736,4769e5502982c54c2d00b79d8ec32a1e023a1d3819a54548f9043ca78708d805,,2026-06-03T22:55:07+08:00,https://mxdzlk.com/item/?page_num=102
2044414,item,,item,mxdzlk_item,https://mxdzlk.com/item/2044414/,https://static.mapleartale.com/images/item/2044414.png,assets/items/raw/2044414.png,downloaded,200,image/png,715,59be071c7efdb0b90fe1438daf830550677769bd6f825c7600676d401c00abf4,,2026-06-03T22:55:11+08:00,https://mxdzlk.com/item/?page_num=102
2044416,item,,item,mxdzlk_item,https://mxdzlk.com/item/2044416/,https://static.mapleartale.com/images/item/2044416.png,assets/items/raw/2044416.png,downloaded,200,image/png,712,e75f9fd575fd2d7b450166c1bc40073ff88ac0e828056e6286a1748976bac5e8,,2026-06-03T22:55:09+08:00,https://mxdzlk.com/item/?page_num=102
2044500,item,,item,mxdzlk_item,https://mxdzlk.com/item/2044500/,https://static.mapleartale.com/images/item/2044500.png,assets/items/raw/2044500.png,downloaded,200,image/png,744,a0650ac89cf5bb1da603de2b72057c0f6a379ffe1d3ceb7468a42c75c505e995,,2026-06-03T22:55:08+08:00,https://mxdzlk.com/item/?page_num=102
2044501,item,,item,mxdzlk_item,https://mxdzlk.com/item/2044501/,https://static.mapleartale.com/images/item/2044501.png,assets/items/raw/2044501.png,downloaded,200,image/png,712,e75f9fd575fd2d7b450166c1bc40073ff88ac0e828056e6286a1748976bac5e8,,2026-06-03T22:55:08+08:00,https://mxdzlk.com/item/?page_num=102
2044502,item,,item,mxdzlk_item,https://mxdzlk.com/item/2044502/,https://static.mapleartale.com/images/item/2044502.png,assets/items/raw/2044502.png,downloaded,200,image/png,715,59be071c7efdb0b90fe1438daf830550677769bd6f825c7600676d401c00abf4,,2026-06-03T22:55:09+08:00,https://mxdzlk.com/item/?page_num=102
2044503,item,,item,mxdzlk_item,https://mxdzlk.com/item/2044503/,https://static.mapleartale.com/images/item/2044503.png,assets/items/raw/2044503.png,downloaded,200,image/png,715,59be071c7efdb0b90fe1438daf830550677769bd6f825c7600676d401c00abf4,,2026-06-03T22:55:08+08:00,https://mxdzlk.com/item/?page_num=103
2044504,item,,item,mxdzlk_item,https://mxdzlk.com/item/2044504/,https://static.mapleartale.com/images/item/2044504.png,assets/items/raw/2044504.png,downloaded,200,image/png,729,eb37c216312b1b417bddd84e64d1bce90cc5797834dce7d909f9992c387cb1c7,,2026-06-03T22:55:09+08:00,https://mxdzlk.com/item/?page_num=103
2044505,item,,item,mxdzlk_item,https://mxdzlk.com/item/2044505/,https://static.mapleartale.com/images/item/2044505.png,assets/items/raw/2044505.png,downloaded,200,image/png,736,4769e5502982c54c2d00b79d8ec32a1e023a1d3819a54548f9043ca78708d805,,2026-06-03T22:55:11+08:00,https://mxdzlk.com/item/?page_num=103
2044506,item,,item,mxdzlk_item,https://mxdzlk.com/item/2044506/,https://static.mapleartale.com/images/item/2044506.png,assets/items/raw/2044506.png,downloaded,200,image/png,1240,15a1e63028e8874f1c6108202ba2d8feddfcee9b99d8dbc0e8af64a357a3a43c,,2026-06-03T22:55:09+08:00,https://mxdzlk.com/item/?page_num=103
2044507,item,,item,mxdzlk_item,https://mxdzlk.com/item/2044507/,https://static.mapleartale.com/images/item/2044507.png,assets/items/raw/2044507.png,downloaded,200,image/png,1245,551c297f7dfc58c242098b53411653dfdbb1a2c4a74f3031fe489d1168ff3ae1,,2026-06-03T22:55:10+08:00,https://mxdzlk.com/item/?page_num=103
2044508,item,,item,mxdzlk_item,https://mxdzlk.com/item/2044508/,https://static.mapleartale.com/images/item/2044508.png,assets/items/raw/2044508.png,downloaded,200,image/png,745,f75127d11c6ebc2472a4e65c35c6d4ba15b9514554662ef3cb88cd4d2f295680,,2026-06-03T22:55:10+08:00,https://mxdzlk.com/item/?page_num=103
2044511,item,,item,mxdzlk_item,https://mxdzlk.com/item/2044511/,https://static.mapleartale.com/images/item/2044511.png,assets/items/raw/2044511.png,downloaded,200,image/png,712,e75f9fd575fd2d7b450166c1bc40073ff88ac0e828056e6286a1748976bac5e8,,2026-06-03T22:55:13+08:00,https://mxdzlk.com/item/?page_num=103
2044600,item,,item,mxdzlk_item,https://mxdzlk.com/item/2044600/,https://static.mapleartale.com/images/item/2044600.png,assets/items/raw/2044600.png,downloaded,200,image/png,744,a0650ac89cf5bb1da603de2b72057c0f6a379ffe1d3ceb7468a42c75c505e995,,2026-06-03T22:55:11+08:00,https://mxdzlk.com/item/?page_num=103
2044601,item,,item,mxdzlk_item,https://mxdzlk.com/item/2044601/,https://static.mapleartale.com/images/item/2044601.png,assets/items/raw/2044601.png,downloaded,200,image/png,712,e75f9fd575fd2d7b450166c1bc40073ff88ac0e828056e6286a1748976bac5e8,,2026-06-03T22:55:11+08:00,https://mxdzlk.com/item/?page_num=103
2044602,item,,item,mxdzlk_item,https://mxdzlk.com/item/2044602/,https://static.mapleartale.com/images/item/2044602.png,assets/items/raw/2044602.png,downloaded,200,image/png,715,59be071c7efdb0b90fe1438daf830550677769bd6f825c7600676d401c00abf4,,2026-06-03T22:55:11+08:00,https://mxdzlk.com/item/?page_num=103
2044603,item,,item,mxdzlk_item,https://mxdzlk.com/item/2044603/,https://static.mapleartale.com/images/item/2044603.png,assets/items/raw/2044603.png,downloaded,200,image/png,715,59be071c7efdb0b90fe1438daf830550677769bd6f825c7600676d401c00abf4,,2026-06-03T22:55:12+08:00,https://mxdzlk.com/item/?page_num=104
2044604,item,,item,mxdzlk_item,https://mxdzlk.com/item/2044604/,https://static.mapleartale.com/images/item/2044604.png,assets/items/raw/2044604.png,downloaded,200,image/png,729,eb37c216312b1b417bddd84e64d1bce90cc5797834dce7d909f9992c387cb1c7,,2026-06-03T22:55:12+08:00,https://mxdzlk.com/item/?page_num=104
2044605,item,,item,mxdzlk_item,https://mxdzlk.com/item/2044605/,https://static.mapleartale.com/images/item/2044605.png,assets/items/raw/2044605.png,downloaded,200,image/png,736,4769e5502982c54c2d00b79d8ec32a1e023a1d3819a54548f9043ca78708d805,,2026-06-03T22:55:20+08:00,https://mxdzlk.com/item/?page_num=104
2044606,item,,item,mxdzlk_item,https://mxdzlk.com/item/2044606/,https://static.mapleartale.com/images/item/2044606.png,assets/items/raw/2044606.png,downloaded,200,image/png,1240,15a1e63028e8874f1c6108202ba2d8feddfcee9b99d8dbc0e8af64a357a3a43c,,2026-06-03T22:55:12+08:00,https://mxdzlk.com/item/?page_num=104
2044607,item,,item,mxdzlk_item,https://mxdzlk.com/item/2044607/,https://static.mapleartale.com/images/item/2044607.png,assets/items/raw/2044607.png,downloaded,200,image/png,1245,551c297f7dfc58c242098b53411653dfdbb1a2c4a74f3031fe489d1168ff3ae1,,2026-06-03T22:55:12+08:00,https://mxdzlk.com/item/?page_num=104
2044608,item,,item,mxdzlk_item,https://mxdzlk.com/item/2044608/,https://static.mapleartale.com/images/item/2044608.png,assets/items/raw/2044608.png,downloaded,200,image/png,745,f75127d11c6ebc2472a4e65c35c6d4ba15b9514554662ef3cb88cd4d2f295680,,2026-06-03T22:55:12+08:00,https://mxdzlk.com/item/?page_num=104
2044611,item,,item,mxdzlk_item,https://mxdzlk.com/item/2044611/,https://static.mapleartale.com/images/item/2044611.png,assets/items/raw/2044611.png,downloaded,200,image/png,712,e75f9fd575fd2d7b450166c1bc40073ff88ac0e828056e6286a1748976bac5e8,,2026-06-03T22:55:13+08:00,https://mxdzlk.com/item/?page_num=104
2044700,item,,item,mxdzlk_item,https://mxdzlk.com/item/2044700/,https://static.mapleartale.com/images/item/2044700.png,assets/items/raw/2044700.png,downloaded,200,image/png,744,a0650ac89cf5bb1da603de2b72057c0f6a379ffe1d3ceb7468a42c75c505e995,,2026-06-03T22:55:13+08:00,https://mxdzlk.com/item/?page_num=104
2044701,item,,item,mxdzlk_item,https://mxdzlk.com/item/2044701/,https://static.mapleartale.com/images/item/2044701.png,assets/items/raw/2044701.png,downloaded,200,image/png,712,e75f9fd575fd2d7b450166c1bc40073ff88ac0e828056e6286a1748976bac5e8,,2026-06-03T22:55:14+08:00,https://mxdzlk.com/item/?page_num=104
2044702,item,,item,mxdzlk_item,https://mxdzlk.com/item/2044702/,https://static.mapleartale.com/images/item/2044702.png,assets/items/raw/2044702.png,downloaded,200,image/png,715,59be071c7efdb0b90fe1438daf830550677769bd6f825c7600676d401c00abf4,,2026-06-03T22:55:14+08:00,https://mxdzlk.com/item/?page_num=104
2044703,item,,item,mxdzlk_item,https://mxdzlk.com/item/2044703/,https://static.mapleartale.com/images/item/2044703.png,assets/items/raw/2044703.png,downloaded,200,image/png,715,59be071c7efdb0b90fe1438daf830550677769bd6f825c7600676d401c00abf4,,2026-06-03T22:55:14+08:00,https://mxdzlk.com/item/?page_num=105
2044704,item,,item,mxdzlk_item,https://mxdzlk.com/item/2044704/,https://static.mapleartale.com/images/item/2044704.png,assets/items/raw/2044704.png,downloaded,200,image/png,729,eb37c216312b1b417bddd84e64d1bce90cc5797834dce7d909f9992c387cb1c7,,2026-06-03T22:55:14+08:00,https://mxdzlk.com/item/?page_num=105
2044705,item,,item,mxdzlk_item,https://mxdzlk.com/item/2044705/,https://static.mapleartale.com/images/item/2044705.png,assets/items/raw/2044705.png,downloaded,200,image/png,736,4769e5502982c54c2d00b79d8ec32a1e023a1d3819a54548f9043ca78708d805,,2026-06-03T22:55:17+08:00,https://mxdzlk.com/item/?page_num=105
2044706,item,,item,mxdzlk_item,https://mxdzlk.com/item/2044706/,https://static.mapleartale.com/images/item/2044706.png,assets/items/raw/2044706.png,downloaded,200,image/png,1240,15a1e63028e8874f1c6108202ba2d8feddfcee9b99d8dbc0e8af64a357a3a43c,,2026-06-03T22:55:14+08:00,https://mxdzlk.com/item/?page_num=105
2044707,item,,item,mxdzlk_item,https://mxdzlk.com/item/2044707/,https://static.mapleartale.com/images/item/2044707.png,assets/items/raw/2044707.png,downloaded,200,image/png,1245,551c297f7dfc58c242098b53411653dfdbb1a2c4a74f3031fe489d1168ff3ae1,,2026-06-03T22:55:15+08:00,https://mxdzlk.com/item/?page_num=105
2044708,item,,item,mxdzlk_item,https://mxdzlk.com/item/2044708/,https://static.mapleartale.com/images/item/2044708.png,assets/items/raw/2044708.png,downloaded,200,image/png,745,f75127d11c6ebc2472a4e65c35c6d4ba15b9514554662ef3cb88cd4d2f295680,,2026-06-03T22:55:17+08:00,https://mxdzlk.com/item/?page_num=105
2044711,item,,item,mxdzlk_item,https://mxdzlk.com/item/2044711/,https://static.mapleartale.com/images/item/2044711.png,assets/items/raw/2044711.png,downloaded,200,image/png,712,e75f9fd575fd2d7b450166c1bc40073ff88ac0e828056e6286a1748976bac5e8,,2026-06-03T22:55:16+08:00,https://mxdzlk.com/item/?page_num=105
2044800,item,,item,mxdzlk_item,https://mxdzlk.com/item/2044800/,https://static.mapleartale.com/images/item/2044800.png,assets/items/raw/2044800.png,downloaded,200,image/png,744,a0650ac89cf5bb1da603de2b72057c0f6a379ffe1d3ceb7468a42c75c505e995,,2026-06-03T22:55:16+08:00,https://mxdzlk.com/item/?page_num=105
2044801,item,,item,mxdzlk_item,https://mxdzlk.com/item/2044801/,https://static.mapleartale.com/images/item/2044801.png,assets/items/raw/2044801.png,downloaded,200,image/png,712,e75f9fd575fd2d7b450166c1bc40073ff88ac0e828056e6286a1748976bac5e8,,2026-06-03T22:55:16+08:00,https://mxdzlk.com/item/?page_num=105
2044802,item,,item,mxdzlk_item,https://mxdzlk.com/item/2044802/,https://static.mapleartale.com/images/item/2044802.png,assets/items/raw/2044802.png,downloaded,200,image/png,715,59be071c7efdb0b90fe1438daf830550677769bd6f825c7600676d401c00abf4,,2026-06-03T22:55:16+08:00,https://mxdzlk.com/item/?page_num=105
2044803,item,,item,mxdzlk_item,https://mxdzlk.com/item/2044803/,https://static.mapleartale.com/images/item/2044803.png,assets/items/raw/2044803.png,downloaded,200,image/png,729,eb37c216312b1b417bddd84e64d1bce90cc5797834dce7d909f9992c387cb1c7,,2026-06-03T22:55:17+08:00,https://mxdzlk.com/item/?page_num=106
2044804,item,,item,mxdzlk_item,https://mxdzlk.com/item/2044804/,https://static.mapleartale.com/images/item/2044804.png,assets/items/raw/2044804.png,downloaded,200,image/png,736,4769e5502982c54c2d00b79d8ec32a1e023a1d3819a54548f9043ca78708d805,,2026-06-03T22:55:18+08:00,https://mxdzlk.com/item/?page_num=106
2044805,item,,item,mxdzlk_item,https://mxdzlk.com/item/2044805/,https://static.mapleartale.com/images/item/2044805.png,assets/items/raw/2044805.png,downloaded,200,image/png,744,a0650ac89cf5bb1da603de2b72057c0f6a379ffe1d3ceb7468a42c75c505e995,,2026-06-03T22:55:18+08:00,https://mxdzlk.com/item/?page_num=106
2044806,item,,item,mxdzlk_item,https://mxdzlk.com/item/2044806/,https://static.mapleartale.com/images/item/2044806.png,assets/items/raw/2044806.png,downloaded,200,image/png,729,eb37c216312b1b417bddd84e64d1bce90cc5797834dce7d909f9992c387cb1c7,,2026-06-03T22:55:17+08:00,https://mxdzlk.com/item/?page_num=106
2044807,item,,item,mxdzlk_item,https://mxdzlk.com/item/2044807/,https://static.mapleartale.com/images/item/2044807.png,assets/items/raw/2044807.png,downloaded,200,image/png,712,e75f9fd575fd2d7b450166c1bc40073ff88ac0e828056e6286a1748976bac5e8,,2026-06-03T22:55:18+08:00,https://mxdzlk.com/item/?page_num=106
2044808,item,,item,mxdzlk_item,https://mxdzlk.com/item/2044808/,https://static.mapleartale.com/images/item/2044808.png,assets/items/raw/2044808.png,downloaded,200,image/png,736,4769e5502982c54c2d00b79d8ec32a1e023a1d3819a54548f9043ca78708d805,,2026-06-03T22:55:22+08:00,https://mxdzlk.com/item/?page_num=106
2044809,item,,item,mxdzlk_item,https://mxdzlk.com/item/2044809/,https://static.mapleartale.com/images/item/2044809.png,assets/items/raw/2044809.png,downloaded,200,image/png,715,59be071c7efdb0b90fe1438daf830550677769bd6f825c7600676d401c00abf4,,2026-06-03T22:55:20+08:00,https://mxdzlk.com/item/?page_num=106
2044810,item,,item,mxdzlk_item,https://mxdzlk.com/item/2044810/,https://static.mapleartale.com/images/item/2044810.png,assets/items/raw/2044810.png,downloaded,200,image/png,745,f75127d11c6ebc2472a4e65c35c6d4ba15b9514554662ef3cb88cd4d2f295680,,2026-06-03T22:55:18+08:00,https://mxdzlk.com/item/?page_num=106
2044811,item,,item,mxdzlk_item,https://mxdzlk.com/item/2044811/,https://static.mapleartale.com/images/item/2044811.png,assets/items/raw/2044811.png,downloaded,200,image/png,1240,15a1e63028e8874f1c6108202ba2d8feddfcee9b99d8dbc0e8af64a357a3a43c,,2026-06-03T22:55:26+08:00,https://mxdzlk.com/item/?page_num=106
2044815,item,,item,mxdzlk_item,https://mxdzlk.com/item/2044815/,https://static.mapleartale.com/images/item/2044815.png,,missing,404,,,,HTTPError: HTTP Error 404: Not Found,2026-06-03T22:55:18+08:00,https://mxdzlk.com/item/?page_num=106
2044816,item,,item,mxdzlk_item,https://mxdzlk.com/item/2044816/,https://static.mapleartale.com/images/item/2044816.png,assets/items/raw/2044816.png,downloaded,200,image/png,712,e75f9fd575fd2d7b450166c1bc40073ff88ac0e828056e6286a1748976bac5e8,,2026-06-03T22:55:19+08:00,https://mxdzlk.com/item/?page_num=107
2044900,item,,item,mxdzlk_item,https://mxdzlk.com/item/2044900/,https://static.mapleartale.com/images/item/2044900.png,assets/items/raw/2044900.png,downloaded,200,image/png,744,a0650ac89cf5bb1da603de2b72057c0f6a379ffe1d3ceb7468a42c75c505e995,,2026-06-03T22:55:19+08:00,https://mxdzlk.com/item/?page_num=107
2044901,item,,item,mxdzlk_item,https://mxdzlk.com/item/2044901/,https://static.mapleartale.com/images/item/2044901.png,assets/items/raw/2044901.png,downloaded,200,image/png,712,e75f9fd575fd2d7b450166c1bc40073ff88ac0e828056e6286a1748976bac5e8,,2026-06-03T22:55:21+08:00,https://mxdzlk.com/item/?page_num=107
2044902,item,,item,mxdzlk_item,https://mxdzlk.com/item/2044902/,https://static.mapleartale.com/images/item/2044902.png,assets/items/raw/2044902.png,downloaded,200,image/png,715,59be071c7efdb0b90fe1438daf830550677769bd6f825c7600676d401c00abf4,,2026-06-03T22:55:19+08:00,https://mxdzlk.com/item/?page_num=107
2044903,item,,item,mxdzlk_item,https://mxdzlk.com/item/2044903/,https://static.mapleartale.com/images/item/2044903.png,assets/items/raw/2044903.png,downloaded,200,image/png,729,eb37c216312b1b417bddd84e64d1bce90cc5797834dce7d909f9992c387cb1c7,,2026-06-03T22:55:23+08:00,https://mxdzlk.com/item/?page_num=107
2044904,item,,item,mxdzlk_item,https://mxdzlk.com/item/2044904/,https://static.mapleartale.com/images/item/2044904.png,assets/items/raw/2044904.png,downloaded,200,image/png,736,4769e5502982c54c2d00b79d8ec32a1e023a1d3819a54548f9043ca78708d805,,2026-06-03T22:55:20+08:00,https://mxdzlk.com/item/?page_num=107
2044905,item,,item,mxdzlk_item,https://mxdzlk.com/item/2044905/,https://static.mapleartale.com/images/item/2044905.png,assets/items/raw/2044905.png,downloaded,200,image/png,745,f75127d11c6ebc2472a4e65c35c6d4ba15b9514554662ef3cb88cd4d2f295680,,2026-06-03T22:55:20+08:00,https://mxdzlk.com/item/?page_num=107
2044906,item,,item,mxdzlk_item,https://mxdzlk.com/item/2044906/,https://static.mapleartale.com/images/item/2044906.png,assets/items/raw/2044906.png,downloaded,200,image/png,1240,15a1e63028e8874f1c6108202ba2d8feddfcee9b99d8dbc0e8af64a357a3a43c,,2026-06-03T22:55:21+08:00,https://mxdzlk.com/item/?page_num=107
2044908,item,,item,mxdzlk_item,https://mxdzlk.com/item/2044908/,https://static.mapleartale.com/images/item/2044908.png,,missing,404,,,,HTTPError: HTTP Error 404: Not Found,2026-06-03T22:55:21+08:00,https://mxdzlk.com/item/?page_num=107
2044909,item,,item,mxdzlk_item,https://mxdzlk.com/item/2044909/,https://static.mapleartale.com/images/item/2044909.png,assets/items/raw/2044909.png,downloaded,200,image/png,712,e75f9fd575fd2d7b450166c1bc40073ff88ac0e828056e6286a1748976bac5e8,,2026-06-03T22:55:22+08:00,https://mxdzlk.com/item/?page_num=107
2048000,item,,item,mxdzlk_item,https://mxdzlk.com/item/2048000/,https://static.mapleartale.com/images/item/2048000.png,assets/items/raw/2048000.png,downloaded,200,image/png,744,a0650ac89cf5bb1da603de2b72057c0f6a379ffe1d3ceb7468a42c75c505e995,,2026-06-03T22:55:22+08:00,https://mxdzlk.com/item/?page_num=108
2048001,item,,item,mxdzlk_item,https://mxdzlk.com/item/2048001/,https://static.mapleartale.com/images/item/2048001.png,assets/items/raw/2048001.png,downloaded,200,image/png,712,e75f9fd575fd2d7b450166c1bc40073ff88ac0e828056e6286a1748976bac5e8,,2026-06-03T22:55:22+08:00,https://mxdzlk.com/item/?page_num=108
2048002,item,,item,mxdzlk_item,https://mxdzlk.com/item/2048002/,https://static.mapleartale.com/images/item/2048002.png,assets/items/raw/2048002.png,downloaded,200,image/png,715,59be071c7efdb0b90fe1438daf830550677769bd6f825c7600676d401c00abf4,,2026-06-03T22:55:23+08:00,https://mxdzlk.com/item/?page_num=108
2048003,item,,item,mxdzlk_item,https://mxdzlk.com/item/2048003/,https://static.mapleartale.com/images/item/2048003.png,assets/items/raw/2048003.png,downloaded,200,image/png,744,a0650ac89cf5bb1da603de2b72057c0f6a379ffe1d3ceb7468a42c75c505e995,,2026-06-03T22:55:22+08:00,https://mxdzlk.com/item/?page_num=108
2048004,item,,item,mxdzlk_item,https://mxdzlk.com/item/2048004/,https://static.mapleartale.com/images/item/2048004.png,assets/items/raw/2048004.png,downloaded,200,image/png,712,e75f9fd575fd2d7b450166c1bc40073ff88ac0e828056e6286a1748976bac5e8,,2026-06-03T22:55:23+08:00,https://mxdzlk.com/item/?page_num=108
2048005,item,,item,mxdzlk_item,https://mxdzlk.com/item/2048005/,https://static.mapleartale.com/images/item/2048005.png,assets/items/raw/2048005.png,downloaded,200,image/png,715,59be071c7efdb0b90fe1438daf830550677769bd6f825c7600676d401c00abf4,,2026-06-03T22:55:23+08:00,https://mxdzlk.com/item/?page_num=108
2048006,item,,item,mxdzlk_item,https://mxdzlk.com/item/2048006/,https://static.mapleartale.com/images/item/2048006.png,assets/items/raw/2048006.png,downloaded,200,image/png,1240,15a1e63028e8874f1c6108202ba2d8feddfcee9b99d8dbc0e8af64a357a3a43c,,2026-06-03T22:55:24+08:00,https://mxdzlk.com/item/?page_num=108
2048007,item,,item,mxdzlk_item,https://mxdzlk.com/item/2048007/,https://static.mapleartale.com/images/item/2048007.png,assets/items/raw/2048007.png,downloaded,200,image/png,1245,551c297f7dfc58c242098b53411653dfdbb1a2c4a74f3031fe489d1168ff3ae1,,2026-06-03T22:55:23+08:00,https://mxdzlk.com/item/?page_num=108
2048008,item,,item,mxdzlk_item,https://mxdzlk.com/item/2048008/,https://static.mapleartale.com/images/item/2048008.png,assets/items/raw/2048008.png,downloaded,200,image/png,1240,15a1e63028e8874f1c6108202ba2d8feddfcee9b99d8dbc0e8af64a357a3a43c,,2026-06-03T22:55:23+08:00,https://mxdzlk.com/item/?page_num=108
2048009,item,,item,mxdzlk_item,https://mxdzlk.com/item/2048009/,https://static.mapleartale.com/images/item/2048009.png,assets/items/raw/2048009.png,downloaded,200,image/png,1245,551c297f7dfc58c242098b53411653dfdbb1a2c4a74f3031fe489d1168ff3ae1,,2026-06-03T22:55:24+08:00,https://mxdzlk.com/item/?page_num=108
2048010,item,,item,mxdzlk_item,https://mxdzlk.com/item/2048010/,https://static.mapleartale.com/images/item/2048010.png,assets/items/raw/2048010.png,downloaded,200,image/png,712,e75f9fd575fd2d7b450166c1bc40073ff88ac0e828056e6286a1748976bac5e8,,2026-06-03T22:55:26+08:00,https://mxdzlk.com/item/?page_num=109
2048011,item,,item,mxdzlk_item,https://mxdzlk.com/item/2048011/,https://static.mapleartale.com/images/item/2048011.png,assets/items/raw/2048011.png,downloaded,200,image/png,712,e75f9fd575fd2d7b450166c1bc40073ff88ac0e828056e6286a1748976bac5e8,,2026-06-03T22:55:25+08:00,https://mxdzlk.com/item/?page_num=109
2048012,item,,item,mxdzlk_item,https://mxdzlk.com/item/2048012/,https://static.mapleartale.com/images/item/2048012.png,assets/items/raw/2048012.png,downloaded,200,image/png,712,e75f9fd575fd2d7b450166c1bc40073ff88ac0e828056e6286a1748976bac5e8,,2026-06-03T22:55:27+08:00,https://mxdzlk.com/item/?page_num=109
2048013,item,,item,mxdzlk_item,https://mxdzlk.com/item/2048013/,https://static.mapleartale.com/images/item/2048013.png,assets/items/raw/2048013.png,downloaded,200,image/png,712,e75f9fd575fd2d7b450166c1bc40073ff88ac0e828056e6286a1748976bac5e8,,2026-06-03T22:55:25+08:00,https://mxdzlk.com/item/?page_num=109
2048014,item,,item,mxdzlk_item,https://mxdzlk.com/item/2048014/,https://static.mapleartale.com/images/item/2048014.png,assets/items/raw/2048014.png,downloaded,200,image/png,712,e75f9fd575fd2d7b450166c1bc40073ff88ac0e828056e6286a1748976bac5e8,,2026-06-03T22:55:24+08:00,https://mxdzlk.com/item/?page_num=109
2048015,item,,item,mxdzlk_item,https://mxdzlk.com/item/2048015/,https://static.mapleartale.com/images/item/2048015.png,assets/items/raw/2048015.png,downloaded,200,image/png,712,e75f9fd575fd2d7b450166c1bc40073ff88ac0e828056e6286a1748976bac5e8,,2026-06-03T22:55:26+08:00,https://mxdzlk.com/item/?page_num=109
2048016,item,,item,mxdzlk_item,https://mxdzlk.com/item/2048016/,https://static.mapleartale.com/images/item/2048016.png,assets/items/raw/2048016.png,downloaded,200,image/png,712,e75f9fd575fd2d7b450166c1bc40073ff88ac0e828056e6286a1748976bac5e8,,2026-06-03T22:55:27+08:00,https://mxdzlk.com/item/?page_num=109
2048017,item,,item,mxdzlk_item,https://mxdzlk.com/item/2048017/,https://static.mapleartale.com/images/item/2048017.png,assets/items/raw/2048017.png,downloaded,200,image/png,712,e75f9fd575fd2d7b450166c1bc40073ff88ac0e828056e6286a1748976bac5e8,,2026-06-03T22:55:26+08:00,https://mxdzlk.com/item/?page_num=109
2049000,item,,item,mxdzlk_item,https://mxdzlk.com/item/2049000/,https://static.mapleartale.com/images/item/2049000.png,assets/items/raw/2049000.png,downloaded,200,image/png,633,be68d15f757eb772d4f9c1eac82446efc6738d440b32dc9131dce340f2787037,,2026-06-03T22:55:26+08:00,https://mxdzlk.com/item/?page_num=109
2049001,item,,item,mxdzlk_item,https://mxdzlk.com/item/2049001/,https://static.mapleartale.com/images/item/2049001.png,assets/items/raw/2049001.png,downloaded,200,image/png,633,be68d15f757eb772d4f9c1eac82446efc6738d440b32dc9131dce340f2787037,,2026-06-03T22:55:26+08:00,https://mxdzlk.com/item/?page_num=109
2049002,item,,item,mxdzlk_item,https://mxdzlk.com/item/2049002/,https://static.mapleartale.com/images/item/2049002.png,assets/items/raw/2049002.png,downloaded,200,image/png,633,be68d15f757eb772d4f9c1eac82446efc6738d440b32dc9131dce340f2787037,,2026-06-03T22:55:27+08:00,https://mxdzlk.com/item/?page_num=110
2049100,item,,item,mxdzlk_item,https://mxdzlk.com/item/2049100/,https://static.mapleartale.com/images/item/2049100.png,assets/items/raw/2049100.png,downloaded,200,image/png,873,b54a3cadbcdaf2b64aa9c99dccefb6ad30387bd0e2c1af7c2f5f374fb425c25c,,2026-06-03T22:55:31+08:00,https://mxdzlk.com/item/?page_num=110
2049101,item,,item,mxdzlk_item,https://mxdzlk.com/item/2049101/,https://static.mapleartale.com/images/item/2049101.png,assets/items/raw/2049101.png,downloaded,200,image/png,555,c1d812983f5cb6481bbbfe3c8d59243e281da7542f96be51d070bed596ce3ac9,,2026-06-03T22:55:28+08:00,https://mxdzlk.com/item/?page_num=110
2049102,item,,item,mxdzlk_item,https://mxdzlk.com/item/2049102/,https://static.mapleartale.com/images/item/2049102.png,assets/items/raw/2049102.png,downloaded,200,image/png,585,feda64c479064efbb658edffa6c7dcb999eb1d733dd81f3f803243f65fc71062,,2026-06-03T22:55:28+08:00,https://mxdzlk.com/item/?page_num=110
2049103,item,,item,mxdzlk_item,https://mxdzlk.com/item/2049103/,https://static.mapleartale.com/images/item/2049103.png,assets/items/raw/2049103.png,downloaded,200,image/png,873,b54a3cadbcdaf2b64aa9c99dccefb6ad30387bd0e2c1af7c2f5f374fb425c25c,,2026-06-03T22:55:28+08:00,https://mxdzlk.com/item/?page_num=110
2049104,item,,item,mxdzlk_item,https://mxdzlk.com/item/2049104/,https://static.mapleartale.com/images/item/2049104.png,assets/items/raw/2049104.png,downloaded,200,image/png,873,b54a3cadbcdaf2b64aa9c99dccefb6ad30387bd0e2c1af7c2f5f374fb425c25c,,2026-06-03T22:55:27+08:00,https://mxdzlk.com/item/?page_num=110
2049112,item,,item,mxdzlk_item,https://mxdzlk.com/item/2049112/,https://static.mapleartale.com/images/item/2049112.png,assets/items/raw/2049112.png,downloaded,200,image/png,873,b54a3cadbcdaf2b64aa9c99dccefb6ad30387bd0e2c1af7c2f5f374fb425c25c,,2026-06-03T22:55:28+08:00,https://mxdzlk.com/item/?page_num=110
2050000,item,,item,mxdzlk_item,https://mxdzlk.com/item/2050000/,https://static.mapleartale.com/images/item/2050000.png,assets/items/raw/2050000.png,downloaded,200,image/png,644,ea759a8228cb9e4f3ab7ec92845d6e2f0f3db63a0bf69d14ecfd7074cfa0ca2f,,2026-06-03T22:55:29+08:00,https://mxdzlk.com/item/?page_num=110
2050001,item,,item,mxdzlk_item,https://mxdzlk.com/item/2050001/,https://static.mapleartale.com/images/item/2050001.png,assets/items/raw/2050001.png,downloaded,200,image/png,452,6a0667b3a75af59d598231c3c382fe8c0dae080f85be18c3ab6aa730388c4871,,2026-06-03T22:55:29+08:00,https://mxdzlk.com/item/?page_num=110
2050002,item,,item,mxdzlk_item,https://mxdzlk.com/item/2050002/,https://static.mapleartale.com/images/item/2050002.png,assets/items/raw/2050002.png,downloaded,200,image/png,649,8209ee1f094bf0cb69175f6dbb20bfcf478a719ca417750d6fe96d6a43cd2555,,2026-06-03T22:55:30+08:00,https://mxdzlk.com/item/?page_num=110
2050003,item,,item,mxdzlk_item,https://mxdzlk.com/item/2050003/,https://static.mapleartale.com/images/item/2050003.png,assets/items/raw/2050003.png,downloaded,200,image/png,542,1074de8b3b0d944a649ca02e9f39c264709cf513d0a666b09d5e976bb1ab381f,,2026-06-03T22:55:29+08:00,https://mxdzlk.com/item/?page_num=111
2050004,item,,item,mxdzlk_item,https://mxdzlk.com/item/2050004/,https://static.mapleartale.com/images/item/2050004.png,assets/items/raw/2050004.png,downloaded,200,image/png,649,1cf9111d1298524fbf990d9d5038fe545502c314bc1bd3b251d8e46cb275b2e2,,2026-06-03T22:55:30+08:00,https://mxdzlk.com/item/?page_num=111
2050005,item,,item,mxdzlk_item,https://mxdzlk.com/item/2050005/,https://static.mapleartale.com/images/item/2050005.png,assets/items/raw/2050005.png,downloaded,200,image/png,649,1cf9111d1298524fbf990d9d5038fe545502c314bc1bd3b251d8e46cb275b2e2,,2026-06-03T22:55:33+08:00,https://mxdzlk.com/item/?page_num=111
2050006,item,,item,mxdzlk_item,https://mxdzlk.com/item/2050006/,https://static.mapleartale.com/images/item/2050006.png,assets/items/raw/2050006.png,downloaded,200,image/png,649,1cf9111d1298524fbf990d9d5038fe545502c314bc1bd3b251d8e46cb275b2e2,,2026-06-03T22:55:29+08:00,https://mxdzlk.com/item/?page_num=111
2060000,item,,item,mxdzlk_item,https://mxdzlk.com/item/2060000/,https://static.mapleartale.com/images/item/2060000.png,assets/items/raw/2060000.png,downloaded,200,image/png,648,3e6f1deeca78881676b12adc5d5c8b54c4887955f1fea043c3387edeef685e61,,2026-06-03T22:55:33+08:00,https://mxdzlk.com/item/?page_num=111
2060001,item,,item,mxdzlk_item,https://mxdzlk.com/item/2060001/,https://static.mapleartale.com/images/item/2060001.png,assets/items/raw/2060001.png,downloaded,200,image/png,700,ab3fb749c0814c74010bd576e33f7c135236f54fcd95c6994dd30b37bc2a8438,,2026-06-03T22:55:43+08:00,https://mxdzlk.com/item/?page_num=111
2060002,item,,item,mxdzlk_item,https://mxdzlk.com/item/2060002/,https://static.mapleartale.com/images/item/2060002.png,assets/items/raw/2060002.png,downloaded,200,image/png,694,b39aaae713c45bfefc84a6b610584ec13fcd3c56d90e3554952843ffbbaaf8d2,,2026-06-03T22:55:30+08:00,https://mxdzlk.com/item/?page_num=111
2060003,item,,item,mxdzlk_item,https://mxdzlk.com/item/2060003/,https://static.mapleartale.com/images/item/2060003.png,assets/items/raw/2060003.png,downloaded,200,image/png,700,f1cd603c6e973d518023a053216b07345731aa7440a9942f5129a7d3c5cf486a,,2026-06-03T22:55:31+08:00,https://mxdzlk.com/item/?page_num=111
2060004,item,,item,mxdzlk_item,https://mxdzlk.com/item/2060004/,https://static.mapleartale.com/images/item/2060004.png,assets/items/raw/2060004.png,downloaded,200,image/png,705,23c8b5e026259ce5cac08e3e630271600e1d2ceed0fcad6b7bf007825077015e,,2026-06-03T22:55:31+08:00,https://mxdzlk.com/item/?page_num=111
2060005,item,,item,mxdzlk_item,https://mxdzlk.com/item/2060005/,https://static.mapleartale.com/images/item/2060005.png,assets/items/raw/2060005.png,downloaded,200,image/png,381,42d7b2b9c5e3250f5acee2e8aca17c80a621afca337fc06b7f5277631d1c8fb1,,2026-06-03T22:55:32+08:00,https://mxdzlk.com/item/?page_num=111
2060006,item,,item,mxdzlk_item,https://mxdzlk.com/item/2060006/,https://static.mapleartale.com/images/item/2060006.png,assets/items/raw/2060006.png,downloaded,200,image/png,459,0490bf05f99f58dff37ad1b7c628790b7eef15bb1be54b1759f3f7162e7c7d4f,,2026-06-03T22:55:32+08:00,https://mxdzlk.com/item/?page_num=112
2061000,item,,item,mxdzlk_item,https://mxdzlk.com/item/2061000/,https://static.mapleartale.com/images/item/2061000.png,assets/items/raw/2061000.png,downloaded,200,image/png,648,ceea44d269a15975a14c51c6664903a71a18b7fef214044c84f863a9a060b638,,2026-06-03T22:55:32+08:00,https://mxdzlk.com/item/?page_num=112
2061001,item,,item,mxdzlk_item,https://mxdzlk.com/item/2061001/,https://static.mapleartale.com/images/item/2061001.png,assets/items/raw/2061001.png,downloaded,200,image/png,704,fe78275d1d3aa4f6aaacacd8e141ac008e306a7f96d9fc80b6d1c3912712e9a2,,2026-06-03T22:55:32+08:00,https://mxdzlk.com/item/?page_num=112
2061002,item,,item,mxdzlk_item,https://mxdzlk.com/item/2061002/,https://static.mapleartale.com/images/item/2061002.png,assets/items/raw/2061002.png,downloaded,200,image/png,692,93590ae1fb6d66eb58382ca3276084f9a5bdc13edd9a8df9399539a098bde5e2,,2026-06-03T22:55:33+08:00,https://mxdzlk.com/item/?page_num=112
2061003,item,,item,mxdzlk_item,https://mxdzlk.com/item/2061003/,https://static.mapleartale.com/images/item/2061003.png,assets/items/raw/2061003.png,downloaded,200,image/png,694,ce1365b90b87cc38c7771ab25c6610d5d8475ed2c0a0bb353c44c7dd913c809f,,2026-06-03T22:55:34+08:00,https://mxdzlk.com/item/?page_num=112
2061004,item,,item,mxdzlk_item,https://mxdzlk.com/item/2061004/,https://static.mapleartale.com/images/item/2061004.png,assets/items/raw/2061004.png,downloaded,200,image/png,701,6daf9dc0f826dbc029cc5e12b197c6ac564c3d8f87d69524bea4905d7f3c4002,,2026-06-03T22:55:34+08:00,https://mxdzlk.com/item/?page_num=112
2070000,item,,item,mxdzlk_item,https://mxdzlk.com/item/2070000/,https://static.mapleartale.com/images/item/2070000.png,assets/items/raw/2070000.png,downloaded,200,image/png,386,ac884aa20d070a90f712fbe09f6603fe176f04773fa25c5d9f3b5de40ab9aaf0,,2026-06-03T22:55:33+08:00,https://mxdzlk.com/item/?page_num=112
2070001,item,,item,mxdzlk_item,https://mxdzlk.com/item/2070001/,https://static.mapleartale.com/images/item/2070001.png,assets/items/raw/2070001.png,downloaded,200,image/png,416,c48ca84368842fcb6a0817a1b30ea9d4cca77161fc2633e2b5e37f339501f190,,2026-06-03T22:55:34+08:00,https://mxdzlk.com/item/?page_num=112
2070002,item,,item,mxdzlk_item,https://mxdzlk.com/item/2070002/,https://static.mapleartale.com/images/item/2070002.png,assets/items/raw/2070002.png,downloaded,200,image/png,368,5e911604a09250b56fd3112c3f2bbd8e7033ff007b13fecd8d750a927b0c6683,,2026-06-03T22:55:35+08:00,https://mxdzlk.com/item/?page_num=112
2070003,item,,item,mxdzlk_item,https://mxdzlk.com/item/2070003/,https://static.mapleartale.com/images/item/2070003.png,assets/items/raw/2070003.png,downloaded,200,image/png,410,789f8e8c84d527f40a022532386955c2bad389690db3a689ac4d10eb1c4894d0,,2026-06-03T22:55:34+08:00,https://mxdzlk.com/item/?page_num=112
2070004,item,,item,mxdzlk_item,https://mxdzlk.com/item/2070004/,https://static.mapleartale.com/images/item/2070004.png,assets/items/raw/2070004.png,downloaded,200,image/png,405,fe9d7f4c6406535b0338d8b7604ff7b5d3d8be458080464df22b38bfea896ce4,,2026-06-03T22:55:34+08:00,https://mxdzlk.com/item/?page_num=113
2070005,item,,item,mxdzlk_item,https://mxdzlk.com/item/2070005/,https://static.mapleartale.com/images/item/2070005.png,assets/items/raw/2070005.png,downloaded,200,image/png,431,b5e2e6f52f7671fd66d6bc4e33310f7aaf516f79cc0a12b44fb207ead1796a49,,2026-06-03T22:55:34+08:00,https://mxdzlk.com/item/?page_num=113
2070006,item,,item,mxdzlk_item,https://mxdzlk.com/item/2070006/,https://static.mapleartale.com/images/item/2070006.png,assets/items/raw/2070006.png,downloaded,200,image/png,429,a2e9be6e218a08d52a2d42014df831de477fbf6fe5fc29f0caa341dca50e8e9e,,2026-06-03T22:55:35+08:00,https://mxdzlk.com/item/?page_num=113
2070007,item,,item,mxdzlk_item,https://mxdzlk.com/item/2070007/,https://static.mapleartale.com/images/item/2070007.png,assets/items/raw/2070007.png,downloaded,200,image/png,439,0defee7919e22f0d399144b7114abdecc9799ab312d4fa6ec4090004cffeabdc,,2026-06-03T22:55:37+08:00,https://mxdzlk.com/item/?page_num=113
2070008,item,,item,mxdzlk_item,https://mxdzlk.com/item/2070008/,https://static.mapleartale.com/images/item/2070008.png,assets/items/raw/2070008.png,downloaded,200,image/png,467,ef56cc167d9bee3ec766867be68e31f55ce3cc7080e212d27a8daf6f04d61aa9,,2026-06-03T22:55:36+08:00,https://mxdzlk.com/item/?page_num=113
2070009,item,,item,mxdzlk_item,https://mxdzlk.com/item/2070009/,https://static.mapleartale.com/images/item/2070009.png,assets/items/raw/2070009.png,downloaded,200,image/png,505,0b7f38c165d6788dfbbb59e8832d983798a9d04a64516084734ef558d4eb3d3c,,2026-06-03T22:55:38+08:00,https://mxdzlk.com/item/?page_num=113
2070010,item,,item,mxdzlk_item,https://mxdzlk.com/item/2070010/,https://static.mapleartale.com/images/item/2070010.png,assets/items/raw/2070010.png,downloaded,200,image/png,559,0a1d68e3cf19186ecaa30623ad799843d2e8181f40a006c58e8ad3244a2a737f,,2026-06-03T22:55:36+08:00,https://mxdzlk.com/item/?page_num=113
2070011,item,,item,mxdzlk_item,https://mxdzlk.com/item/2070011/,https://static.mapleartale.com/images/item/2070011.png,assets/items/raw/2070011.png,downloaded,200,image/png,540,efd294adffca52f9419bb8b6dc49c2bb86dac910342e1c3c8d353f62b194eedf,,2026-06-03T22:55:35+08:00,https://mxdzlk.com/item/?page_num=113
2070012,item,,item,mxdzlk_item,https://mxdzlk.com/item/2070012/,https://static.mapleartale.com/images/item/2070012.png,assets/items/raw/2070012.png,downloaded,200,image/png,447,5418e91244ece0f969a5134ed32ccf5f46dbe8b9fb6997bcbb5e32ce772b23ac,,2026-06-03T22:55:37+08:00,https://mxdzlk.com/item/?page_num=113
2070013,item,,item,mxdzlk_item,https://mxdzlk.com/item/2070013/,https://static.mapleartale.com/images/item/2070013.png,assets/items/raw/2070013.png,downloaded,200,image/png,455,55757ea4a26c461a0f161bd179799b3e843b814b8735bd9ff1d5d865ccdbb42b,,2026-06-03T22:55:37+08:00,https://mxdzlk.com/item/?page_num=113
2070015,item,,item,mxdzlk_item,https://mxdzlk.com/item/2070015/,https://static.mapleartale.com/images/item/2070015.png,assets/items/raw/2070015.png,downloaded,200,image/png,386,ac884aa20d070a90f712fbe09f6603fe176f04773fa25c5d9f3b5de40ab9aaf0,,2026-06-03T22:55:37+08:00,https://mxdzlk.com/item/?page_num=114
2070016,item,,item,mxdzlk_item,https://mxdzlk.com/item/2070016/,https://static.mapleartale.com/images/item/2070016.png,,missing,404,,,,HTTPError: HTTP Error 404: Not Found,2026-06-03T22:55:37+08:00,https://mxdzlk.com/item/?page_num=114
2070017,item,,item,mxdzlk_item,https://mxdzlk.com/item/2070017/,https://static.mapleartale.com/images/item/2070017.png,,missing,404,,,,HTTPError: HTTP Error 404: Not Found,2026-06-03T22:55:39+08:00,https://mxdzlk.com/item/?page_num=114
2070019,item,,item,mxdzlk_item,https://mxdzlk.com/item/2070019/,https://static.mapleartale.com/images/item/2070019.png,assets/items/raw/2070019.png,downloaded,200,image/png,1460,669f98939cafcbc37b7301550884a644a10118da58cd1aa644fefe0bb8d96af6,,2026-06-03T22:55:37+08:00,https://mxdzlk.com/item/?page_num=114
2080000,item,,item,mxdzlk_item,https://mxdzlk.com/item/2080000/,https://static.mapleartale.com/images/item/2080000.png,assets/items/raw/2080000.png,downloaded,200,image/png,561,174945fb36796262dd609689b0339c05c2b94f6fcb8ca7ff7113e66ba285305d,,2026-06-03T22:55:38+08:00,https://mxdzlk.com/item/?page_num=114
2081000,item,,item,mxdzlk_item,https://mxdzlk.com/item/2081000/,https://static.mapleartale.com/images/item/2081000.png,assets/items/raw/2081000.png,downloaded,200,image/png,599,a1ce6bc756ca0d01b6c4d442e8cec131c2fdbbcbe1981fb30df7f999cae0869c,,2026-06-03T22:55:38+08:00,https://mxdzlk.com/item/?page_num=114
2082000,item,,item,mxdzlk_item,https://mxdzlk.com/item/2082000/,https://static.mapleartale.com/images/item/2082000.png,assets/items/raw/2082000.png,downloaded,200,image/png,573,d88e0e4037701865b380c6fe92dec0f87770f9d4d8f5e85f495f7f403c70957f,,2026-06-03T22:55:38+08:00,https://mxdzlk.com/item/?page_num=114
2083000,item,,item,mxdzlk_item,https://mxdzlk.com/item/2083000/,https://static.mapleartale.com/images/item/2083000.png,assets/items/raw/2083000.png,downloaded,200,image/png,579,e1dc2daf9381144abfbb3c84eb8178b0d302cbf5ed07e25f14ba035a23ac2575,,2026-06-03T22:55:40+08:00,https://mxdzlk.com/item/?page_num=114
2084000,item,,item,mxdzlk_item,https://mxdzlk.com/item/2084000/,https://static.mapleartale.com/images/item/2084000.png,assets/items/raw/2084000.png,downloaded,200,image/png,567,2ad8d27e60b26b1659ec8b5aecf447d79755cc703dd7437b33b30b34c6951ed7,,2026-06-03T22:55:39+08:00,https://mxdzlk.com/item/?page_num=114
2090000,item,,item,mxdzlk_item,https://mxdzlk.com/item/2090000/,https://static.mapleartale.com/images/item/2090000.png,assets/items/raw/2090000.png,downloaded,200,image/png,589,6e4f50c5cc9de58f71c51950504fee95f82e8b70bd5e0adfb2df4d3afc23191f,,2026-06-03T22:55:39+08:00,https://mxdzlk.com/item/?page_num=114
2090001,item,,item,mxdzlk_item,https://mxdzlk.com/item/2090001/,https://static.mapleartale.com/images/item/2090001.png,assets/items/raw/2090001.png,downloaded,200,image/png,463,52a1484b6651bd4a00ec232221fc6b80fddc315727807d0040bb4ab1c537ab55,,2026-06-03T22:55:39+08:00,https://mxdzlk.com/item/?page_num=115
2090002,item,,item,mxdzlk_item,https://mxdzlk.com/item/2090002/,https://static.mapleartale.com/images/item/2090002.png,assets/items/raw/2090002.png,downloaded,200,image/png,569,392c4d2d99a6c700c175b67f9722f2966b7f1dc0564cb45bc185f484ee81e6fa,,2026-06-03T22:55:40+08:00,https://mxdzlk.com/item/?page_num=115
2090003,item,,item,mxdzlk_item,https://mxdzlk.com/item/2090003/,https://static.mapleartale.com/images/item/2090003.png,assets/items/raw/2090003.png,downloaded,200,image/png,582,3b94df2aed27d8213cf48b403685e37461eec7991a90b136253600d190a701a6,,2026-06-03T22:55:40+08:00,https://mxdzlk.com/item/?page_num=115
2090004,item,,item,mxdzlk_item,https://mxdzlk.com/item/2090004/,https://static.mapleartale.com/images/item/2090004.png,assets/items/raw/2090004.png,downloaded,200,image/png,656,3f390d760c0f65b612a73285a95ea68f8e3fd509c4a43dfbfb9ee40ba0f3c698,,2026-06-03T22:55:40+08:00,https://mxdzlk.com/item/?page_num=115
2090005,item,,item,mxdzlk_item,https://mxdzlk.com/item/2090005/,https://static.mapleartale.com/images/item/2090005.png,assets/items/raw/2090005.png,downloaded,200,image/png,557,affc4eaf6dff0b5f5db1fc79db288f4c427ea1da6e36a56f3d4b07dd8ceb69de,,2026-06-03T22:55:41+08:00,https://mxdzlk.com/item/?page_num=115
2090006,item,,item,mxdzlk_item,https://mxdzlk.com/item/2090006/,https://static.mapleartale.com/images/item/2090006.png,assets/items/raw/2090006.png,downloaded,200,image/png,757,bd24f9ef3ef861a3ca6c71845f49065eae645c9336e3af503b8035c31d1102a4,,2026-06-03T22:55:40+08:00,https://mxdzlk.com/item/?page_num=115
2090007,item,,item,mxdzlk_item,https://mxdzlk.com/item/2090007/,https://static.mapleartale.com/images/item/2090007.png,assets/items/raw/2090007.png,downloaded,200,image/png,686,be8a4c426a9083f9db528881c62ba20d54ce2d4be07f8a1a2b2bcf14a6f0ff8c,,2026-06-03T22:55:41+08:00,https://mxdzlk.com/item/?page_num=115
2090008,item,,item,mxdzlk_item,https://mxdzlk.com/item/2090008/,https://static.mapleartale.com/images/item/2090008.png,assets/items/raw/2090008.png,downloaded,200,image/png,608,2dfb2bb9e517037f908fd58c1bd35690f045812e6052f627487cacb687581777,,2026-06-03T22:55:41+08:00,https://mxdzlk.com/item/?page_num=115
2090009,item,,item,mxdzlk_item,https://mxdzlk.com/item/2090009/,https://static.mapleartale.com/images/item/2090009.png,assets/items/raw/2090009.png,downloaded,200,image/png,811,f4b275265e0505bfe482e6dc6dd17e2199916fe5bac64b457b3ca4787cf2b9fb,,2026-06-03T22:55:41+08:00,https://mxdzlk.com/item/?page_num=115
2090010,item,,item,mxdzlk_item,https://mxdzlk.com/item/2090010/,https://static.mapleartale.com/images/item/2090010.png,assets/items/raw/2090010.png,downloaded,200,image/png,725,cd1fbacb22345bea1c179ea3f2503b83a7dc6a82fa239947160439c6ba4e7da5,,2026-06-03T22:55:41+08:00,https://mxdzlk.com/item/?page_num=115
2100000,item,,item,mxdzlk_item,https://mxdzlk.com/item/2100000/,https://static.mapleartale.com/images/item/2100000.png,assets/items/raw/2100000.png,downloaded,200,image/png,619,9b4a2e853930a2d7f9b0b39a612032274e43ad18b34069aaa802f99e53fb352d,,2026-06-03T22:55:41+08:00,https://mxdzlk.com/item/?page_num=116
2100001,item,,item,mxdzlk_item,https://mxdzlk.com/item/2100001/,https://static.mapleartale.com/images/item/2100001.png,assets/items/raw/2100001.png,downloaded,200,image/png,619,9b4a2e853930a2d7f9b0b39a612032274e43ad18b34069aaa802f99e53fb352d,,2026-06-03T22:55:42+08:00,https://mxdzlk.com/item/?page_num=116
2100002,item,,item,mxdzlk_item,https://mxdzlk.com/item/2100002/,https://static.mapleartale.com/images/item/2100002.png,assets/items/raw/2100002.png,downloaded,200,image/png,619,9b4a2e853930a2d7f9b0b39a612032274e43ad18b34069aaa802f99e53fb352d,,2026-06-03T22:55:41+08:00,https://mxdzlk.com/item/?page_num=116
2100003,item,,item,mxdzlk_item,https://mxdzlk.com/item/2100003/,https://static.mapleartale.com/images/item/2100003.png,assets/items/raw/2100003.png,downloaded,200,image/png,619,9b4a2e853930a2d7f9b0b39a612032274e43ad18b34069aaa802f99e53fb352d,,2026-06-03T22:55:43+08:00,https://mxdzlk.com/item/?page_num=116
2100004,item,,item,mxdzlk_item,https://mxdzlk.com/item/2100004/,https://static.mapleartale.com/images/item/2100004.png,assets/items/raw/2100004.png,downloaded,200,image/png,619,9b4a2e853930a2d7f9b0b39a612032274e43ad18b34069aaa802f99e53fb352d,,2026-06-03T22:55:42+08:00,https://mxdzlk.com/item/?page_num=116
2100005,item,,item,mxdzlk_item,https://mxdzlk.com/item/2100005/,https://static.mapleartale.com/images/item/2100005.png,assets/items/raw/2100005.png,downloaded,200,image/png,619,9b4a2e853930a2d7f9b0b39a612032274e43ad18b34069aaa802f99e53fb352d,,2026-06-03T22:55:42+08:00,https://mxdzlk.com/item/?page_num=116
2100006,item,,item,mxdzlk_item,https://mxdzlk.com/item/2100006/,https://static.mapleartale.com/images/item/2100006.png,assets/items/raw/2100006.png,downloaded,200,image/png,619,9b4a2e853930a2d7f9b0b39a612032274e43ad18b34069aaa802f99e53fb352d,,2026-06-03T22:55:42+08:00,https://mxdzlk.com/item/?page_num=116
2100007,item,,item,mxdzlk_item,https://mxdzlk.com/item/2100007/,https://static.mapleartale.com/images/item/2100007.png,assets/items/raw/2100007.png,downloaded,200,image/png,619,9b4a2e853930a2d7f9b0b39a612032274e43ad18b34069aaa802f99e53fb352d,,2026-06-03T22:55:48+08:00,https://mxdzlk.com/item/?page_num=116
2100008,item,,item,mxdzlk_item,https://mxdzlk.com/item/2100008/,https://static.mapleartale.com/images/item/2100008.png,assets/items/raw/2100008.png,downloaded,200,image/png,619,9b4a2e853930a2d7f9b0b39a612032274e43ad18b34069aaa802f99e53fb352d,,2026-06-03T22:55:43+08:00,https://mxdzlk.com/item/?page_num=116
2100009,item,,item,mxdzlk_item,https://mxdzlk.com/item/2100009/,https://static.mapleartale.com/images/item/2100009.png,assets/items/raw/2100009.png,downloaded,200,image/png,619,9b4a2e853930a2d7f9b0b39a612032274e43ad18b34069aaa802f99e53fb352d,,2026-06-03T22:55:45+08:00,https://mxdzlk.com/item/?page_num=116
2100010,item,,item,mxdzlk_item,https://mxdzlk.com/item/2100010/,https://static.mapleartale.com/images/item/2100010.png,assets/items/raw/2100010.png,downloaded,200,image/png,619,9b4a2e853930a2d7f9b0b39a612032274e43ad18b34069aaa802f99e53fb352d,,2026-06-03T22:55:44+08:00,https://mxdzlk.com/item/?page_num=117
2100011,item,,item,mxdzlk_item,https://mxdzlk.com/item/2100011/,https://static.mapleartale.com/images/item/2100011.png,assets/items/raw/2100011.png,downloaded,200,image/png,619,9b4a2e853930a2d7f9b0b39a612032274e43ad18b34069aaa802f99e53fb352d,,2026-06-03T22:55:44+08:00,https://mxdzlk.com/item/?page_num=117
2100012,item,,item,mxdzlk_item,https://mxdzlk.com/item/2100012/,https://static.mapleartale.com/images/item/2100012.png,assets/items/raw/2100012.png,downloaded,200,image/png,619,9b4a2e853930a2d7f9b0b39a612032274e43ad18b34069aaa802f99e53fb352d,,2026-06-03T22:55:44+08:00,https://mxdzlk.com/item/?page_num=117
2100013,item,,item,mxdzlk_item,https://mxdzlk.com/item/2100013/,https://static.mapleartale.com/images/item/2100013.png,assets/items/raw/2100013.png,downloaded,200,image/png,619,9b4a2e853930a2d7f9b0b39a612032274e43ad18b34069aaa802f99e53fb352d,,2026-06-03T22:55:47+08:00,https://mxdzlk.com/item/?page_num=117
2100014,item,,item,mxdzlk_item,https://mxdzlk.com/item/2100014/,https://static.mapleartale.com/images/item/2100014.png,assets/items/raw/2100014.png,downloaded,200,image/png,619,9b4a2e853930a2d7f9b0b39a612032274e43ad18b34069aaa802f99e53fb352d,,2026-06-03T22:55:46+08:00,https://mxdzlk.com/item/?page_num=117
2100015,item,,item,mxdzlk_item,https://mxdzlk.com/item/2100015/,https://static.mapleartale.com/images/item/2100015.png,assets/items/raw/2100015.png,downloaded,200,image/png,619,9b4a2e853930a2d7f9b0b39a612032274e43ad18b34069aaa802f99e53fb352d,,2026-06-03T22:55:47+08:00,https://mxdzlk.com/item/?page_num=117
2100016,item,,item,mxdzlk_item,https://mxdzlk.com/item/2100016/,https://static.mapleartale.com/images/item/2100016.png,assets/items/raw/2100016.png,downloaded,200,image/png,619,9b4a2e853930a2d7f9b0b39a612032274e43ad18b34069aaa802f99e53fb352d,,2026-06-03T22:55:46+08:00,https://mxdzlk.com/item/?page_num=117
2100017,item,,item,mxdzlk_item,https://mxdzlk.com/item/2100017/,https://static.mapleartale.com/images/item/2100017.png,assets/items/raw/2100017.png,downloaded,200,image/png,619,9b4a2e853930a2d7f9b0b39a612032274e43ad18b34069aaa802f99e53fb352d,,2026-06-03T22:55:45+08:00,https://mxdzlk.com/item/?page_num=117
2100018,item,,item,mxdzlk_item,https://mxdzlk.com/item/2100018/,https://static.mapleartale.com/images/item/2100018.png,assets/items/raw/2100018.png,downloaded,200,image/png,619,9b4a2e853930a2d7f9b0b39a612032274e43ad18b34069aaa802f99e53fb352d,,2026-06-03T22:55:45+08:00,https://mxdzlk.com/item/?page_num=117
2100019,item,,item,mxdzlk_item,https://mxdzlk.com/item/2100019/,https://static.mapleartale.com/images/item/2100019.png,assets/items/raw/2100019.png,downloaded,200,image/png,619,9b4a2e853930a2d7f9b0b39a612032274e43ad18b34069aaa802f99e53fb352d,,2026-06-03T22:55:48+08:00,https://mxdzlk.com/item/?page_num=117
2100020,item,,item,mxdzlk_item,https://mxdzlk.com/item/2100020/,https://static.mapleartale.com/images/item/2100020.png,assets/items/raw/2100020.png,downloaded,200,image/png,619,9b4a2e853930a2d7f9b0b39a612032274e43ad18b34069aaa802f99e53fb352d,,2026-06-03T22:55:46+08:00,https://mxdzlk.com/item/?page_num=118
2100021,item,,item,mxdzlk_item,https://mxdzlk.com/item/2100021/,https://static.mapleartale.com/images/item/2100021.png,assets/items/raw/2100021.png,downloaded,200,image/png,619,9b4a2e853930a2d7f9b0b39a612032274e43ad18b34069aaa802f99e53fb352d,,2026-06-03T22:55:47+08:00,https://mxdzlk.com/item/?page_num=118
2100022,item,,item,mxdzlk_item,https://mxdzlk.com/item/2100022/,https://static.mapleartale.com/images/item/2100022.png,assets/items/raw/2100022.png,downloaded,200,image/png,619,9b4a2e853930a2d7f9b0b39a612032274e43ad18b34069aaa802f99e53fb352d,,2026-06-03T22:55:47+08:00,https://mxdzlk.com/item/?page_num=118
2100023,item,,item,mxdzlk_item,https://mxdzlk.com/item/2100023/,https://static.mapleartale.com/images/item/2100023.png,assets/items/raw/2100023.png,downloaded,200,image/png,619,9b4a2e853930a2d7f9b0b39a612032274e43ad18b34069aaa802f99e53fb352d,,2026-06-03T22:55:47+08:00,https://mxdzlk.com/item/?page_num=118
2100024,item,,item,mxdzlk_item,https://mxdzlk.com/item/2100024/,https://static.mapleartale.com/images/item/2100024.png,assets/items/raw/2100024.png,downloaded,200,image/png,619,9b4a2e853930a2d7f9b0b39a612032274e43ad18b34069aaa802f99e53fb352d,,2026-06-03T22:55:48+08:00,https://mxdzlk.com/item/?page_num=118
2100025,item,,item,mxdzlk_item,https://mxdzlk.com/item/2100025/,https://static.mapleartale.com/images/item/2100025.png,assets/items/raw/2100025.png,downloaded,200,image/png,619,9b4a2e853930a2d7f9b0b39a612032274e43ad18b34069aaa802f99e53fb352d,,2026-06-03T22:55:48+08:00,https://mxdzlk.com/item/?page_num=118
2100026,item,,item,mxdzlk_item,https://mxdzlk.com/item/2100026/,https://static.mapleartale.com/images/item/2100026.png,assets/items/raw/2100026.png,downloaded,200,image/png,619,9b4a2e853930a2d7f9b0b39a612032274e43ad18b34069aaa802f99e53fb352d,,2026-06-03T22:55:50+08:00,https://mxdzlk.com/item/?page_num=118
2100027,item,,item,mxdzlk_item,https://mxdzlk.com/item/2100027/,https://static.mapleartale.com/images/item/2100027.png,assets/items/raw/2100027.png,downloaded,200,image/png,619,9b4a2e853930a2d7f9b0b39a612032274e43ad18b34069aaa802f99e53fb352d,,2026-06-03T22:55:49+08:00,https://mxdzlk.com/item/?page_num=118
2100028,item,,item,mxdzlk_item,https://mxdzlk.com/item/2100028/,https://static.mapleartale.com/images/item/2100028.png,assets/items/raw/2100028.png,downloaded,200,image/png,619,9b4a2e853930a2d7f9b0b39a612032274e43ad18b34069aaa802f99e53fb352d,,2026-06-03T22:55:48+08:00,https://mxdzlk.com/item/?page_num=118
2100029,item,,item,mxdzlk_item,https://mxdzlk.com/item/2100029/,https://static.mapleartale.com/images/item/2100029.png,assets/items/raw/2100029.png,downloaded,200,image/png,619,9b4a2e853930a2d7f9b0b39a612032274e43ad18b34069aaa802f99e53fb352d,,2026-06-03T22:55:49+08:00,https://mxdzlk.com/item/?page_num=118
2100030,item,,item,mxdzlk_item,https://mxdzlk.com/item/2100030/,https://static.mapleartale.com/images/item/2100030.png,assets/items/raw/2100030.png,downloaded,200,image/png,619,9b4a2e853930a2d7f9b0b39a612032274e43ad18b34069aaa802f99e53fb352d,,2026-06-03T22:55:49+08:00,https://mxdzlk.com/item/?page_num=119
2100031,item,,item,mxdzlk_item,https://mxdzlk.com/item/2100031/,https://static.mapleartale.com/images/item/2100031.png,assets/items/raw/2100031.png,downloaded,200,image/png,619,9b4a2e853930a2d7f9b0b39a612032274e43ad18b34069aaa802f99e53fb352d,,2026-06-03T22:55:51+08:00,https://mxdzlk.com/item/?page_num=119
2100032,item,,item,mxdzlk_item,https://mxdzlk.com/item/2100032/,https://static.mapleartale.com/images/item/2100032.png,assets/items/raw/2100032.png,downloaded,200,image/png,619,9b4a2e853930a2d7f9b0b39a612032274e43ad18b34069aaa802f99e53fb352d,,2026-06-03T22:55:51+08:00,https://mxdzlk.com/item/?page_num=119
2100033,item,,item,mxdzlk_item,https://mxdzlk.com/item/2100033/,https://static.mapleartale.com/images/item/2100033.png,assets/items/raw/2100033.png,downloaded,200,image/png,619,9b4a2e853930a2d7f9b0b39a612032274e43ad18b34069aaa802f99e53fb352d,,2026-06-03T22:55:51+08:00,https://mxdzlk.com/item/?page_num=119
2100034,item,,item,mxdzlk_item,https://mxdzlk.com/item/2100034/,https://static.mapleartale.com/images/item/2100034.png,assets/items/raw/2100034.png,downloaded,200,image/png,619,9b4a2e853930a2d7f9b0b39a612032274e43ad18b34069aaa802f99e53fb352d,,2026-06-03T22:55:51+08:00,https://mxdzlk.com/item/?page_num=119
2100035,item,,item,mxdzlk_item,https://mxdzlk.com/item/2100035/,https://static.mapleartale.com/images/item/2100035.png,assets/items/raw/2100035.png,downloaded,200,image/png,619,9b4a2e853930a2d7f9b0b39a612032274e43ad18b34069aaa802f99e53fb352d,,2026-06-03T22:55:51+08:00,https://mxdzlk.com/item/?page_num=119
2100036,item,,item,mxdzlk_item,https://mxdzlk.com/item/2100036/,https://static.mapleartale.com/images/item/2100036.png,assets/items/raw/2100036.png,downloaded,200,image/png,619,9b4a2e853930a2d7f9b0b39a612032274e43ad18b34069aaa802f99e53fb352d,,2026-06-03T22:55:51+08:00,https://mxdzlk.com/item/?page_num=119
2100037,item,,item,mxdzlk_item,https://mxdzlk.com/item/2100037/,https://static.mapleartale.com/images/item/2100037.png,assets/items/raw/2100037.png,downloaded,200,image/png,619,9b4a2e853930a2d7f9b0b39a612032274e43ad18b34069aaa802f99e53fb352d,,2026-06-03T22:55:51+08:00,https://mxdzlk.com/item/?page_num=119
2100038,item,,item,mxdzlk_item,https://mxdzlk.com/item/2100038/,https://static.mapleartale.com/images/item/2100038.png,assets/items/raw/2100038.png,downloaded,200,image/png,619,9b4a2e853930a2d7f9b0b39a612032274e43ad18b34069aaa802f99e53fb352d,,2026-06-03T22:55:51+08:00,https://mxdzlk.com/item/?page_num=119
2100039,item,,item,mxdzlk_item,https://mxdzlk.com/item/2100039/,https://static.mapleartale.com/images/item/2100039.png,assets/items/raw/2100039.png,downloaded,200,image/png,619,9b4a2e853930a2d7f9b0b39a612032274e43ad18b34069aaa802f99e53fb352d,,2026-06-03T22:55:51+08:00,https://mxdzlk.com/item/?page_num=119
2100040,item,,item,mxdzlk_item,https://mxdzlk.com/item/2100040/,https://static.mapleartale.com/images/item/2100040.png,assets/items/raw/2100040.png,downloaded,200,image/png,619,9b4a2e853930a2d7f9b0b39a612032274e43ad18b34069aaa802f99e53fb352d,,2026-06-03T22:55:52+08:00,https://mxdzlk.com/item/?page_num=120
2100041,item,,item,mxdzlk_item,https://mxdzlk.com/item/2100041/,https://static.mapleartale.com/images/item/2100041.png,assets/items/raw/2100041.png,downloaded,200,image/png,619,9b4a2e853930a2d7f9b0b39a612032274e43ad18b34069aaa802f99e53fb352d,,2026-06-03T22:55:53+08:00,https://mxdzlk.com/item/?page_num=120
2100042,item,,item,mxdzlk_item,https://mxdzlk.com/item/2100042/,https://static.mapleartale.com/images/item/2100042.png,assets/items/raw/2100042.png,downloaded,200,image/png,619,9b4a2e853930a2d7f9b0b39a612032274e43ad18b34069aaa802f99e53fb352d,,2026-06-03T22:55:52+08:00,https://mxdzlk.com/item/?page_num=120
2100043,item,,item,mxdzlk_item,https://mxdzlk.com/item/2100043/,https://static.mapleartale.com/images/item/2100043.png,assets/items/raw/2100043.png,downloaded,200,image/png,619,9b4a2e853930a2d7f9b0b39a612032274e43ad18b34069aaa802f99e53fb352d,,2026-06-03T22:55:52+08:00,https://mxdzlk.com/item/?page_num=120
2100044,item,,item,mxdzlk_item,https://mxdzlk.com/item/2100044/,https://static.mapleartale.com/images/item/2100044.png,assets/items/raw/2100044.png,downloaded,200,image/png,619,9b4a2e853930a2d7f9b0b39a612032274e43ad18b34069aaa802f99e53fb352d,,2026-06-03T22:55:52+08:00,https://mxdzlk.com/item/?page_num=120
2100045,item,,item,mxdzlk_item,https://mxdzlk.com/item/2100045/,https://static.mapleartale.com/images/item/2100045.png,assets/items/raw/2100045.png,downloaded,200,image/png,619,9b4a2e853930a2d7f9b0b39a612032274e43ad18b34069aaa802f99e53fb352d,,2026-06-03T22:55:52+08:00,https://mxdzlk.com/item/?page_num=120
2100046,item,,item,mxdzlk_item,https://mxdzlk.com/item/2100046/,https://static.mapleartale.com/images/item/2100046.png,assets/items/raw/2100046.png,downloaded,200,image/png,619,9b4a2e853930a2d7f9b0b39a612032274e43ad18b34069aaa802f99e53fb352d,,2026-06-03T22:55:54+08:00,https://mxdzlk.com/item/?page_num=120
2100047,item,,item,mxdzlk_item,https://mxdzlk.com/item/2100047/,https://static.mapleartale.com/images/item/2100047.png,assets/items/raw/2100047.png,downloaded,200,image/png,619,9b4a2e853930a2d7f9b0b39a612032274e43ad18b34069aaa802f99e53fb352d,,2026-06-03T22:55:54+08:00,https://mxdzlk.com/item/?page_num=120
2100048,item,,item,mxdzlk_item,https://mxdzlk.com/item/2100048/,https://static.mapleartale.com/images/item/2100048.png,assets/items/raw/2100048.png,downloaded,200,image/png,619,9b4a2e853930a2d7f9b0b39a612032274e43ad18b34069aaa802f99e53fb352d,,2026-06-03T22:55:54+08:00,https://mxdzlk.com/item/?page_num=120
2100049,item,,item,mxdzlk_item,https://mxdzlk.com/item/2100049/,https://static.mapleartale.com/images/item/2100049.png,assets/items/raw/2100049.png,downloaded,200,image/png,619,9b4a2e853930a2d7f9b0b39a612032274e43ad18b34069aaa802f99e53fb352d,,2026-06-03T22:55:53+08:00,https://mxdzlk.com/item/?page_num=120
2100050,item,,item,mxdzlk_item,https://mxdzlk.com/item/2100050/,https://static.mapleartale.com/images/item/2100050.png,assets/items/raw/2100050.png,downloaded,200,image/png,619,9b4a2e853930a2d7f9b0b39a612032274e43ad18b34069aaa802f99e53fb352d,,2026-06-03T22:55:54+08:00,https://mxdzlk.com/item/?page_num=121
2100051,item,,item,mxdzlk_item,https://mxdzlk.com/item/2100051/,https://static.mapleartale.com/images/item/2100051.png,assets/items/raw/2100051.png,downloaded,200,image/png,619,9b4a2e853930a2d7f9b0b39a612032274e43ad18b34069aaa802f99e53fb352d,,2026-06-03T22:55:53+08:00,https://mxdzlk.com/item/?page_num=121
2100052,item,,item,mxdzlk_item,https://mxdzlk.com/item/2100052/,https://static.mapleartale.com/images/item/2100052.png,assets/items/raw/2100052.png,downloaded,200,image/png,619,9b4a2e853930a2d7f9b0b39a612032274e43ad18b34069aaa802f99e53fb352d,,2026-06-03T22:55:54+08:00,https://mxdzlk.com/item/?page_num=121
2100053,item,,item,mxdzlk_item,https://mxdzlk.com/item/2100053/,https://static.mapleartale.com/images/item/2100053.png,assets/items/raw/2100053.png,downloaded,200,image/png,619,9b4a2e853930a2d7f9b0b39a612032274e43ad18b34069aaa802f99e53fb352d,,2026-06-03T22:55:57+08:00,https://mxdzlk.com/item/?page_num=121
2100054,item,,item,mxdzlk_item,https://mxdzlk.com/item/2100054/,https://static.mapleartale.com/images/item/2100054.png,assets/items/raw/2100054.png,downloaded,200,image/png,619,9b4a2e853930a2d7f9b0b39a612032274e43ad18b34069aaa802f99e53fb352d,,2026-06-03T22:55:54+08:00,https://mxdzlk.com/item/?page_num=121
2100055,item,,item,mxdzlk_item,https://mxdzlk.com/item/2100055/,https://static.mapleartale.com/images/item/2100055.png,assets/items/raw/2100055.png,downloaded,200,image/png,619,9b4a2e853930a2d7f9b0b39a612032274e43ad18b34069aaa802f99e53fb352d,,2026-06-03T22:55:54+08:00,https://mxdzlk.com/item/?page_num=121
2100056,item,,item,mxdzlk_item,https://mxdzlk.com/item/2100056/,https://static.mapleartale.com/images/item/2100056.png,assets/items/raw/2100056.png,downloaded,200,image/png,619,9b4a2e853930a2d7f9b0b39a612032274e43ad18b34069aaa802f99e53fb352d,,2026-06-03T22:55:56+08:00,https://mxdzlk.com/item/?page_num=121
2100057,item,,item,mxdzlk_item,https://mxdzlk.com/item/2100057/,https://static.mapleartale.com/images/item/2100057.png,assets/items/raw/2100057.png,downloaded,200,image/png,619,9b4a2e853930a2d7f9b0b39a612032274e43ad18b34069aaa802f99e53fb352d,,2026-06-03T22:55:55+08:00,https://mxdzlk.com/item/?page_num=121
2100058,item,,item,mxdzlk_item,https://mxdzlk.com/item/2100058/,https://static.mapleartale.com/images/item/2100058.png,assets/items/raw/2100058.png,downloaded,200,image/png,619,9b4a2e853930a2d7f9b0b39a612032274e43ad18b34069aaa802f99e53fb352d,,2026-06-03T22:55:56+08:00,https://mxdzlk.com/item/?page_num=121
2100059,item,,item,mxdzlk_item,https://mxdzlk.com/item/2100059/,https://static.mapleartale.com/images/item/2100059.png,assets/items/raw/2100059.png,downloaded,200,image/png,619,9b4a2e853930a2d7f9b0b39a612032274e43ad18b34069aaa802f99e53fb352d,,2026-06-03T22:55:55+08:00,https://mxdzlk.com/item/?page_num=121
2100063,item,,item,mxdzlk_item,https://mxdzlk.com/item/2100063/,https://static.mapleartale.com/images/item/2100063.png,assets/items/raw/2100063.png,downloaded,200,image/png,619,9b4a2e853930a2d7f9b0b39a612032274e43ad18b34069aaa802f99e53fb352d,,2026-06-03T22:55:55+08:00,https://mxdzlk.com/item/?page_num=122
2100064,item,,item,mxdzlk_item,https://mxdzlk.com/item/2100064/,https://static.mapleartale.com/images/item/2100064.png,assets/items/raw/2100064.png,downloaded,200,image/png,619,9b4a2e853930a2d7f9b0b39a612032274e43ad18b34069aaa802f99e53fb352d,,2026-06-03T22:55:56+08:00,https://mxdzlk.com/item/?page_num=122
2100065,item,,item,mxdzlk_item,https://mxdzlk.com/item/2100065/,https://static.mapleartale.com/images/item/2100065.png,assets/items/raw/2100065.png,downloaded,200,image/png,619,9b4a2e853930a2d7f9b0b39a612032274e43ad18b34069aaa802f99e53fb352d,,2026-06-03T22:55:56+08:00,https://mxdzlk.com/item/?page_num=122
2100066,item,,item,mxdzlk_item,https://mxdzlk.com/item/2100066/,https://static.mapleartale.com/images/item/2100066.png,assets/items/raw/2100066.png,downloaded,200,image/png,619,9b4a2e853930a2d7f9b0b39a612032274e43ad18b34069aaa802f99e53fb352d,,2026-06-03T22:55:57+08:00,https://mxdzlk.com/item/?page_num=122
2100067,item,,item,mxdzlk_item,https://mxdzlk.com/item/2100067/,https://static.mapleartale.com/images/item/2100067.png,assets/items/raw/2100067.png,downloaded,200,image/png,498,2255487e5df501cb445c70301899fc9e6243e518f61ffe2114fcf6a9dd39a4ff,,2026-06-03T22:55:57+08:00,https://mxdzlk.com/item/?page_num=122
2100068,item,,item,mxdzlk_item,https://mxdzlk.com/item/2100068/,https://static.mapleartale.com/images/item/2100068.png,assets/items/raw/2100068.png,downloaded,200,image/png,702,e65afd808bda26934fed6f9fef0fda3f12d8cb4db2dee7a8bff283e3e9833c4b,,2026-06-03T22:55:57+08:00,https://mxdzlk.com/item/?page_num=122
2100071,item,,item,mxdzlk_item,https://mxdzlk.com/item/2100071/,https://static.mapleartale.com/images/item/2100071.png,assets/items/raw/2100071.png,downloaded,200,image/png,619,9b4a2e853930a2d7f9b0b39a612032274e43ad18b34069aaa802f99e53fb352d,,2026-06-03T22:55:58+08:00,https://mxdzlk.com/item/?page_num=122
2100072,item,,item,mxdzlk_item,https://mxdzlk.com/item/2100072/,https://static.mapleartale.com/images/item/2100072.png,assets/items/raw/2100072.png,downloaded,200,image/png,619,9b4a2e853930a2d7f9b0b39a612032274e43ad18b34069aaa802f99e53fb352d,,2026-06-03T22:55:57+08:00,https://mxdzlk.com/item/?page_num=122
2100073,item,,item,mxdzlk_item,https://mxdzlk.com/item/2100073/,https://static.mapleartale.com/images/item/2100073.png,assets/items/raw/2100073.png,downloaded,200,image/png,619,9b4a2e853930a2d7f9b0b39a612032274e43ad18b34069aaa802f99e53fb352d,,2026-06-03T22:55:59+08:00,https://mxdzlk.com/item/?page_num=122
2100074,item,,item,mxdzlk_item,https://mxdzlk.com/item/2100074/,https://static.mapleartale.com/images/item/2100074.png,assets/items/raw/2100074.png,downloaded,200,image/png,619,9b4a2e853930a2d7f9b0b39a612032274e43ad18b34069aaa802f99e53fb352d,,2026-06-03T22:55:58+08:00,https://mxdzlk.com/item/?page_num=122
2100075,item,,item,mxdzlk_item,https://mxdzlk.com/item/2100075/,https://static.mapleartale.com/images/item/2100075.png,assets/items/raw/2100075.png,downloaded,200,image/png,619,9b4a2e853930a2d7f9b0b39a612032274e43ad18b34069aaa802f99e53fb352d,,2026-06-03T22:55:58+08:00,https://mxdzlk.com/item/?page_num=123
2100076,item,,item,mxdzlk_item,https://mxdzlk.com/item/2100076/,https://static.mapleartale.com/images/item/2100076.png,assets/items/raw/2100076.png,downloaded,200,image/png,619,9b4a2e853930a2d7f9b0b39a612032274e43ad18b34069aaa802f99e53fb352d,,2026-06-03T22:56:01+08:00,https://mxdzlk.com/item/?page_num=123
2100077,item,,item,mxdzlk_item,https://mxdzlk.com/item/2100077/,https://static.mapleartale.com/images/item/2100077.png,assets/items/raw/2100077.png,downloaded,200,image/png,619,9b4a2e853930a2d7f9b0b39a612032274e43ad18b34069aaa802f99e53fb352d,,2026-06-03T22:55:58+08:00,https://mxdzlk.com/item/?page_num=123
2100078,item,,item,mxdzlk_item,https://mxdzlk.com/item/2100078/,https://static.mapleartale.com/images/item/2100078.png,assets/items/raw/2100078.png,downloaded,200,image/png,619,9b4a2e853930a2d7f9b0b39a612032274e43ad18b34069aaa802f99e53fb352d,,2026-06-03T22:55:59+08:00,https://mxdzlk.com/item/?page_num=123
2100079,item,,item,mxdzlk_item,https://mxdzlk.com/item/2100079/,https://static.mapleartale.com/images/item/2100079.png,assets/items/raw/2100079.png,downloaded,200,image/png,619,9b4a2e853930a2d7f9b0b39a612032274e43ad18b34069aaa802f99e53fb352d,,2026-06-03T22:55:59+08:00,https://mxdzlk.com/item/?page_num=123
2100080,item,,item,mxdzlk_item,https://mxdzlk.com/item/2100080/,https://static.mapleartale.com/images/item/2100080.png,assets/items/raw/2100080.png,downloaded,200,image/png,619,9b4a2e853930a2d7f9b0b39a612032274e43ad18b34069aaa802f99e53fb352d,,2026-06-03T22:55:59+08:00,https://mxdzlk.com/item/?page_num=123
2100081,item,,item,mxdzlk_item,https://mxdzlk.com/item/2100081/,https://static.mapleartale.com/images/item/2100081.png,assets/items/raw/2100081.png,downloaded,200,image/png,619,9b4a2e853930a2d7f9b0b39a612032274e43ad18b34069aaa802f99e53fb352d,,2026-06-03T22:56:01+08:00,https://mxdzlk.com/item/?page_num=123
2100082,item,,item,mxdzlk_item,https://mxdzlk.com/item/2100082/,https://static.mapleartale.com/images/item/2100082.png,assets/items/raw/2100082.png,downloaded,200,image/png,619,9b4a2e853930a2d7f9b0b39a612032274e43ad18b34069aaa802f99e53fb352d,,2026-06-03T22:56:00+08:00,https://mxdzlk.com/item/?page_num=123
2100083,item,,item,mxdzlk_item,https://mxdzlk.com/item/2100083/,https://static.mapleartale.com/images/item/2100083.png,assets/items/raw/2100083.png,downloaded,200,image/png,619,9b4a2e853930a2d7f9b0b39a612032274e43ad18b34069aaa802f99e53fb352d,,2026-06-03T22:55:59+08:00,https://mxdzlk.com/item/?page_num=123
2100084,item,,item,mxdzlk_item,https://mxdzlk.com/item/2100084/,https://static.mapleartale.com/images/item/2100084.png,assets/items/raw/2100084.png,downloaded,200,image/png,619,9b4a2e853930a2d7f9b0b39a612032274e43ad18b34069aaa802f99e53fb352d,,2026-06-03T22:56:00+08:00,https://mxdzlk.com/item/?page_num=123
2100085,item,,item,mxdzlk_item,https://mxdzlk.com/item/2100085/,https://static.mapleartale.com/images/item/2100085.png,assets/items/raw/2100085.png,downloaded,200,image/png,619,9b4a2e853930a2d7f9b0b39a612032274e43ad18b34069aaa802f99e53fb352d,,2026-06-03T22:56:04+08:00,https://mxdzlk.com/item/?page_num=124
2100086,item,,item,mxdzlk_item,https://mxdzlk.com/item/2100086/,https://static.mapleartale.com/images/item/2100086.png,assets/items/raw/2100086.png,downloaded,200,image/png,619,9b4a2e853930a2d7f9b0b39a612032274e43ad18b34069aaa802f99e53fb352d,,2026-06-03T22:56:00+08:00,https://mxdzlk.com/item/?page_num=124
2100087,item,,item,mxdzlk_item,https://mxdzlk.com/item/2100087/,https://static.mapleartale.com/images/item/2100087.png,assets/items/raw/2100087.png,downloaded,200,image/png,619,9b4a2e853930a2d7f9b0b39a612032274e43ad18b34069aaa802f99e53fb352d,,2026-06-03T22:56:01+08:00,https://mxdzlk.com/item/?page_num=124
2100088,item,,item,mxdzlk_item,https://mxdzlk.com/item/2100088/,https://static.mapleartale.com/images/item/2100088.png,assets/items/raw/2100088.png,downloaded,200,image/png,619,9b4a2e853930a2d7f9b0b39a612032274e43ad18b34069aaa802f99e53fb352d,,2026-06-03T22:56:00+08:00,https://mxdzlk.com/item/?page_num=124
2100089,item,,item,mxdzlk_item,https://mxdzlk.com/item/2100089/,https://static.mapleartale.com/images/item/2100089.png,assets/items/raw/2100089.png,downloaded,200,image/png,619,9b4a2e853930a2d7f9b0b39a612032274e43ad18b34069aaa802f99e53fb352d,,2026-06-03T22:56:01+08:00,https://mxdzlk.com/item/?page_num=124
2100090,item,,item,mxdzlk_item,https://mxdzlk.com/item/2100090/,https://static.mapleartale.com/images/item/2100090.png,assets/items/raw/2100090.png,downloaded,200,image/png,619,9b4a2e853930a2d7f9b0b39a612032274e43ad18b34069aaa802f99e53fb352d,,2026-06-03T22:56:02+08:00,https://mxdzlk.com/item/?page_num=124
2100091,item,,item,mxdzlk_item,https://mxdzlk.com/item/2100091/,https://static.mapleartale.com/images/item/2100091.png,assets/items/raw/2100091.png,downloaded,200,image/png,619,9b4a2e853930a2d7f9b0b39a612032274e43ad18b34069aaa802f99e53fb352d,,2026-06-03T22:56:01+08:00,https://mxdzlk.com/item/?page_num=124
2100092,item,,item,mxdzlk_item,https://mxdzlk.com/item/2100092/,https://static.mapleartale.com/images/item/2100092.png,assets/items/raw/2100092.png,downloaded,200,image/png,619,9b4a2e853930a2d7f9b0b39a612032274e43ad18b34069aaa802f99e53fb352d,,2026-06-03T22:56:03+08:00,https://mxdzlk.com/item/?page_num=124
2100093,item,,item,mxdzlk_item,https://mxdzlk.com/item/2100093/,https://static.mapleartale.com/images/item/2100093.png,assets/items/raw/2100093.png,downloaded,200,image/png,619,9b4a2e853930a2d7f9b0b39a612032274e43ad18b34069aaa802f99e53fb352d,,2026-06-03T22:56:15+08:00,https://mxdzlk.com/item/?page_num=124
2100094,item,,item,mxdzlk_item,https://mxdzlk.com/item/2100094/,https://static.mapleartale.com/images/item/2100094.png,assets/items/raw/2100094.png,downloaded,200,image/png,619,9b4a2e853930a2d7f9b0b39a612032274e43ad18b34069aaa802f99e53fb352d,,2026-06-03T22:56:03+08:00,https://mxdzlk.com/item/?page_num=124
2100095,item,,item,mxdzlk_item,https://mxdzlk.com/item/2100095/,https://static.mapleartale.com/images/item/2100095.png,assets/items/raw/2100095.png,downloaded,200,image/png,619,9b4a2e853930a2d7f9b0b39a612032274e43ad18b34069aaa802f99e53fb352d,,2026-06-03T22:56:03+08:00,https://mxdzlk.com/item/?page_num=125
2100096,item,,item,mxdzlk_item,https://mxdzlk.com/item/2100096/,https://static.mapleartale.com/images/item/2100096.png,assets/items/raw/2100096.png,downloaded,200,image/png,619,9b4a2e853930a2d7f9b0b39a612032274e43ad18b34069aaa802f99e53fb352d,,2026-06-03T22:56:03+08:00,https://mxdzlk.com/item/?page_num=125
2100097,item,,item,mxdzlk_item,https://mxdzlk.com/item/2100097/,https://static.mapleartale.com/images/item/2100097.png,assets/items/raw/2100097.png,downloaded,200,image/png,619,9b4a2e853930a2d7f9b0b39a612032274e43ad18b34069aaa802f99e53fb352d,,2026-06-03T22:56:02+08:00,https://mxdzlk.com/item/?page_num=125
2100098,item,,item,mxdzlk_item,https://mxdzlk.com/item/2100098/,https://static.mapleartale.com/images/item/2100098.png,assets/items/raw/2100098.png,downloaded,200,image/png,619,9b4a2e853930a2d7f9b0b39a612032274e43ad18b34069aaa802f99e53fb352d,,2026-06-03T22:56:03+08:00,https://mxdzlk.com/item/?page_num=125
2100099,item,,item,mxdzlk_item,https://mxdzlk.com/item/2100099/,https://static.mapleartale.com/images/item/2100099.png,assets/items/raw/2100099.png,downloaded,200,image/png,619,9b4a2e853930a2d7f9b0b39a612032274e43ad18b34069aaa802f99e53fb352d,,2026-06-03T22:56:04+08:00,https://mxdzlk.com/item/?page_num=125
2100100,item,,item,mxdzlk_item,https://mxdzlk.com/item/2100100/,https://static.mapleartale.com/images/item/2100100.png,assets/items/raw/2100100.png,downloaded,200,image/png,619,9b4a2e853930a2d7f9b0b39a612032274e43ad18b34069aaa802f99e53fb352d,,2026-06-03T22:56:03+08:00,https://mxdzlk.com/item/?page_num=125
2100101,item,,item,mxdzlk_item,https://mxdzlk.com/item/2100101/,https://static.mapleartale.com/images/item/2100101.png,assets/items/raw/2100101.png,downloaded,200,image/png,619,9b4a2e853930a2d7f9b0b39a612032274e43ad18b34069aaa802f99e53fb352d,,2026-06-03T22:56:05+08:00,https://mxdzlk.com/item/?page_num=125
2100102,item,,item,mxdzlk_item,https://mxdzlk.com/item/2100102/,https://static.mapleartale.com/images/item/2100102.png,assets/items/raw/2100102.png,downloaded,200,image/png,619,9b4a2e853930a2d7f9b0b39a612032274e43ad18b34069aaa802f99e53fb352d,,2026-06-03T22:56:04+08:00,https://mxdzlk.com/item/?page_num=125
2100103,item,,item,mxdzlk_item,https://mxdzlk.com/item/2100103/,https://static.mapleartale.com/images/item/2100103.png,assets/items/raw/2100103.png,downloaded,200,image/png,619,9b4a2e853930a2d7f9b0b39a612032274e43ad18b34069aaa802f99e53fb352d,,2026-06-03T22:56:05+08:00,https://mxdzlk.com/item/?page_num=125
2100113,item,,item,mxdzlk_item,https://mxdzlk.com/item/2100113/,https://static.mapleartale.com/images/item/2100113.png,assets/items/raw/2100113.png,downloaded,200,image/png,619,9b4a2e853930a2d7f9b0b39a612032274e43ad18b34069aaa802f99e53fb352d,,2026-06-03T22:56:04+08:00,https://mxdzlk.com/item/?page_num=125
2100135,item,,item,mxdzlk_item,https://mxdzlk.com/item/2100135/,https://static.mapleartale.com/images/item/2100135.png,assets/items/raw/2100135.png,downloaded,200,image/png,619,9b4a2e853930a2d7f9b0b39a612032274e43ad18b34069aaa802f99e53fb352d,,2026-06-03T22:56:05+08:00,https://mxdzlk.com/item/?page_num=126
2100138,item,,item,mxdzlk_item,https://mxdzlk.com/item/2100138/,https://static.mapleartale.com/images/item/2100138.png,assets/items/raw/2100138.png,downloaded,200,image/png,619,9b4a2e853930a2d7f9b0b39a612032274e43ad18b34069aaa802f99e53fb352d,,2026-06-03T22:56:05+08:00,https://mxdzlk.com/item/?page_num=126
2100139,item,,item,mxdzlk_item,https://mxdzlk.com/item/2100139/,https://static.mapleartale.com/images/item/2100139.png,assets/items/raw/2100139.png,downloaded,200,image/png,619,9b4a2e853930a2d7f9b0b39a612032274e43ad18b34069aaa802f99e53fb352d,,2026-06-03T22:56:05+08:00,https://mxdzlk.com/item/?page_num=126
2100140,item,,item,mxdzlk_item,https://mxdzlk.com/item/2100140/,https://static.mapleartale.com/images/item/2100140.png,assets/items/raw/2100140.png,downloaded,200,image/png,619,9b4a2e853930a2d7f9b0b39a612032274e43ad18b34069aaa802f99e53fb352d,,2026-06-03T22:56:07+08:00,https://mxdzlk.com/item/?page_num=126
2100160,item,,item,mxdzlk_item,https://mxdzlk.com/item/2100160/,https://static.mapleartale.com/images/item/2100160.png,assets/items/raw/2100160.png,downloaded,200,image/png,619,9b4a2e853930a2d7f9b0b39a612032274e43ad18b34069aaa802f99e53fb352d,,2026-06-03T22:56:05+08:00,https://mxdzlk.com/item/?page_num=126
2100161,item,,item,mxdzlk_item,https://mxdzlk.com/item/2100161/,https://static.mapleartale.com/images/item/2100161.png,assets/items/raw/2100161.png,downloaded,200,image/png,619,9b4a2e853930a2d7f9b0b39a612032274e43ad18b34069aaa802f99e53fb352d,,2026-06-03T22:56:05+08:00,https://mxdzlk.com/item/?page_num=126
2100162,item,,item,mxdzlk_item,https://mxdzlk.com/item/2100162/,https://static.mapleartale.com/images/item/2100162.png,assets/items/raw/2100162.png,downloaded,200,image/png,619,9b4a2e853930a2d7f9b0b39a612032274e43ad18b34069aaa802f99e53fb352d,,2026-06-03T22:56:06+08:00,https://mxdzlk.com/item/?page_num=126
2100163,item,,item,mxdzlk_item,https://mxdzlk.com/item/2100163/,https://static.mapleartale.com/images/item/2100163.png,assets/items/raw/2100163.png,downloaded,200,image/png,619,9b4a2e853930a2d7f9b0b39a612032274e43ad18b34069aaa802f99e53fb352d,,2026-06-03T22:56:07+08:00,https://mxdzlk.com/item/?page_num=126
2100902,item,,item,mxdzlk_item,https://mxdzlk.com/item/2100902/,https://static.mapleartale.com/images/item/2100902.png,assets/items/raw/2100902.png,downloaded,200,image/png,660,940aa61d77bf59318be34095d444c35e3e2f223fb9cfbce115d9a88ccec0e9ed,,2026-06-03T22:56:07+08:00,https://mxdzlk.com/item/?page_num=126
2101000,item,,item,mxdzlk_item,https://mxdzlk.com/item/2101000/,https://static.mapleartale.com/images/item/2101000.png,assets/items/raw/2101000.png,downloaded,200,image/png,619,9b4a2e853930a2d7f9b0b39a612032274e43ad18b34069aaa802f99e53fb352d,,2026-06-03T22:56:09+08:00,https://mxdzlk.com/item/?page_num=126
2101001,item,,item,mxdzlk_item,https://mxdzlk.com/item/2101001/,https://static.mapleartale.com/images/item/2101001.png,assets/items/raw/2101001.png,downloaded,200,image/png,619,9b4a2e853930a2d7f9b0b39a612032274e43ad18b34069aaa802f99e53fb352d,,2026-06-03T22:56:06+08:00,https://mxdzlk.com/item/?page_num=127
2101002,item,,item,mxdzlk_item,https://mxdzlk.com/item/2101002/,https://static.mapleartale.com/images/item/2101002.png,assets/items/raw/2101002.png,downloaded,200,image/png,619,9b4a2e853930a2d7f9b0b39a612032274e43ad18b34069aaa802f99e53fb352d,,2026-06-03T22:56:08+08:00,https://mxdzlk.com/item/?page_num=127
2101003,item,,item,mxdzlk_item,https://mxdzlk.com/item/2101003/,https://static.mapleartale.com/images/item/2101003.png,assets/items/raw/2101003.png,downloaded,200,image/png,619,9b4a2e853930a2d7f9b0b39a612032274e43ad18b34069aaa802f99e53fb352d,,2026-06-03T22:56:07+08:00,https://mxdzlk.com/item/?page_num=127
2101004,item,,item,mxdzlk_item,https://mxdzlk.com/item/2101004/,https://static.mapleartale.com/images/item/2101004.png,assets/items/raw/2101004.png,downloaded,200,image/png,619,9b4a2e853930a2d7f9b0b39a612032274e43ad18b34069aaa802f99e53fb352d,,2026-06-03T22:56:11+08:00,https://mxdzlk.com/item/?page_num=127
2101005,item,,item,mxdzlk_item,https://mxdzlk.com/item/2101005/,https://static.mapleartale.com/images/item/2101005.png,assets/items/raw/2101005.png,downloaded,200,image/png,619,9b4a2e853930a2d7f9b0b39a612032274e43ad18b34069aaa802f99e53fb352d,,2026-06-03T22:56:08+08:00,https://mxdzlk.com/item/?page_num=127
2101006,item,,item,mxdzlk_item,https://mxdzlk.com/item/2101006/,https://static.mapleartale.com/images/item/2101006.png,assets/items/raw/2101006.png,downloaded,200,image/png,619,9b4a2e853930a2d7f9b0b39a612032274e43ad18b34069aaa802f99e53fb352d,,2026-06-03T22:56:08+08:00,https://mxdzlk.com/item/?page_num=127
2101007,item,,item,mxdzlk_item,https://mxdzlk.com/item/2101007/,https://static.mapleartale.com/images/item/2101007.png,assets/items/raw/2101007.png,downloaded,200,image/png,619,9b4a2e853930a2d7f9b0b39a612032274e43ad18b34069aaa802f99e53fb352d,,2026-06-03T22:56:10+08:00,https://mxdzlk.com/item/?page_num=127
2101008,item,,item,mxdzlk_item,https://mxdzlk.com/item/2101008/,https://static.mapleartale.com/images/item/2101008.png,assets/items/raw/2101008.png,downloaded,200,image/png,619,9b4a2e853930a2d7f9b0b39a612032274e43ad18b34069aaa802f99e53fb352d,,2026-06-03T22:56:08+08:00,https://mxdzlk.com/item/?page_num=127
2101009,item,,item,mxdzlk_item,https://mxdzlk.com/item/2101009/,https://static.mapleartale.com/images/item/2101009.png,assets/items/raw/2101009.png,downloaded,200,image/png,619,9b4a2e853930a2d7f9b0b39a612032274e43ad18b34069aaa802f99e53fb352d,,2026-06-03T22:56:10+08:00,https://mxdzlk.com/item/?page_num=127
2101010,item,,item,mxdzlk_item,https://mxdzlk.com/item/2101010/,https://static.mapleartale.com/images/item/2101010.png,assets/items/raw/2101010.png,downloaded,200,image/png,619,9b4a2e853930a2d7f9b0b39a612032274e43ad18b34069aaa802f99e53fb352d,,2026-06-03T22:56:11+08:00,https://mxdzlk.com/item/?page_num=127
2101011,item,,item,mxdzlk_item,https://mxdzlk.com/item/2101011/,https://static.mapleartale.com/images/item/2101011.png,assets/items/raw/2101011.png,downloaded,200,image/png,619,9b4a2e853930a2d7f9b0b39a612032274e43ad18b34069aaa802f99e53fb352d,,2026-06-03T22:56:09+08:00,https://mxdzlk.com/item/?page_num=128
2101012,item,,item,mxdzlk_item,https://mxdzlk.com/item/2101012/,https://static.mapleartale.com/images/item/2101012.png,assets/items/raw/2101012.png,downloaded,200,image/png,619,9b4a2e853930a2d7f9b0b39a612032274e43ad18b34069aaa802f99e53fb352d,,2026-06-03T22:56:09+08:00,https://mxdzlk.com/item/?page_num=128
2101013,item,,item,mxdzlk_item,https://mxdzlk.com/item/2101013/,https://static.mapleartale.com/images/item/2101013.png,assets/items/raw/2101013.png,downloaded,200,image/png,619,9b4a2e853930a2d7f9b0b39a612032274e43ad18b34069aaa802f99e53fb352d,,2026-06-03T22:56:10+08:00,https://mxdzlk.com/item/?page_num=128
2101014,item,,item,mxdzlk_item,https://mxdzlk.com/item/2101014/,https://static.mapleartale.com/images/item/2101014.png,assets/items/raw/2101014.png,downloaded,200,image/png,792,7e09776b40e67cad9222f1af4badf211a10cae408651c8a61a586afe423f9924,,2026-06-03T22:56:10+08:00,https://mxdzlk.com/item/?page_num=128
2101015,item,,item,mxdzlk_item,https://mxdzlk.com/item/2101015/,https://static.mapleartale.com/images/item/2101015.png,assets/items/raw/2101015.png,downloaded,200,image/png,619,9b4a2e853930a2d7f9b0b39a612032274e43ad18b34069aaa802f99e53fb352d,,2026-06-03T22:56:10+08:00,https://mxdzlk.com/item/?page_num=128
2101016,item,,item,mxdzlk_item,https://mxdzlk.com/item/2101016/,https://static.mapleartale.com/images/item/2101016.png,,missing,404,,,,HTTPError: HTTP Error 404: Not Found,2026-06-03T22:56:11+08:00,https://mxdzlk.com/item/?page_num=128
2101017,item,,item,mxdzlk_item,https://mxdzlk.com/item/2101017/,https://static.mapleartale.com/images/item/2101017.png,assets/items/raw/2101017.png,downloaded,200,image/png,619,9b4a2e853930a2d7f9b0b39a612032274e43ad18b34069aaa802f99e53fb352d,,2026-06-03T22:56:11+08:00,https://mxdzlk.com/item/?page_num=128
2101018,item,,item,mxdzlk_item,https://mxdzlk.com/item/2101018/,https://static.mapleartale.com/images/item/2101018.png,assets/items/raw/2101018.png,downloaded,200,image/png,619,9b4a2e853930a2d7f9b0b39a612032274e43ad18b34069aaa802f99e53fb352d,,2026-06-03T22:56:11+08:00,https://mxdzlk.com/item/?page_num=128
2101019,item,,item,mxdzlk_item,https://mxdzlk.com/item/2101019/,https://static.mapleartale.com/images/item/2101019.png,assets/items/raw/2101019.png,downloaded,200,image/png,619,9b4a2e853930a2d7f9b0b39a612032274e43ad18b34069aaa802f99e53fb352d,,2026-06-03T22:56:11+08:00,https://mxdzlk.com/item/?page_num=128
2101021,item,,item,mxdzlk_item,https://mxdzlk.com/item/2101021/,https://static.mapleartale.com/images/item/2101021.png,,missing,404,,,,HTTPError: HTTP Error 404: Not Found,2026-06-03T22:56:11+08:00,https://mxdzlk.com/item/?page_num=128
2101022,item,,item,mxdzlk_item,https://mxdzlk.com/item/2101022/,https://static.mapleartale.com/images/item/2101022.png,,missing,404,,,,HTTPError: HTTP Error 404: Not Found,2026-06-03T22:56:12+08:00,https://mxdzlk.com/item/?page_num=129
2101023,item,,item,mxdzlk_item,https://mxdzlk.com/item/2101023/,https://static.mapleartale.com/images/item/2101023.png,,missing,404,,,,HTTPError: HTTP Error 404: Not Found,2026-06-03T22:56:12+08:00,https://mxdzlk.com/item/?page_num=129
2101024,item,,item,mxdzlk_item,https://mxdzlk.com/item/2101024/,https://static.mapleartale.com/images/item/2101024.png,,missing,404,,,,HTTPError: HTTP Error 404: Not Found,2026-06-03T22:56:13+08:00,https://mxdzlk.com/item/?page_num=129
2101025,item,,item,mxdzlk_item,https://mxdzlk.com/item/2101025/,https://static.mapleartale.com/images/item/2101025.png,,missing,404,,,,HTTPError: HTTP Error 404: Not Found,2026-06-03T22:56:13+08:00,https://mxdzlk.com/item/?page_num=129
2101026,item,,item,mxdzlk_item,https://mxdzlk.com/item/2101026/,https://static.mapleartale.com/images/item/2101026.png,assets/items/raw/2101026.png,downloaded,200,image/png,619,9b4a2e853930a2d7f9b0b39a612032274e43ad18b34069aaa802f99e53fb352d,,2026-06-03T22:56:13+08:00,https://mxdzlk.com/item/?page_num=129
2101039,item,,item,mxdzlk_item,https://mxdzlk.com/item/2101039/,https://static.mapleartale.com/images/item/2101039.png,assets/items/raw/2101039.png,downloaded,200,image/png,619,9b4a2e853930a2d7f9b0b39a612032274e43ad18b34069aaa802f99e53fb352d,,2026-06-03T22:56:13+08:00,https://mxdzlk.com/item/?page_num=129
2101060,item,,item,mxdzlk_item,https://mxdzlk.com/item/2101060/,https://static.mapleartale.com/images/item/2101060.png,assets/items/raw/2101060.png,downloaded,200,image/png,619,9b4a2e853930a2d7f9b0b39a612032274e43ad18b34069aaa802f99e53fb352d,,2026-06-03T22:56:12+08:00,https://mxdzlk.com/item/?page_num=129
2101061,item,,item,mxdzlk_item,https://mxdzlk.com/item/2101061/,https://static.mapleartale.com/images/item/2101061.png,assets/items/raw/2101061.png,downloaded,200,image/png,619,9b4a2e853930a2d7f9b0b39a612032274e43ad18b34069aaa802f99e53fb352d,,2026-06-03T22:56:13+08:00,https://mxdzlk.com/item/?page_num=129
2101070,item,,item,mxdzlk_item,https://mxdzlk.com/item/2101070/,https://static.mapleartale.com/images/item/2101070.png,,missing,404,,,,HTTPError: HTTP Error 404: Not Found,2026-06-03T22:56:17+08:00,https://mxdzlk.com/item/?page_num=129
2101072,item,,item,mxdzlk_item,https://mxdzlk.com/item/2101072/,https://static.mapleartale.com/images/item/2101072.png,assets/items/raw/2101072.png,downloaded,200,image/png,619,9b4a2e853930a2d7f9b0b39a612032274e43ad18b34069aaa802f99e53fb352d,,2026-06-03T22:56:15+08:00,https://mxdzlk.com/item/?page_num=129
2101073,item,,item,mxdzlk_item,https://mxdzlk.com/item/2101073/,https://static.mapleartale.com/images/item/2101073.png,assets/items/raw/2101073.png,downloaded,200,image/png,619,9b4a2e853930a2d7f9b0b39a612032274e43ad18b34069aaa802f99e53fb352d,,2026-06-03T22:56:14+08:00,https://mxdzlk.com/item/?page_num=130
2101080,item,,item,mxdzlk_item,https://mxdzlk.com/item/2101080/,https://static.mapleartale.com/images/item/2101080.png,assets/items/raw/2101080.png,downloaded,200,image/png,619,9b4a2e853930a2d7f9b0b39a612032274e43ad18b34069aaa802f99e53fb352d,,2026-06-03T22:56:16+08:00,https://mxdzlk.com/item/?page_num=130
2101081,item,,item,mxdzlk_item,https://mxdzlk.com/item/2101081/,https://static.mapleartale.com/images/item/2101081.png,assets/items/raw/2101081.png,downloaded,200,image/png,619,9b4a2e853930a2d7f9b0b39a612032274e43ad18b34069aaa802f99e53fb352d,,2026-06-03T22:56:15+08:00,https://mxdzlk.com/item/?page_num=130
2101082,item,,item,mxdzlk_item,https://mxdzlk.com/item/2101082/,https://static.mapleartale.com/images/item/2101082.png,assets/items/raw/2101082.png,downloaded,200,image/png,619,9b4a2e853930a2d7f9b0b39a612032274e43ad18b34069aaa802f99e53fb352d,,2026-06-03T22:56:17+08:00,https://mxdzlk.com/item/?page_num=130
2101083,item,,item,mxdzlk_item,https://mxdzlk.com/item/2101083/,https://static.mapleartale.com/images/item/2101083.png,,missing,404,,,,HTTPError: HTTP Error 404: Not Found,2026-06-03T22:56:14+08:00,https://mxdzlk.com/item/?page_num=130
2101084,item,,item,mxdzlk_item,https://mxdzlk.com/item/2101084/,https://static.mapleartale.com/images/item/2101084.png,,missing,404,,,,HTTPError: HTTP Error 404: Not Found,2026-06-03T22:56:15+08:00,https://mxdzlk.com/item/?page_num=130
2101085,item,,item,mxdzlk_item,https://mxdzlk.com/item/2101085/,https://static.mapleartale.com/images/item/2101085.png,,missing,404,,,,HTTPError: HTTP Error 404: Not Found,2026-06-03T22:56:18+08:00,https://mxdzlk.com/item/?page_num=130
2101086,item,,item,mxdzlk_item,https://mxdzlk.com/item/2101086/,https://static.mapleartale.com/images/item/2101086.png,,missing,404,,,,HTTPError: HTTP Error 404: Not Found,2026-06-03T22:56:16+08:00,https://mxdzlk.com/item/?page_num=130
2101087,item,,item,mxdzlk_item,https://mxdzlk.com/item/2101087/,https://static.mapleartale.com/images/item/2101087.png,,missing,404,,,,HTTPError: HTTP Error 404: Not Found,2026-06-03T22:56:23+08:00,https://mxdzlk.com/item/?page_num=130
2101088,item,,item,mxdzlk_item,https://mxdzlk.com/item/2101088/,https://static.mapleartale.com/images/item/2101088.png,,missing,404,,,,HTTPError: HTTP Error 404: Not Found,2026-06-03T22:56:16+08:00,https://mxdzlk.com/item/?page_num=130
2101089,item,,item,mxdzlk_item,https://mxdzlk.com/item/2101089/,https://static.mapleartale.com/images/item/2101089.png,,missing,404,,,,HTTPError: HTTP Error 404: Not Found,2026-06-03T22:56:16+08:00,https://mxdzlk.com/item/?page_num=131
2101090,item,,item,mxdzlk_item,https://mxdzlk.com/item/2101090/,https://static.mapleartale.com/images/item/2101090.png,,missing,404,,,,HTTPError: HTTP Error 404: Not Found,2026-06-03T22:56:17+08:00,https://mxdzlk.com/item/?page_num=131
2101091,item,,item,mxdzlk_item,https://mxdzlk.com/item/2101091/,https://static.mapleartale.com/images/item/2101091.png,,missing,404,,,,HTTPError: HTTP Error 404: Not Found,2026-06-03T22:56:18+08:00,https://mxdzlk.com/item/?page_num=131
2101092,item,,item,mxdzlk_item,https://mxdzlk.com/item/2101092/,https://static.mapleartale.com/images/item/2101092.png,,missing,404,,,,HTTPError: HTTP Error 404: Not Found,2026-06-03T22:56:19+08:00,https://mxdzlk.com/item/?page_num=131
2101093,item,,item,mxdzlk_item,https://mxdzlk.com/item/2101093/,https://static.mapleartale.com/images/item/2101093.png,,missing,404,,,,HTTPError: HTTP Error 404: Not Found,2026-06-03T22:56:17+08:00,https://mxdzlk.com/item/?page_num=131
2101118,item,,item,mxdzlk_item,https://mxdzlk.com/item/2101118/,https://static.mapleartale.com/images/item/2101118.png,,missing,404,,,,HTTPError: HTTP Error 404: Not Found,2026-06-03T22:56:18+08:00,https://mxdzlk.com/item/?page_num=131
2101120,item,,item,mxdzlk_item,https://mxdzlk.com/item/2101120/,https://static.mapleartale.com/images/item/2101120.png,assets/items/raw/2101120.png,downloaded,200,image/png,619,9b4a2e853930a2d7f9b0b39a612032274e43ad18b34069aaa802f99e53fb352d,,2026-06-03T22:56:18+08:00,https://mxdzlk.com/item/?page_num=131
2101124,item,,item,mxdzlk_item,https://mxdzlk.com/item/2101124/,https://static.mapleartale.com/images/item/2101124.png,assets/items/raw/2101124.png,downloaded,200,image/png,619,9b4a2e853930a2d7f9b0b39a612032274e43ad18b34069aaa802f99e53fb352d,,2026-06-03T22:56:18+08:00,https://mxdzlk.com/item/?page_num=131
2101125,item,,item,mxdzlk_item,https://mxdzlk.com/item/2101125/,https://static.mapleartale.com/images/item/2101125.png,assets/items/raw/2101125.png,downloaded,200,image/png,619,9b4a2e853930a2d7f9b0b39a612032274e43ad18b34069aaa802f99e53fb352d,,2026-06-03T22:56:18+08:00,https://mxdzlk.com/item/?page_num=131
2101126,item,,item,mxdzlk_item,https://mxdzlk.com/item/2101126/,https://static.mapleartale.com/images/item/2101126.png,assets/items/raw/2101126.png,downloaded,200,image/png,619,9b4a2e853930a2d7f9b0b39a612032274e43ad18b34069aaa802f99e53fb352d,,2026-06-03T22:56:19+08:00,https://mxdzlk.com/item/?page_num=131
2101127,item,,item,mxdzlk_item,https://mxdzlk.com/item/2101127/,https://static.mapleartale.com/images/item/2101127.png,assets/items/raw/2101127.png,downloaded,200,image/png,619,9b4a2e853930a2d7f9b0b39a612032274e43ad18b34069aaa802f99e53fb352d,,2026-06-03T22:56:19+08:00,https://mxdzlk.com/item/?page_num=132
2101128,item,,item,mxdzlk_item,https://mxdzlk.com/item/2101128/,https://static.mapleartale.com/images/item/2101128.png,assets/items/raw/2101128.png,downloaded,200,image/png,619,9b4a2e853930a2d7f9b0b39a612032274e43ad18b34069aaa802f99e53fb352d,,2026-06-03T22:56:19+08:00,https://mxdzlk.com/item/?page_num=132
2101129,item,,item,mxdzlk_item,https://mxdzlk.com/item/2101129/,https://static.mapleartale.com/images/item/2101129.png,assets/items/raw/2101129.png,downloaded,200,image/png,619,9b4a2e853930a2d7f9b0b39a612032274e43ad18b34069aaa802f99e53fb352d,,2026-06-03T22:56:20+08:00,https://mxdzlk.com/item/?page_num=132
2101130,item,,item,mxdzlk_item,https://mxdzlk.com/item/2101130/,https://static.mapleartale.com/images/item/2101130.png,assets/items/raw/2101130.png,downloaded,200,image/png,619,9b4a2e853930a2d7f9b0b39a612032274e43ad18b34069aaa802f99e53fb352d,,2026-06-03T22:56:20+08:00,https://mxdzlk.com/item/?page_num=132
2101131,item,,item,mxdzlk_item,https://mxdzlk.com/item/2101131/,https://static.mapleartale.com/images/item/2101131.png,assets/items/raw/2101131.png,downloaded,200,image/png,619,9b4a2e853930a2d7f9b0b39a612032274e43ad18b34069aaa802f99e53fb352d,,2026-06-03T22:56:19+08:00,https://mxdzlk.com/item/?page_num=132
2101132,item,,item,mxdzlk_item,https://mxdzlk.com/item/2101132/,https://static.mapleartale.com/images/item/2101132.png,,missing,404,,,,HTTPError: HTTP Error 404: Not Found,2026-06-03T22:56:20+08:00,https://mxdzlk.com/item/?page_num=132
2101135,item,,item,mxdzlk_item,https://mxdzlk.com/item/2101135/,https://static.mapleartale.com/images/item/2101135.png,,missing,404,,,,HTTPError: HTTP Error 404: Not Found,2026-06-03T22:56:21+08:00,https://mxdzlk.com/item/?page_num=132
2101140,item,,item,mxdzlk_item,https://mxdzlk.com/item/2101140/,https://static.mapleartale.com/images/item/2101140.png,,missing,404,,,,HTTPError: HTTP Error 404: Not Found,2026-06-03T22:56:20+08:00,https://mxdzlk.com/item/?page_num=132
2101144,item,,item,mxdzlk_item,https://mxdzlk.com/item/2101144/,https://static.mapleartale.com/images/item/2101144.png,,missing,404,,,,HTTPError: HTTP Error 404: Not Found,2026-06-03T22:56:20+08:00,https://mxdzlk.com/item/?page_num=132
2101158,item,,item,mxdzlk_item,https://mxdzlk.com/item/2101158/,https://static.mapleartale.com/images/item/2101158.png,,missing,404,,,,HTTPError: HTTP Error 404: Not Found,2026-06-03T22:56:21+08:00,https://mxdzlk.com/item/?page_num=132
2101159,item,,item,mxdzlk_item,https://mxdzlk.com/item/2101159/,https://static.mapleartale.com/images/item/2101159.png,,missing,404,,,,HTTPError: HTTP Error 404: Not Found,2026-06-03T22:56:21+08:00,https://mxdzlk.com/item/?page_num=133
2101160,item,,item,mxdzlk_item,https://mxdzlk.com/item/2101160/,https://static.mapleartale.com/images/item/2101160.png,,missing,404,,,,HTTPError: HTTP Error 404: Not Found,2026-06-03T22:56:22+08:00,https://mxdzlk.com/item/?page_num=133
2101161,item,,item,mxdzlk_item,https://mxdzlk.com/item/2101161/,https://static.mapleartale.com/images/item/2101161.png,,missing,404,,,,HTTPError: HTTP Error 404: Not Found,2026-06-03T22:56:23+08:00,https://mxdzlk.com/item/?page_num=133
2101162,item,,item,mxdzlk_item,https://mxdzlk.com/item/2101162/,https://static.mapleartale.com/images/item/2101162.png,,missing,404,,,,HTTPError: HTTP Error 404: Not Found,2026-06-03T22:56:21+08:00,https://mxdzlk.com/item/?page_num=133
2101163,item,,item,mxdzlk_item,https://mxdzlk.com/item/2101163/,https://static.mapleartale.com/images/item/2101163.png,,missing,404,,,,HTTPError: HTTP Error 404: Not Found,2026-06-03T22:56:23+08:00,https://mxdzlk.com/item/?page_num=133
2101164,item,,item,mxdzlk_item,https://mxdzlk.com/item/2101164/,https://static.mapleartale.com/images/item/2101164.png,,missing,404,,,,HTTPError: HTTP Error 404: Not Found,2026-06-03T22:56:23+08:00,https://mxdzlk.com/item/?page_num=133
2101165,item,,item,mxdzlk_item,https://mxdzlk.com/item/2101165/,https://static.mapleartale.com/images/item/2101165.png,,missing,404,,,,HTTPError: HTTP Error 404: Not Found,2026-06-03T22:56:29+08:00,https://mxdzlk.com/item/?page_num=133
2101166,item,,item,mxdzlk_item,https://mxdzlk.com/item/2101166/,https://static.mapleartale.com/images/item/2101166.png,,missing,404,,,,HTTPError: HTTP Error 404: Not Found,2026-06-03T22:56:25+08:00,https://mxdzlk.com/item/?page_num=133
2101167,item,,item,mxdzlk_item,https://mxdzlk.com/item/2101167/,https://static.mapleartale.com/images/item/2101167.png,,missing,404,,,,HTTPError: HTTP Error 404: Not Found,2026-06-03T22:56:23+08:00,https://mxdzlk.com/item/?page_num=133
2101168,item,,item,mxdzlk_item,https://mxdzlk.com/item/2101168/,https://static.mapleartale.com/images/item/2101168.png,,missing,404,,,,HTTPError: HTTP Error 404: Not Found,2026-06-03T22:56:24+08:00,https://mxdzlk.com/item/?page_num=133
2101169,item,,item,mxdzlk_item,https://mxdzlk.com/item/2101169/,https://static.mapleartale.com/images/item/2101169.png,,missing,404,,,,HTTPError: HTTP Error 404: Not Found,2026-06-03T22:56:27+08:00,https://mxdzlk.com/item/?page_num=134
2101170,item,,item,mxdzlk_item,https://mxdzlk.com/item/2101170/,https://static.mapleartale.com/images/item/2101170.png,,missing,404,,,,HTTPError: HTTP Error 404: Not Found,2026-06-03T22:56:25+08:00,https://mxdzlk.com/item/?page_num=134
2101171,item,,item,mxdzlk_item,https://mxdzlk.com/item/2101171/,https://static.mapleartale.com/images/item/2101171.png,,missing,404,,,,HTTPError: HTTP Error 404: Not Found,2026-06-03T22:56:24+08:00,https://mxdzlk.com/item/?page_num=134
2101172,item,,item,mxdzlk_item,https://mxdzlk.com/item/2101172/,https://static.mapleartale.com/images/item/2101172.png,,missing,404,,,,HTTPError: HTTP Error 404: Not Found,2026-06-03T22:56:25+08:00,https://mxdzlk.com/item/?page_num=134
2101173,item,,item,mxdzlk_item,https://mxdzlk.com/item/2101173/,https://static.mapleartale.com/images/item/2101173.png,,missing,404,,,,HTTPError: HTTP Error 404: Not Found,2026-06-03T22:56:26+08:00,https://mxdzlk.com/item/?page_num=134
2101174,item,,item,mxdzlk_item,https://mxdzlk.com/item/2101174/,https://static.mapleartale.com/images/item/2101174.png,,missing,404,,,,HTTPError: HTTP Error 404: Not Found,2026-06-03T22:56:25+08:00,https://mxdzlk.com/item/?page_num=134
2101175,item,,item,mxdzlk_item,https://mxdzlk.com/item/2101175/,https://static.mapleartale.com/images/item/2101175.png,,missing,404,,,,HTTPError: HTTP Error 404: Not Found,2026-06-03T22:56:25+08:00,https://mxdzlk.com/item/?page_num=134
2101176,item,,item,mxdzlk_item,https://mxdzlk.com/item/2101176/,https://static.mapleartale.com/images/item/2101176.png,,missing,404,,,,HTTPError: HTTP Error 404: Not Found,2026-06-03T22:56:33+08:00,https://mxdzlk.com/item/?page_num=134
2101177,item,,item,mxdzlk_item,https://mxdzlk.com/item/2101177/,https://static.mapleartale.com/images/item/2101177.png,,missing,404,,,,HTTPError: HTTP Error 404: Not Found,2026-06-03T22:56:26+08:00,https://mxdzlk.com/item/?page_num=134
2101178,item,,item,mxdzlk_item,https://mxdzlk.com/item/2101178/,https://static.mapleartale.com/images/item/2101178.png,,missing,404,,,,HTTPError: HTTP Error 404: Not Found,2026-06-03T22:56:27+08:00,https://mxdzlk.com/item/?page_num=134
2101179,item,,item,mxdzlk_item,https://mxdzlk.com/item/2101179/,https://static.mapleartale.com/images/item/2101179.png,,missing,404,,,,HTTPError: HTTP Error 404: Not Found,2026-06-03T22:56:27+08:00,https://mxdzlk.com/item/?page_num=135
2101180,item,,item,mxdzlk_item,https://mxdzlk.com/item/2101180/,https://static.mapleartale.com/images/item/2101180.png,,missing,404,,,,HTTPError: HTTP Error 404: Not Found,2026-06-03T22:56:27+08:00,https://mxdzlk.com/item/?page_num=135
2101181,item,,item,mxdzlk_item,https://mxdzlk.com/item/2101181/,https://static.mapleartale.com/images/item/2101181.png,,missing,404,,,,HTTPError: HTTP Error 404: Not Found,2026-06-03T22:56:28+08:00,https://mxdzlk.com/item/?page_num=135
2101214,item,,item,mxdzlk_item,https://mxdzlk.com/item/2101214/,https://static.mapleartale.com/images/item/2101214.png,,missing,404,,,,HTTPError: HTTP Error 404: Not Found,2026-06-03T22:56:29+08:00,https://mxdzlk.com/item/?page_num=135
2101215,item,,item,mxdzlk_item,https://mxdzlk.com/item/2101215/,https://static.mapleartale.com/images/item/2101215.png,,missing,404,,,,HTTPError: HTTP Error 404: Not Found,2026-06-03T22:56:31+08:00,https://mxdzlk.com/item/?page_num=135
2101216,item,,item,mxdzlk_item,https://mxdzlk.com/item/2101216/,https://static.mapleartale.com/images/item/2101216.png,,missing,404,,,,HTTPError: HTTP Error 404: Not Found,2026-06-03T22:56:28+08:00,https://mxdzlk.com/item/?page_num=135
2101217,item,,item,mxdzlk_item,https://mxdzlk.com/item/2101217/,https://static.mapleartale.com/images/item/2101217.png,,missing,404,,,,HTTPError: HTTP Error 404: Not Found,2026-06-03T22:56:30+08:00,https://mxdzlk.com/item/?page_num=135
2101218,item,,item,mxdzlk_item,https://mxdzlk.com/item/2101218/,https://static.mapleartale.com/images/item/2101218.png,,missing,404,,,,HTTPError: HTTP Error 404: Not Found,2026-06-03T22:56:29+08:00,https://mxdzlk.com/item/?page_num=135
2101219,item,,item,mxdzlk_item,https://mxdzlk.com/item/2101219/,https://static.mapleartale.com/images/item/2101219.png,,missing,404,,,,HTTPError: HTTP Error 404: Not Found,2026-06-03T22:56:29+08:00,https://mxdzlk.com/item/?page_num=135
2101220,item,,item,mxdzlk_item,https://mxdzlk.com/item/2101220/,https://static.mapleartale.com/images/item/2101220.png,,missing,404,,,,HTTPError: HTTP Error 404: Not Found,2026-06-03T22:56:29+08:00,https://mxdzlk.com/item/?page_num=135
2101221,item,,item,mxdzlk_item,https://mxdzlk.com/item/2101221/,https://static.mapleartale.com/images/item/2101221.png,,missing,404,,,,HTTPError: HTTP Error 404: Not Found,2026-06-03T22:56:31+08:00,https://mxdzlk.com/item/?page_num=136
2101222,item,,item,mxdzlk_item,https://mxdzlk.com/item/2101222/,https://static.mapleartale.com/images/item/2101222.png,,missing,404,,,,HTTPError: HTTP Error 404: Not Found,2026-06-03T22:56:46+08:00,https://mxdzlk.com/item/?page_num=136
2101223,item,,item,mxdzlk_item,https://mxdzlk.com/item/2101223/,https://static.mapleartale.com/images/item/2101223.png,,missing,404,,,,HTTPError: HTTP Error 404: Not Found,2026-06-03T22:56:31+08:00,https://mxdzlk.com/item/?page_num=136
2101224,item,,item,mxdzlk_item,https://mxdzlk.com/item/2101224/,https://static.mapleartale.com/images/item/2101224.png,,missing,404,,,,HTTPError: HTTP Error 404: Not Found,2026-06-03T22:56:30+08:00,https://mxdzlk.com/item/?page_num=136
2101225,item,,item,mxdzlk_item,https://mxdzlk.com/item/2101225/,https://static.mapleartale.com/images/item/2101225.png,,missing,404,,,,HTTPError: HTTP Error 404: Not Found,2026-06-03T22:56:30+08:00,https://mxdzlk.com/item/?page_num=136
2101226,item,,item,mxdzlk_item,https://mxdzlk.com/item/2101226/,https://static.mapleartale.com/images/item/2101226.png,,missing,404,,,,HTTPError: HTTP Error 404: Not Found,2026-06-03T22:56:32+08:00,https://mxdzlk.com/item/?page_num=136
2101227,item,,item,mxdzlk_item,https://mxdzlk.com/item/2101227/,https://static.mapleartale.com/images/item/2101227.png,,missing,404,,,,HTTPError: HTTP Error 404: Not Found,2026-06-03T22:56:33+08:00,https://mxdzlk.com/item/?page_num=136
2101228,item,,item,mxdzlk_item,https://mxdzlk.com/item/2101228/,https://static.mapleartale.com/images/item/2101228.png,,missing,404,,,,HTTPError: HTTP Error 404: Not Found,2026-06-03T22:56:34+08:00,https://mxdzlk.com/item/?page_num=136
2101229,item,,item,mxdzlk_item,https://mxdzlk.com/item/2101229/,https://static.mapleartale.com/images/item/2101229.png,,missing,404,,,,HTTPError: HTTP Error 404: Not Found,2026-06-03T22:56:34+08:00,https://mxdzlk.com/item/?page_num=136
2101230,item,,item,mxdzlk_item,https://mxdzlk.com/item/2101230/,https://static.mapleartale.com/images/item/2101230.png,,missing,404,,,,HTTPError: HTTP Error 404: Not Found,2026-06-03T22:56:33+08:00,https://mxdzlk.com/item/?page_num=136
2101231,item,,item,mxdzlk_item,https://mxdzlk.com/item/2101231/,https://static.mapleartale.com/images/item/2101231.png,,missing,404,,,,HTTPError: HTTP Error 404: Not Found,2026-06-03T22:56:33+08:00,https://mxdzlk.com/item/?page_num=137
2101232,item,,item,mxdzlk_item,https://mxdzlk.com/item/2101232/,https://static.mapleartale.com/images/item/2101232.png,,missing,404,,,,HTTPError: HTTP Error 404: Not Found,2026-06-03T22:56:47+08:00,https://mxdzlk.com/item/?page_num=137
2101233,item,,item,mxdzlk_item,https://mxdzlk.com/item/2101233/,https://static.mapleartale.com/images/item/2101233.png,,missing,404,,,,HTTPError: HTTP Error 404: Not Found,2026-06-03T22:56:34+08:00,https://mxdzlk.com/item/?page_num=137
2101245,item,,item,mxdzlk_item,https://mxdzlk.com/item/2101245/,https://static.mapleartale.com/images/item/2101245.png,,missing,404,,,,HTTPError: HTTP Error 404: Not Found,2026-06-03T22:56:34+08:00,https://mxdzlk.com/item/?page_num=137
2102000,item,,item,mxdzlk_item,https://mxdzlk.com/item/2102000/,https://static.mapleartale.com/images/item/2102000.png,assets/items/raw/2102000.png,downloaded,200,image/png,619,9b4a2e853930a2d7f9b0b39a612032274e43ad18b34069aaa802f99e53fb352d,,2026-06-03T22:56:34+08:00,https://mxdzlk.com/item/?page_num=137
2102001,item,,item,mxdzlk_item,https://mxdzlk.com/item/2102001/,https://static.mapleartale.com/images/item/2102001.png,assets/items/raw/2102001.png,downloaded,200,image/png,619,9b4a2e853930a2d7f9b0b39a612032274e43ad18b34069aaa802f99e53fb352d,,2026-06-03T22:56:47+08:00,https://mxdzlk.com/item/?page_num=137
2102002,item,,item,mxdzlk_item,https://mxdzlk.com/item/2102002/,https://static.mapleartale.com/images/item/2102002.png,assets/items/raw/2102002.png,downloaded,200,image/png,619,9b4a2e853930a2d7f9b0b39a612032274e43ad18b34069aaa802f99e53fb352d,,2026-06-03T22:56:35+08:00,https://mxdzlk.com/item/?page_num=137
2102003,item,,item,mxdzlk_item,https://mxdzlk.com/item/2102003/,https://static.mapleartale.com/images/item/2102003.png,assets/items/raw/2102003.png,downloaded,200,image/png,619,9b4a2e853930a2d7f9b0b39a612032274e43ad18b34069aaa802f99e53fb352d,,2026-06-03T22:56:40+08:00,https://mxdzlk.com/item/?page_num=137
2102004,item,,item,mxdzlk_item,https://mxdzlk.com/item/2102004/,https://static.mapleartale.com/images/item/2102004.png,assets/items/raw/2102004.png,downloaded,200,image/png,619,9b4a2e853930a2d7f9b0b39a612032274e43ad18b34069aaa802f99e53fb352d,,2026-06-03T22:56:47+08:00,https://mxdzlk.com/item/?page_num=137
2102005,item,,item,mxdzlk_item,https://mxdzlk.com/item/2102005/,https://static.mapleartale.com/images/item/2102005.png,assets/items/raw/2102005.png,downloaded,200,image/png,619,9b4a2e853930a2d7f9b0b39a612032274e43ad18b34069aaa802f99e53fb352d,,2026-06-03T22:56:50+08:00,https://mxdzlk.com/item/?page_num=137
2102006,item,,item,mxdzlk_item,https://mxdzlk.com/item/2102006/,https://static.mapleartale.com/images/item/2102006.png,assets/items/raw/2102006.png,downloaded,200,image/png,619,9b4a2e853930a2d7f9b0b39a612032274e43ad18b34069aaa802f99e53fb352d,,2026-06-03T22:56:48+08:00,https://mxdzlk.com/item/?page_num=138
2102007,item,,item,mxdzlk_item,https://mxdzlk.com/item/2102007/,https://static.mapleartale.com/images/item/2102007.png,assets/items/raw/2102007.png,downloaded,200,image/png,619,9b4a2e853930a2d7f9b0b39a612032274e43ad18b34069aaa802f99e53fb352d,,2026-06-03T22:56:49+08:00,https://mxdzlk.com/item/?page_num=138
2102008,item,,item,mxdzlk_item,https://mxdzlk.com/item/2102008/,https://static.mapleartale.com/images/item/2102008.png,assets/items/raw/2102008.png,downloaded,200,image/png,619,9b4a2e853930a2d7f9b0b39a612032274e43ad18b34069aaa802f99e53fb352d,,2026-06-03T22:56:48+08:00,https://mxdzlk.com/item/?page_num=138
2102009,item,,item,mxdzlk_item,https://mxdzlk.com/item/2102009/,https://static.mapleartale.com/images/item/2102009.png,assets/items/raw/2102009.png,downloaded,200,image/png,619,9b4a2e853930a2d7f9b0b39a612032274e43ad18b34069aaa802f99e53fb352d,,2026-06-03T22:56:47+08:00,https://mxdzlk.com/item/?page_num=138
2109006,item,,item,mxdzlk_item,https://mxdzlk.com/item/2109006/,https://static.mapleartale.com/images/item/2109006.png,assets/items/raw/2109006.png,downloaded,200,image/png,619,9b4a2e853930a2d7f9b0b39a612032274e43ad18b34069aaa802f99e53fb352d,,2026-06-03T22:56:48+08:00,https://mxdzlk.com/item/?page_num=138
2109007,item,,item,mxdzlk_item,https://mxdzlk.com/item/2109007/,https://static.mapleartale.com/images/item/2109007.png,assets/items/raw/2109007.png,downloaded,200,image/png,619,9b4a2e853930a2d7f9b0b39a612032274e43ad18b34069aaa802f99e53fb352d,,2026-06-03T22:56:49+08:00,https://mxdzlk.com/item/?page_num=138
2109008,item,,item,mxdzlk_item,https://mxdzlk.com/item/2109008/,https://static.mapleartale.com/images/item/2109008.png,assets/items/raw/2109008.png,downloaded,200,image/png,619,9b4a2e853930a2d7f9b0b39a612032274e43ad18b34069aaa802f99e53fb352d,,2026-06-03T22:56:49+08:00,https://mxdzlk.com/item/?page_num=138
2109009,item,,item,mxdzlk_item,https://mxdzlk.com/item/2109009/,https://static.mapleartale.com/images/item/2109009.png,assets/items/raw/2109009.png,downloaded,200,image/png,619,9b4a2e853930a2d7f9b0b39a612032274e43ad18b34069aaa802f99e53fb352d,,2026-06-03T22:56:50+08:00,https://mxdzlk.com/item/?page_num=138
2109010,item,,item,mxdzlk_item,https://mxdzlk.com/item/2109010/,https://static.mapleartale.com/images/item/2109010.png,assets/items/raw/2109010.png,downloaded,200,image/png,619,9b4a2e853930a2d7f9b0b39a612032274e43ad18b34069aaa802f99e53fb352d,,2026-06-03T22:56:49+08:00,https://mxdzlk.com/item/?page_num=138
2110000,item,,item,mxdzlk_item,https://mxdzlk.com/item/2110000/,https://static.mapleartale.com/images/item/2110000.png,assets/items/raw/2110000.png,downloaded,200,image/png,686,a2d9d5328f4c05007033e6e63d29b946fb9691b425f6468eb1c0fa2249dfd161,,2026-06-03T22:56:49+08:00,https://mxdzlk.com/item/?page_num=138
2120000,item,,item,mxdzlk_item,https://mxdzlk.com/item/2120000/,https://static.mapleartale.com/images/item/2120000.png,assets/items/raw/2120000.png,downloaded,200,image/png,497,cef3e96c144474f313d6bafcc39c161456413eba03ad9639f8b7b3f07c35f702,,2026-06-03T22:56:50+08:00,https://mxdzlk.com/item/?page_num=139
2120001,item,,item,mxdzlk_item,https://mxdzlk.com/item/2120001/,https://static.mapleartale.com/images/item/2120001.png,,missing,404,,,,HTTPError: HTTP Error 404: Not Found,2026-06-03T22:56:51+08:00,https://mxdzlk.com/item/?page_num=139
2120002,item,,item,mxdzlk_item,https://mxdzlk.com/item/2120002/,https://static.mapleartale.com/images/item/2120002.png,,missing,404,,,,HTTPError: HTTP Error 404: Not Found,2026-06-03T22:56:50+08:00,https://mxdzlk.com/item/?page_num=139
2120003,item,,item,mxdzlk_item,https://mxdzlk.com/item/2120003/,https://static.mapleartale.com/images/item/2120003.png,,missing,404,,,,HTTPError: HTTP Error 404: Not Found,2026-06-03T22:56:50+08:00,https://mxdzlk.com/item/?page_num=139
2120004,item,,item,mxdzlk_item,https://mxdzlk.com/item/2120004/,https://static.mapleartale.com/images/item/2120004.png,,missing,404,,,,HTTPError: HTTP Error 404: Not Found,2026-06-03T22:56:50+08:00,https://mxdzlk.com/item/?page_num=139
2120005,item,,item,mxdzlk_item,https://mxdzlk.com/item/2120005/,https://static.mapleartale.com/images/item/2120005.png,,missing,404,,,,HTTPError: HTTP Error 404: Not Found,2026-06-03T22:56:50+08:00,https://mxdzlk.com/item/?page_num=139
2120006,item,,item,mxdzlk_item,https://mxdzlk.com/item/2120006/,https://static.mapleartale.com/images/item/2120006.png,,missing,404,,,,HTTPError: HTTP Error 404: Not Found,2026-06-03T22:56:52+08:00,https://mxdzlk.com/item/?page_num=139
2120007,item,,item,mxdzlk_item,https://mxdzlk.com/item/2120007/,https://static.mapleartale.com/images/item/2120007.png,,missing,404,,,,HTTPError: HTTP Error 404: Not Found,2026-06-03T22:56:51+08:00,https://mxdzlk.com/item/?page_num=139
2120008,item,,item,mxdzlk_item,https://mxdzlk.com/item/2120008/,https://static.mapleartale.com/images/item/2120008.png,assets/items/raw/2120008.png,downloaded,200,image/png,744,e78d33e3164254ceeac279ab9f2c34fed36c690d145e470110fa8a50f0fb8bdf,,2026-06-03T22:56:52+08:00,https://mxdzlk.com/item/?page_num=139
2130000,item,,item,mxdzlk_item,https://mxdzlk.com/item/2130000/,https://static.mapleartale.com/images/item/2130000.png,assets/items/raw/2130000.png,downloaded,200,image/png,680,4b001e61165caacfde0f612d2a3421a36dff8b11af4642390faf1042a57e3add,,2026-06-03T22:56:51+08:00,https://mxdzlk.com/item/?page_num=139
2130001,item,,item,mxdzlk_item,https://mxdzlk.com/item/2130001/,https://static.mapleartale.com/images/item/2130001.png,assets/items/raw/2130001.png,downloaded,200,image/png,649,bc9af181ad97a675bf9909c8081281da75bac59fad8b777c8001b7d5c8a9806c,,2026-06-03T22:56:51+08:00,https://mxdzlk.com/item/?page_num=140
2130002,item,,item,mxdzlk_item,https://mxdzlk.com/item/2130002/,https://static.mapleartale.com/images/item/2130002.png,assets/items/raw/2130002.png,downloaded,200,image/png,1094,f119b72048f2733ce7c2bc7ebbbe5db4b606e4848fcc25a4454d9e04058a4f2e,,2026-06-03T22:56:53+08:00,https://mxdzlk.com/item/?page_num=140
2130003,item,,item,mxdzlk_item,https://mxdzlk.com/item/2130003/,https://static.mapleartale.com/images/item/2130003.png,assets/items/raw/2130003.png,downloaded,200,image/png,1109,2efda219b3411c442dc8cf180154acc40411940df18357846638014421553464,,2026-06-03T22:56:53+08:00,https://mxdzlk.com/item/?page_num=140
2140000,item,,item,mxdzlk_item,https://mxdzlk.com/item/2140000/,https://static.mapleartale.com/images/item/2140000.png,assets/items/raw/2140000.png,downloaded,200,image/png,819,553865cf4da74a93eba9128ca71873a4b5f82de595b2bbbd20244675e5cf7e47,,2026-06-03T22:56:52+08:00,https://mxdzlk.com/item/?page_num=140
2140001,item,,item,mxdzlk_item,https://mxdzlk.com/item/2140001/,https://static.mapleartale.com/images/item/2140001.png,assets/items/raw/2140001.png,downloaded,200,image/png,759,40d0833d9ba79465f21e65ee541d5f7b69832cae75598ee6249aab33ce37100c,,2026-06-03T22:57:07+08:00,https://mxdzlk.com/item/?page_num=140
2140002,item,,item,mxdzlk_item,https://mxdzlk.com/item/2140002/,https://static.mapleartale.com/images/item/2140002.png,assets/items/raw/2140002.png,downloaded,200,image/png,823,4b6e2b90c7a1b399ac996509a328bb5430682c68b7b92716297317efca08fb9f,,2026-06-03T22:56:53+08:00,https://mxdzlk.com/item/?page_num=140
2140003,item,,item,mxdzlk_item,https://mxdzlk.com/item/2140003/,https://static.mapleartale.com/images/item/2140003.png,,missing,404,,,,HTTPError: HTTP Error 404: Not Found,2026-06-03T22:56:54+08:00,https://mxdzlk.com/item/?page_num=140
2140004,item,,item,mxdzlk_item,https://mxdzlk.com/item/2140004/,https://static.mapleartale.com/images/item/2140004.png,,missing,404,,,,HTTPError: HTTP Error 404: Not Found,2026-06-03T22:56:53+08:00,https://mxdzlk.com/item/?page_num=140
2140005,item,,item,mxdzlk_item,https://mxdzlk.com/item/2140005/,https://static.mapleartale.com/images/item/2140005.png,,missing,404,,,,HTTPError: HTTP Error 404: Not Found,2026-06-03T22:56:53+08:00,https://mxdzlk.com/item/?page_num=140
2140006,item,,item,mxdzlk_item,https://mxdzlk.com/item/2140006/,https://static.mapleartale.com/images/item/2140006.png,,missing,404,,,,HTTPError: HTTP Error 404: Not Found,2026-06-03T22:56:55+08:00,https://mxdzlk.com/item/?page_num=140
2140007,item,,item,mxdzlk_item,https://mxdzlk.com/item/2140007/,https://static.mapleartale.com/images/item/2140007.png,,missing,404,,,,HTTPError: HTTP Error 404: Not Found,2026-06-03T22:56:53+08:00,https://mxdzlk.com/item/?page_num=141
2140008,item,,item,mxdzlk_item,https://mxdzlk.com/item/2140008/,https://static.mapleartale.com/images/item/2140008.png,,missing,404,,,,HTTPError: HTTP Error 404: Not Found,2026-06-03T22:56:54+08:00,https://mxdzlk.com/item/?page_num=141
2141001,item,,item,mxdzlk_item,https://mxdzlk.com/item/2141001/,https://static.mapleartale.com/images/item/2141001.png,,missing,404,,,,HTTPError: HTTP Error 404: Not Found,2026-06-03T22:56:54+08:00,https://mxdzlk.com/item/?page_num=141
2150000,item,,item,mxdzlk_item,https://mxdzlk.com/item/2150000/,https://static.mapleartale.com/images/item/2150000.png,assets/items/raw/2150000.png,downloaded,200,image/png,621,91b44fb154a710efdd7146f25f0577bac6b552f9704860326f82b40cbe213f9c,,2026-06-03T22:56:54+08:00,https://mxdzlk.com/item/?page_num=141
2160000,item,,item,mxdzlk_item,https://mxdzlk.com/item/2160000/,https://static.mapleartale.com/images/item/2160000.png,assets/items/raw/2160000.png,downloaded,200,image/png,749,1465a51866463d9f307bf11ba2f415447d17ff01bb61811f862c3954a192e3f0,,2026-06-03T22:56:56+08:00,https://mxdzlk.com/item/?page_num=141
2160100,item,,item,mxdzlk_item,https://mxdzlk.com/item/2160100/,https://static.mapleartale.com/images/item/2160100.png,assets/items/raw/2160100.png,downloaded,200,image/png,786,6c78aae0d8e772803d64d7a5183d3110bad504c4e613cc83d15ae3577167eb00,,2026-06-03T22:56:54+08:00,https://mxdzlk.com/item/?page_num=141
2160101,item,,item,mxdzlk_item,https://mxdzlk.com/item/2160101/,https://static.mapleartale.com/images/item/2160101.png,assets/items/raw/2160101.png,downloaded,200,image/png,642,021677a2728c39bd0e795e450f37e70af6d80656c978c59655f0f6a99536d81a,,2026-06-03T22:56:58+08:00,https://mxdzlk.com/item/?page_num=141
2170000,item,,item,mxdzlk_item,https://mxdzlk.com/item/2170000/,https://static.mapleartale.com/images/item/2170000.png,assets/items/raw/2170000.png,downloaded,200,image/png,1319,c9772d9bca0d9c064bf4b7742aa5b39c9a291a6aaf97877055c67d1f2a536531,,2026-06-03T22:56:55+08:00,https://mxdzlk.com/item/?page_num=141
2170001,item,,item,mxdzlk_item,https://mxdzlk.com/item/2170001/,https://static.mapleartale.com/images/item/2170001.png,assets/items/raw/2170001.png,downloaded,200,image/png,649,49e6d569c794d0404823ccce533ad114f24edbf8b89a8a7d010bbc87a0616470,,2026-06-03T22:56:56+08:00,https://mxdzlk.com/item/?page_num=141
2171000,item,,item,mxdzlk_item,https://mxdzlk.com/item/2171000/,https://static.mapleartale.com/images/item/2171000.png,assets/items/raw/2171000.png,downloaded,200,image/png,1188,d832c71c5d167c1d07f96ad05227fe206a906801964407c0aa20858d6c8ad451,,2026-06-03T22:56:56+08:00,https://mxdzlk.com/item/?page_num=141
2172000,item,,item,mxdzlk_item,https://mxdzlk.com/item/2172000/,https://static.mapleartale.com/images/item/2172000.png,assets/items/raw/2172000.png,downloaded,200,image/png,1028,fff13291e054f926c277490cc90f4c262f14b838ea378f39d2e17081199d27fb,,2026-06-03T22:56:55+08:00,https://mxdzlk.com/item/?page_num=142
2172001,item,,item,mxdzlk_item,https://mxdzlk.com/item/2172001/,https://static.mapleartale.com/images/item/2172001.png,assets/items/raw/2172001.png,downloaded,200,image/png,1028,fff13291e054f926c277490cc90f4c262f14b838ea378f39d2e17081199d27fb,,2026-06-03T22:56:58+08:00,https://mxdzlk.com/item/?page_num=142
2180000,item,,item,mxdzlk_item,https://mxdzlk.com/item/2180000/,https://static.mapleartale.com/images/item/2180000.png,assets/items/raw/2180000.png,downloaded,200,image/png,1191,7c874dd75eb7588e1f65b70ea20a71e4fb35099aeb1adbf13d55d6d66e589424,,2026-06-03T22:56:57+08:00,https://mxdzlk.com/item/?page_num=142
2180001,item,,item,mxdzlk_item,https://mxdzlk.com/item/2180001/,https://static.mapleartale.com/images/item/2180001.png,assets/items/raw/2180001.png,downloaded,200,image/png,1274,d32db5a56bd42608ce8149119f852e500eb37426051874a6875fa0024b318fa7,,2026-06-03T22:56:56+08:00,https://mxdzlk.com/item/?page_num=142
2180002,item,,item,mxdzlk_item,https://mxdzlk.com/item/2180002/,https://static.mapleartale.com/images/item/2180002.png,assets/items/raw/2180002.png,downloaded,200,image/png,1264,bf38e1f232fc16a4464e4699dedbfa1aaf1afcd88ce6112ce6fa22ca4693ce44,,2026-06-03T22:56:57+08:00,https://mxdzlk.com/item/?page_num=142
2180003,item,,item,mxdzlk_item,https://mxdzlk.com/item/2180003/,https://static.mapleartale.com/images/item/2180003.png,assets/items/raw/2180003.png,downloaded,200,image/png,1254,62a3d3fe2461a7f978c1bbaa1edd62acf7ada564b7734ece4160aa43ed92111e,,2026-06-03T22:56:57+08:00,https://mxdzlk.com/item/?page_num=142
2190000,item,,item,mxdzlk_item,https://mxdzlk.com/item/2190000/,https://static.mapleartale.com/images/item/2190000.png,assets/items/raw/2190000.png,downloaded,200,image/png,569,f85c0ad9b79b31534f69aabee683d759ea3a2bcd98aab094b78fff75949e67d5,,2026-06-03T22:56:57+08:00,https://mxdzlk.com/item/?page_num=142
2200000,item,,item,mxdzlk_item,https://mxdzlk.com/item/2200000/,https://static.mapleartale.com/images/item/2200000.png,assets/items/raw/2200000.png,downloaded,200,image/png,548,2bd3cff15a7ea1fc7683b7975bd0e6744313800e42a0940b7ead9361b59c189d,,2026-06-03T22:56:58+08:00,https://mxdzlk.com/item/?page_num=142
2200001,item,,item,mxdzlk_item,https://mxdzlk.com/item/2200001/,https://static.mapleartale.com/images/item/2200001.png,assets/items/raw/2200001.png,downloaded,200,image/png,585,4768f7dd3553d061020ef28cff27a34e1498324a16c9d329cba2cc51c4035dc6,,2026-06-03T22:56:58+08:00,https://mxdzlk.com/item/?page_num=142
2210000,item,,item,mxdzlk_item,https://mxdzlk.com/item/2210000/,https://static.mapleartale.com/images/item/2210000.png,assets/items/raw/2210000.png,downloaded,200,image/png,865,5da0c75435fe12e036428c30fd832b5c5426958ddebe17b2e9994342ee02e303,,2026-06-03T22:56:58+08:00,https://mxdzlk.com/item/?page_num=142
2210001,item,,item,mxdzlk_item,https://mxdzlk.com/item/2210001/,https://static.mapleartale.com/images/item/2210001.png,assets/items/raw/2210001.png,downloaded,200,image/png,961,fee54dad241bb46cdba353e6f18344317968be69d3a5bd49304a0ea6008fd057,,2026-06-03T22:56:58+08:00,https://mxdzlk.com/item/?page_num=143
2210002,item,,item,mxdzlk_item,https://mxdzlk.com/item/2210002/,https://static.mapleartale.com/images/item/2210002.png,assets/items/raw/2210002.png,downloaded,200,image/png,652,d7220f5d4f2359a76db08d0a4a5c21c21cab5badbe095735255569ac4fc69c8d,,2026-06-03T22:56:59+08:00,https://mxdzlk.com/item/?page_num=143
2210003,item,,item,mxdzlk_item,https://mxdzlk.com/item/2210003/,https://static.mapleartale.com/images/item/2210003.png,assets/items/raw/2210003.png,downloaded,200,image/png,714,b2cb30c31de043426eb311664dc23ad59d252ae631ff9f61ec5fda6dd8c11327,,2026-06-03T22:56:59+08:00,https://mxdzlk.com/item/?page_num=143
2210005,item,,item,mxdzlk_item,https://mxdzlk.com/item/2210005/,https://static.mapleartale.com/images/item/2210005.png,assets/items/raw/2210005.png,downloaded,200,image/png,714,b2cb30c31de043426eb311664dc23ad59d252ae631ff9f61ec5fda6dd8c11327,,2026-06-03T22:56:59+08:00,https://mxdzlk.com/item/?page_num=143
2210006,item,,item,mxdzlk_item,https://mxdzlk.com/item/2210006/,https://static.mapleartale.com/images/item/2210006.png,assets/items/raw/2210006.png,downloaded,200,image/png,945,47072275fb2309ea6db71ce275277e1d3dac11c0d098d00f95570e7838a120d2,,2026-06-03T22:57:00+08:00,https://mxdzlk.com/item/?page_num=143
2210007,item,,item,mxdzlk_item,https://mxdzlk.com/item/2210007/,https://static.mapleartale.com/images/item/2210007.png,assets/items/raw/2210007.png,downloaded,200,image/png,529,72a9fcbccd9f8f2d453d0768eb128862ff4ba9a5fb034c28980f2aaeecf1f148,,2026-06-03T22:56:59+08:00,https://mxdzlk.com/item/?page_num=143
2210008,item,,item,mxdzlk_item,https://mxdzlk.com/item/2210008/,https://static.mapleartale.com/images/item/2210008.png,assets/items/raw/2210008.png,downloaded,200,image/png,529,72a9fcbccd9f8f2d453d0768eb128862ff4ba9a5fb034c28980f2aaeecf1f148,,2026-06-03T22:57:00+08:00,https://mxdzlk.com/item/?page_num=143
2210009,item,,item,mxdzlk_item,https://mxdzlk.com/item/2210009/,https://static.mapleartale.com/images/item/2210009.png,assets/items/raw/2210009.png,downloaded,200,image/png,902,831eefc1c375e19bc6e70aef6f9ce408735eb2cd367e7a8d3b6062b8d7f792ed,,2026-06-03T22:56:59+08:00,https://mxdzlk.com/item/?page_num=143
2210010,item,,item,mxdzlk_item,https://mxdzlk.com/item/2210010/,https://static.mapleartale.com/images/item/2210010.png,assets/items/raw/2210010.png,downloaded,200,image/png,1289,e11e046594db1cb88f15a514588951a72fadff9a27fd35ed0948cf9594105883,,2026-06-03T22:57:00+08:00,https://mxdzlk.com/item/?page_num=143
2210011,item,,item,mxdzlk_item,https://mxdzlk.com/item/2210011/,https://static.mapleartale.com/images/item/2210011.png,assets/items/raw/2210011.png,downloaded,200,image/png,1289,e11e046594db1cb88f15a514588951a72fadff9a27fd35ed0948cf9594105883,,2026-06-03T22:57:00+08:00,https://mxdzlk.com/item/?page_num=143
2210012,item,,item,mxdzlk_item,https://mxdzlk.com/item/2210012/,https://static.mapleartale.com/images/item/2210012.png,assets/items/raw/2210012.png,downloaded,200,image/png,521,c2081fd86bcbaf8197a54f776bd577063b2a830a101874ca7af0bf88e6fd8a39,,2026-06-03T22:57:00+08:00,https://mxdzlk.com/item/?page_num=144
2210013,item,,item,mxdzlk_item,https://mxdzlk.com/item/2210013/,https://static.mapleartale.com/images/item/2210013.png,assets/items/raw/2210013.png,downloaded,200,image/png,683,5cb3590943bf71cb02196018163b6e56a172833a3c8ab0a0e97d4038618fc4d4,,2026-06-03T22:57:01+08:00,https://mxdzlk.com/item/?page_num=144
2210014,item,,item,mxdzlk_item,https://mxdzlk.com/item/2210014/,https://static.mapleartale.com/images/item/2210014.png,assets/items/raw/2210014.png,downloaded,200,image/png,728,c4fd46e1ea41c4c0b4caab3848a570229df7da5a84509825c784cd8322afd83c,,2026-06-03T22:57:01+08:00,https://mxdzlk.com/item/?page_num=144
2210015,item,,item,mxdzlk_item,https://mxdzlk.com/item/2210015/,https://static.mapleartale.com/images/item/2210015.png,assets/items/raw/2210015.png,downloaded,200,image/png,714,b2cb30c31de043426eb311664dc23ad59d252ae631ff9f61ec5fda6dd8c11327,,2026-06-03T22:57:01+08:00,https://mxdzlk.com/item/?page_num=144
2210019,item,,item,mxdzlk_item,https://mxdzlk.com/item/2210019/,https://static.mapleartale.com/images/item/2210019.png,assets/items/raw/2210019.png,downloaded,200,image/png,521,c2081fd86bcbaf8197a54f776bd577063b2a830a101874ca7af0bf88e6fd8a39,,2026-06-03T22:57:03+08:00,https://mxdzlk.com/item/?page_num=144
2210020,item,,item,mxdzlk_item,https://mxdzlk.com/item/2210020/,https://static.mapleartale.com/images/item/2210020.png,assets/items/raw/2210020.png,downloaded,200,image/png,521,c2081fd86bcbaf8197a54f776bd577063b2a830a101874ca7af0bf88e6fd8a39,,2026-06-03T22:57:02+08:00,https://mxdzlk.com/item/?page_num=144
2210022,item,,item,mxdzlk_item,https://mxdzlk.com/item/2210022/,https://static.mapleartale.com/images/item/2210022.png,assets/items/raw/2210022.png,downloaded,200,image/png,1289,e11e046594db1cb88f15a514588951a72fadff9a27fd35ed0948cf9594105883,,2026-06-03T22:57:01+08:00,https://mxdzlk.com/item/?page_num=144
2210024,item,,item,mxdzlk_item,https://mxdzlk.com/item/2210024/,https://static.mapleartale.com/images/item/2210024.png,,missing,404,,,,HTTPError: HTTP Error 404: Not Found,2026-06-03T22:57:02+08:00,https://mxdzlk.com/item/?page_num=144
2210029,item,,item,mxdzlk_item,https://mxdzlk.com/item/2210029/,https://static.mapleartale.com/images/item/2210029.png,assets/items/raw/2210029.png,downloaded,200,image/png,744,72a1bca04684b53e4ae234c72af48cdcd7f6eb2e14645e364413e76765db5090,,2026-06-03T22:57:02+08:00,https://mxdzlk.com/item/?page_num=144
2210031,item,,item,mxdzlk_item,https://mxdzlk.com/item/2210031/,https://static.mapleartale.com/images/item/2210031.png,assets/items/raw/2210031.png,downloaded,200,image/png,1289,e11e046594db1cb88f15a514588951a72fadff9a27fd35ed0948cf9594105883,,2026-06-03T22:57:02+08:00,https://mxdzlk.com/item/?page_num=144
2210034,item,,item,mxdzlk_item,https://mxdzlk.com/item/2210034/,https://static.mapleartale.com/images/item/2210034.png,assets/items/raw/2210034.png,downloaded,200,image/png,652,d7220f5d4f2359a76db08d0a4a5c21c21cab5badbe095735255569ac4fc69c8d,,2026-06-03T22:57:02+08:00,https://mxdzlk.com/item/?page_num=145
2210035,item,,item,mxdzlk_item,https://mxdzlk.com/item/2210035/,https://static.mapleartale.com/images/item/2210035.png,assets/items/raw/2210035.png,downloaded,200,image/png,696,d7ea383530a3035920f70c432789a4ceabb9e257ebbfe9ed7705426e635e394e,,2026-06-03T22:57:02+08:00,https://mxdzlk.com/item/?page_num=145
2210036,item,,item,mxdzlk_item,https://mxdzlk.com/item/2210036/,https://static.mapleartale.com/images/item/2210036.png,assets/items/raw/2210036.png,downloaded,200,image/png,640,34f5c96fc142b3b71ca10c4029d0c736e8719fda73c7b9427e057ab9ea913605,,2026-06-03T22:57:03+08:00,https://mxdzlk.com/item/?page_num=145
2210037,item,,item,mxdzlk_item,https://mxdzlk.com/item/2210037/,https://static.mapleartale.com/images/item/2210037.png,assets/items/raw/2210037.png,downloaded,200,image/png,603,6e53969c4e7ab4985f4da5f02290ee0cc8d39e34ed02c5075ec95c51334fab38,,2026-06-03T22:57:03+08:00,https://mxdzlk.com/item/?page_num=145
2210038,item,,item,mxdzlk_item,https://mxdzlk.com/item/2210038/,https://static.mapleartale.com/images/item/2210038.png,assets/items/raw/2210038.png,downloaded,200,image/png,713,87dbe24ef2c94407120060e52de3ca53f5afcdd93149ee683ffbf898a9e304cf,,2026-06-03T22:57:03+08:00,https://mxdzlk.com/item/?page_num=145
2210039,item,,item,mxdzlk_item,https://mxdzlk.com/item/2210039/,https://static.mapleartale.com/images/item/2210039.png,assets/items/raw/2210039.png,downloaded,200,image/png,617,6450e69ca38ffcc958fbb393b1231f123c996e165146dcb0ddf13b97a827c89a,,2026-06-03T22:57:03+08:00,https://mxdzlk.com/item/?page_num=145
2211000,item,,item,mxdzlk_item,https://mxdzlk.com/item/2211000/,https://static.mapleartale.com/images/item/2211000.png,assets/items/raw/2211000.png,downloaded,200,image/png,1244,2ffdbfa55c59f6899e969c74df68914b0e104fcdc587afec3e96d6418a49257a,,2026-06-03T22:57:03+08:00,https://mxdzlk.com/item/?page_num=145
2212000,item,,item,mxdzlk_item,https://mxdzlk.com/item/2212000/,https://static.mapleartale.com/images/item/2212000.png,assets/items/raw/2212000.png,downloaded,200,image/png,1271,7cce72aad3b91625ff0d21f195e46659bb3c7d8b06ecca059f249c4ee64b9b20,,2026-06-03T22:57:04+08:00,https://mxdzlk.com/item/?page_num=145
2260000,item,,item,mxdzlk_item,https://mxdzlk.com/item/2260000/,https://static.mapleartale.com/images/item/2260000.png,assets/items/raw/2260000.png,downloaded,200,image/png,622,dfc238272556fec2a3329ac99a3df5c78d1438ad4d41952805abce4efb52d235,,2026-06-03T22:57:05+08:00,https://mxdzlk.com/item/?page_num=145
2270000,item,,item,mxdzlk_item,https://mxdzlk.com/item/2270000/,https://static.mapleartale.com/images/item/2270000.png,assets/items/raw/2270000.png,downloaded,200,image/png,826,a117b72cdfa4d853bf64faf78eb6cd5e118c498c0549d744bead70e9ab47cd9b,,2026-06-03T22:57:04+08:00,https://mxdzlk.com/item/?page_num=145
2270001,item,,item,mxdzlk_item,https://mxdzlk.com/item/2270001/,https://static.mapleartale.com/images/item/2270001.png,assets/items/raw/2270001.png,downloaded,200,image/png,634,6b96293afe2a28282093b6b4f57e50409d299f3f4ac2c8e36553a128761ef6e2,,2026-06-03T22:57:04+08:00,https://mxdzlk.com/item/?page_num=146
2270002,item,,item,mxdzlk_item,https://mxdzlk.com/item/2270002/,https://static.mapleartale.com/images/item/2270002.png,assets/items/raw/2270002.png,downloaded,200,image/png,989,53a08213f62f5167e01d566a27f5c6a5e5e334ecfc131381bcbf6a21c585689e,,2026-06-03T22:57:04+08:00,https://mxdzlk.com/item/?page_num=146
2270003,item,,item,mxdzlk_item,https://mxdzlk.com/item/2270003/,https://static.mapleartale.com/images/item/2270003.png,assets/items/raw/2270003.png,downloaded,200,image/png,510,0c615e14965b63d5db4e1bdae7eb91e341ec0ee50122df7a07f4f961207c028f,,2026-06-03T22:57:05+08:00,https://mxdzlk.com/item/?page_num=146
2270004,item,,item,mxdzlk_item,https://mxdzlk.com/item/2270004/,https://static.mapleartale.com/images/item/2270004.png,assets/items/raw/2270004.png,downloaded,200,image/png,716,65c10f83deb9aca48a029ac029a3265f8492650e3613d364a70f2a38ede52e78,,2026-06-03T22:57:06+08:00,https://mxdzlk.com/item/?page_num=146
2280000,item,,item,mxdzlk_item,https://mxdzlk.com/item/2280000/,https://static.mapleartale.com/images/item/2280000.png,assets/items/raw/2280000.png,downloaded,200,image/png,948,dfe965235897d806504af47316720426891b2cad93b438de87d7a188440fc42a,,2026-06-03T22:57:06+08:00,https://mxdzlk.com/item/?page_num=146
2280001,item,,item,mxdzlk_item,https://mxdzlk.com/item/2280001/,https://static.mapleartale.com/images/item/2280001.png,assets/items/raw/2280001.png,downloaded,200,image/png,594,000c6cb0d8058e7a78103c5d99e119d2fc7439e39d19d6e70117dd33d3b67b09,,2026-06-03T22:57:05+08:00,https://mxdzlk.com/item/?page_num=146
2280002,item,,item,mxdzlk_item,https://mxdzlk.com/item/2280002/,https://static.mapleartale.com/images/item/2280002.png,assets/items/raw/2280002.png,downloaded,200,image/png,833,f5302baa54952f1f500a97c1d6b9ab7a226e928454ae1715757adbd4e6cda888,,2026-06-03T22:57:06+08:00,https://mxdzlk.com/item/?page_num=146
2280003,item,,item,mxdzlk_item,https://mxdzlk.com/item/2280003/,https://static.mapleartale.com/images/item/2280003.png,assets/items/raw/2280003.png,downloaded,200,image/png,787,449465dc79ac22c3b948d5887760a895ee1e8b4c0ac14e15a5348a8fa3189d37,,2026-06-03T22:57:05+08:00,https://mxdzlk.com/item/?page_num=146
2280004,item,,item,mxdzlk_item,https://mxdzlk.com/item/2280004/,https://static.mapleartale.com/images/item/2280004.png,assets/items/raw/2280004.png,downloaded,200,image/png,764,2ffb237d3c80a0a307406b62c3844fb576a39702a5f7c8ee033abeb4942fb584,,2026-06-03T22:57:06+08:00,https://mxdzlk.com/item/?page_num=146
2280005,item,,item,mxdzlk_item,https://mxdzlk.com/item/2280005/,https://static.mapleartale.com/images/item/2280005.png,assets/items/raw/2280005.png,downloaded,200,image/png,779,129e0cf09bb944f38c0c74b59236ea3250eda78b48eca99a45e66144e9cfdde4,,2026-06-03T22:57:07+08:00,https://mxdzlk.com/item/?page_num=146
2280006,item,,item,mxdzlk_item,https://mxdzlk.com/item/2280006/,https://static.mapleartale.com/images/item/2280006.png,assets/items/raw/2280006.png,downloaded,200,image/png,586,a1b3fc9d8b61a742b782b8a6e83e6178fb91f6ea2c980ff804024176321c8025,,2026-06-03T22:57:07+08:00,https://mxdzlk.com/item/?page_num=147
2280007,item,,item,mxdzlk_item,https://mxdzlk.com/item/2280007/,https://static.mapleartale.com/images/item/2280007.png,assets/items/raw/2280007.png,downloaded,200,image/png,757,4d8c4f7cf7d11ddb30951dc9204972b50c8ad95b206734396d8d6494d0c202b7,,2026-06-03T22:57:07+08:00,https://mxdzlk.com/item/?page_num=147
2280008,item,,item,mxdzlk_item,https://mxdzlk.com/item/2280008/,https://static.mapleartale.com/images/item/2280008.png,assets/items/raw/2280008.png,downloaded,200,image/png,747,d86a82547a8638800ea06e18515548b684cea13b823cfa080cfb529cf9ab7b70,,2026-06-03T22:57:06+08:00,https://mxdzlk.com/item/?page_num=147
2280009,item,,item,mxdzlk_item,https://mxdzlk.com/item/2280009/,https://static.mapleartale.com/images/item/2280009.png,assets/items/raw/2280009.png,downloaded,200,image/png,635,12ac83abf13806e9f5ee734867d14461dc9d04d6b08227378d0d88359c8b2c40,,2026-06-03T22:57:08+08:00,https://mxdzlk.com/item/?page_num=147
2280010,item,,item,mxdzlk_item,https://mxdzlk.com/item/2280010/,https://static.mapleartale.com/images/item/2280010.png,assets/items/raw/2280010.png,downloaded,200,image/png,805,3fe9d101a602b0cc541e82f27080bfa06c5d52f1c20111d21cef3b85257a1816,,2026-06-03T22:57:08+08:00,https://mxdzlk.com/item/?page_num=147
2280011,item,,item,mxdzlk_item,https://mxdzlk.com/item/2280011/,https://static.mapleartale.com/images/item/2280011.png,assets/items/raw/2280011.png,downloaded,200,image/png,592,3ebb4b9f0c1c71986b9d7d9b2b0385c9147db3744abaf942304f153b8952c656,,2026-06-03T22:57:07+08:00,https://mxdzlk.com/item/?page_num=147
2280012,item,,item,mxdzlk_item,https://mxdzlk.com/item/2280012/,https://static.mapleartale.com/images/item/2280012.png,assets/items/raw/2280012.png,downloaded,200,image/png,662,5dbcf3bd37ef2245e6b2f9939bdbf5f92b87198960038b76c2ddce437b8feffc,,2026-06-03T22:57:07+08:00,https://mxdzlk.com/item/?page_num=147
2280013,item,,item,mxdzlk_item,https://mxdzlk.com/item/2280013/,https://static.mapleartale.com/images/item/2280013.png,assets/items/raw/2280013.png,downloaded,200,image/png,734,4d744812aee26de214656451f93add258cbd1a93514045fbf17fe61dc3640ae1,,2026-06-03T22:57:08+08:00,https://mxdzlk.com/item/?page_num=147
2280014,item,,item,mxdzlk_item,https://mxdzlk.com/item/2280014/,https://static.mapleartale.com/images/item/2280014.png,assets/items/raw/2280014.png,downloaded,200,image/png,581,22a5e3149e8df2e5ce682fc824b118aa45273d3b2f78f178e488485282929e2f,,2026-06-03T22:57:10+08:00,https://mxdzlk.com/item/?page_num=147
2280015,item,,item,mxdzlk_item,https://mxdzlk.com/item/2280015/,https://static.mapleartale.com/images/item/2280015.png,assets/items/raw/2280015.png,downloaded,200,image/png,917,74099bb3cdce07270d59d7f1c347dce8ab9fdc21fe25869c1ed9b2f6779ac155,,2026-06-03T22:57:08+08:00,https://mxdzlk.com/item/?page_num=147
2280016,item,,item,mxdzlk_item,https://mxdzlk.com/item/2280016/,https://static.mapleartale.com/images/item/2280016.png,assets/items/raw/2280016.png,downloaded,200,image/png,729,c3fa26cde67de6748a577848d783adabccf2085301ec656936c17b2a57cd2d28,,2026-06-03T22:57:09+08:00,https://mxdzlk.com/item/?page_num=148
2280017,item,,item,mxdzlk_item,https://mxdzlk.com/item/2280017/,https://static.mapleartale.com/images/item/2280017.png,assets/items/raw/2280017.png,downloaded,200,image/png,729,c3fa26cde67de6748a577848d783adabccf2085301ec656936c17b2a57cd2d28,,2026-06-03T22:57:10+08:00,https://mxdzlk.com/item/?page_num=148
2280018,item,,item,mxdzlk_item,https://mxdzlk.com/item/2280018/,https://static.mapleartale.com/images/item/2280018.png,assets/items/raw/2280018.png,downloaded,200,image/png,729,c3fa26cde67de6748a577848d783adabccf2085301ec656936c17b2a57cd2d28,,2026-06-03T22:57:10+08:00,https://mxdzlk.com/item/?page_num=148
2280019,item,,item,mxdzlk_item,https://mxdzlk.com/item/2280019/,https://static.mapleartale.com/images/item/2280019.png,assets/items/raw/2280019.png,downloaded,200,image/png,729,c3fa26cde67de6748a577848d783adabccf2085301ec656936c17b2a57cd2d28,,2026-06-03T22:57:10+08:00,https://mxdzlk.com/item/?page_num=148
2280020,item,,item,mxdzlk_item,https://mxdzlk.com/item/2280020/,https://static.mapleartale.com/images/item/2280020.png,assets/items/raw/2280020.png,downloaded,200,image/png,729,c3fa26cde67de6748a577848d783adabccf2085301ec656936c17b2a57cd2d28,,2026-06-03T22:57:10+08:00,https://mxdzlk.com/item/?page_num=148
2280021,item,,item,mxdzlk_item,https://mxdzlk.com/item/2280021/,https://static.mapleartale.com/images/item/2280021.png,assets/items/raw/2280021.png,downloaded,200,image/png,729,c3fa26cde67de6748a577848d783adabccf2085301ec656936c17b2a57cd2d28,,2026-06-03T22:57:09+08:00,https://mxdzlk.com/item/?page_num=148
2280022,item,,item,mxdzlk_item,https://mxdzlk.com/item/2280022/,https://static.mapleartale.com/images/item/2280022.png,assets/items/raw/2280022.png,downloaded,200,image/png,729,c3fa26cde67de6748a577848d783adabccf2085301ec656936c17b2a57cd2d28,,2026-06-03T22:57:09+08:00,https://mxdzlk.com/item/?page_num=148
2280023,item,,item,mxdzlk_item,https://mxdzlk.com/item/2280023/,https://static.mapleartale.com/images/item/2280023.png,assets/items/raw/2280023.png,downloaded,200,image/png,729,c3fa26cde67de6748a577848d783adabccf2085301ec656936c17b2a57cd2d28,,2026-06-03T22:57:10+08:00,https://mxdzlk.com/item/?page_num=148
2280024,item,,item,mxdzlk_item,https://mxdzlk.com/item/2280024/,https://static.mapleartale.com/images/item/2280024.png,assets/items/raw/2280024.png,downloaded,200,image/png,729,c3fa26cde67de6748a577848d783adabccf2085301ec656936c17b2a57cd2d28,,2026-06-03T22:57:13+08:00,https://mxdzlk.com/item/?page_num=148
2280025,item,,item,mxdzlk_item,https://mxdzlk.com/item/2280025/,https://static.mapleartale.com/images/item/2280025.png,assets/items/raw/2280025.png,downloaded,200,image/png,729,c3fa26cde67de6748a577848d783adabccf2085301ec656936c17b2a57cd2d28,,2026-06-03T22:57:11+08:00,https://mxdzlk.com/item/?page_num=148
2290000,item,,item,mxdzlk_item,https://mxdzlk.com/item/2290000/,https://static.mapleartale.com/images/item/2290000.png,assets/items/raw/2290000.png,downloaded,200,image/png,746,6dee58984087a16488492abfc20c9e6f68b3dc1de50abb9939ebb4060c902f35,,2026-06-03T22:57:11+08:00,https://mxdzlk.com/item/?page_num=149
2290001,item,,item,mxdzlk_item,https://mxdzlk.com/item/2290001/,https://static.mapleartale.com/images/item/2290001.png,assets/items/raw/2290001.png,downloaded,200,image/png,745,7ed79dda00c625ea4f895d9e41b2e7e09e145a4f22f97c224bcefe9d8d26ad87,,2026-06-03T22:57:11+08:00,https://mxdzlk.com/item/?page_num=149
2290002,item,,item,mxdzlk_item,https://mxdzlk.com/item/2290002/,https://static.mapleartale.com/images/item/2290002.png,assets/items/raw/2290002.png,downloaded,200,image/png,819,94400357f09303abfe04a538feaa2f5e275cb95ff9c61bf600c6a75fa969a4b1,,2026-06-03T22:57:11+08:00,https://mxdzlk.com/item/?page_num=149
2290003,item,,item,mxdzlk_item,https://mxdzlk.com/item/2290003/,https://static.mapleartale.com/images/item/2290003.png,assets/items/raw/2290003.png,downloaded,200,image/png,820,9baadcb4bd495f89d0852325aa521f3a8f0b4bc7eabe9b0a8d05315461329677,,2026-06-03T22:57:11+08:00,https://mxdzlk.com/item/?page_num=149
2290004,item,,item,mxdzlk_item,https://mxdzlk.com/item/2290004/,https://static.mapleartale.com/images/item/2290004.png,assets/items/raw/2290004.png,downloaded,200,image/png,677,de7544e3e2065a1006135fa43e8fdefe27665fc0fb2c1f8f94a6940a2eca5ece,,2026-06-03T22:57:12+08:00,https://mxdzlk.com/item/?page_num=149
2290005,item,,item,mxdzlk_item,https://mxdzlk.com/item/2290005/,https://static.mapleartale.com/images/item/2290005.png,assets/items/raw/2290005.png,downloaded,200,image/png,674,22a1d962d0511af7faeaa618aec47657066b034347d2759a9e9e96ebf5b5c669,,2026-06-03T22:57:12+08:00,https://mxdzlk.com/item/?page_num=149
2290006,item,,item,mxdzlk_item,https://mxdzlk.com/item/2290006/,https://static.mapleartale.com/images/item/2290006.png,assets/items/raw/2290006.png,downloaded,200,image/png,912,0bed5457b56eb512294a79fa4610c7bc1bcdab655f02319bb79c6c299608a55b,,2026-06-03T22:57:11+08:00,https://mxdzlk.com/item/?page_num=149
2290007,item,,item,mxdzlk_item,https://mxdzlk.com/item/2290007/,https://static.mapleartale.com/images/item/2290007.png,assets/items/raw/2290007.png,downloaded,200,image/png,910,4497fb04c0e2b092b2255eb98d7d2de5bfc78b54377178ae70468e04a0819f3e,,2026-06-03T22:57:13+08:00,https://mxdzlk.com/item/?page_num=149
2290008,item,,item,mxdzlk_item,https://mxdzlk.com/item/2290008/,https://static.mapleartale.com/images/item/2290008.png,assets/items/raw/2290008.png,downloaded,200,image/png,806,0d90f87448a4b2c22f22739fa58c8c58f277974ee4bd7f9fcbe9b0f30cd5c8a0,,2026-06-03T22:57:13+08:00,https://mxdzlk.com/item/?page_num=149
2290009,item,,item,mxdzlk_item,https://mxdzlk.com/item/2290009/,https://static.mapleartale.com/images/item/2290009.png,assets/items/raw/2290009.png,downloaded,200,image/png,804,a9c3d80128b65d8dd2564c3d5ecd7c2c8f8db1c5aea5b68b24241cdb733fc0da,,2026-06-03T22:57:13+08:00,https://mxdzlk.com/item/?page_num=149
2290010,item,,item,mxdzlk_item,https://mxdzlk.com/item/2290010/,https://static.mapleartale.com/images/item/2290010.png,assets/items/raw/2290010.png,downloaded,200,image/png,797,e3567cd206e838f3316918d091352789eab4c4599c62189f4c831b41b7f4a6bf,,2026-06-03T22:57:14+08:00,https://mxdzlk.com/item/?page_num=150
2290011,item,,item,mxdzlk_item,https://mxdzlk.com/item/2290011/,https://static.mapleartale.com/images/item/2290011.png,assets/items/raw/2290011.png,downloaded,200,image/png,794,962aa81a6ddf054f248ad2c67188966e901558f6e932062b817332aa203e4e6d,,2026-06-03T22:57:13+08:00,https://mxdzlk.com/item/?page_num=150
2290012,item,,item,mxdzlk_item,https://mxdzlk.com/item/2290012/,https://static.mapleartale.com/images/item/2290012.png,assets/items/raw/2290012.png,downloaded,200,image/png,668,441cd31535c052fbeb1ab632e4e9f3b527e0a918e5891f354b66c6c100cf0d35,,2026-06-03T22:57:18+08:00,https://mxdzlk.com/item/?page_num=150
2290013,item,,item,mxdzlk_item,https://mxdzlk.com/item/2290013/,https://static.mapleartale.com/images/item/2290013.png,assets/items/raw/2290013.png,downloaded,200,image/png,667,dbb19ce80f02442c819697cb6c0f99da578feb7c47691f77bfd74dbd41f93726,,2026-06-03T22:57:13+08:00,https://mxdzlk.com/item/?page_num=150
2290014,item,,item,mxdzlk_item,https://mxdzlk.com/item/2290014/,https://static.mapleartale.com/images/item/2290014.png,assets/items/raw/2290014.png,downloaded,200,image/png,812,752a046ecbe22180f17b2e69bfcdaaddadaa139fa989b6e13df51538629059dc,,2026-06-03T22:57:14+08:00,https://mxdzlk.com/item/?page_num=150
2290015,item,,item,mxdzlk_item,https://mxdzlk.com/item/2290015/,https://static.mapleartale.com/images/item/2290015.png,assets/items/raw/2290015.png,downloaded,200,image/png,814,e918f85dc6bf48be22f12f2abd17297c937813c939ea513e7e04257e404f6985,,2026-06-03T22:57:15+08:00,https://mxdzlk.com/item/?page_num=150
2290016,item,,item,mxdzlk_item,https://mxdzlk.com/item/2290016/,https://static.mapleartale.com/images/item/2290016.png,assets/items/raw/2290016.png,downloaded,200,image/png,873,b16d767020f13fcc792c7bb9a968577b08b322d44c13ef175a5f8fb7f5c429ac,,2026-06-03T22:57:14+08:00,https://mxdzlk.com/item/?page_num=150
2290017,item,,item,mxdzlk_item,https://mxdzlk.com/item/2290017/,https://static.mapleartale.com/images/item/2290017.png,assets/items/raw/2290017.png,downloaded,200,image/png,874,b3ffda2d6157601463e68b6ad1a29446ac83ca3a76504a6c0704a51f89f4ac36,,2026-06-03T22:57:14+08:00,https://mxdzlk.com/item/?page_num=150
2290018,item,,item,mxdzlk_item,https://mxdzlk.com/item/2290018/,https://static.mapleartale.com/images/item/2290018.png,assets/items/raw/2290018.png,downloaded,200,image/png,846,f537a9a2de7e9c848879e43c9a3f4598b03f4ae60e3e3dad352d49a39ca34374,,2026-06-03T22:57:14+08:00,https://mxdzlk.com/item/?page_num=150
2290019,item,,item,mxdzlk_item,https://mxdzlk.com/item/2290019/,https://static.mapleartale.com/images/item/2290019.png,assets/items/raw/2290019.png,downloaded,200,image/png,822,b06c8793fa3d186733aa9ba0a2579e4259383e5661577c2bd195d55908e45ccc,,2026-06-03T22:57:14+08:00,https://mxdzlk.com/item/?page_num=150
2290020,item,,item,mxdzlk_item,https://mxdzlk.com/item/2290020/,https://static.mapleartale.com/images/item/2290020.png,assets/items/raw/2290020.png,downloaded,200,image/png,824,035875d1f90bde02342f2954b1d01f51451cfd5a462ca74d6c6538d19116675a,,2026-06-03T22:57:14+08:00,https://mxdzlk.com/item/?page_num=151
2290021,item,,item,mxdzlk_item,https://mxdzlk.com/item/2290021/,https://static.mapleartale.com/images/item/2290021.png,assets/items/raw/2290021.png,downloaded,200,image/png,822,a98749835146992311c4ddd93220bb89816f58bb46a7fb699410c4f869e2231c,,2026-06-03T22:57:15+08:00,https://mxdzlk.com/item/?page_num=151
2290022,item,,item,mxdzlk_item,https://mxdzlk.com/item/2290022/,https://static.mapleartale.com/images/item/2290022.png,assets/items/raw/2290022.png,downloaded,200,image/png,782,5d0923233f0a69455d27dbb31e33cba3e57da542c5f8f6629030e2e0d4f87108,,2026-06-03T22:57:15+08:00,https://mxdzlk.com/item/?page_num=151
2290023,item,,item,mxdzlk_item,https://mxdzlk.com/item/2290023/,https://static.mapleartale.com/images/item/2290023.png,assets/items/raw/2290023.png,downloaded,200,image/png,779,b6d25712a310ec854e40bf7d44a9a7752fa3a06570bae2b170f5b0dd7c70875b,,2026-06-03T22:57:15+08:00,https://mxdzlk.com/item/?page_num=151
2290024,item,,item,mxdzlk_item,https://mxdzlk.com/item/2290024/,https://static.mapleartale.com/images/item/2290024.png,assets/items/raw/2290024.png,downloaded,200,image/png,681,adc325563edc7d84c87dc609b50de657fda4df4b20e7658dd07bdd8fabf7ece3,,2026-06-03T22:57:15+08:00,https://mxdzlk.com/item/?page_num=151
2290025,item,,item,mxdzlk_item,https://mxdzlk.com/item/2290025/,https://static.mapleartale.com/images/item/2290025.png,assets/items/raw/2290025.png,downloaded,200,image/png,680,26a3f3607dcba60efe2b36ce10d83748669ce3ec16eb50462b319db05ae8e55f,,2026-06-03T22:57:16+08:00,https://mxdzlk.com/item/?page_num=151
2290026,item,,item,mxdzlk_item,https://mxdzlk.com/item/2290026/,https://static.mapleartale.com/images/item/2290026.png,assets/items/raw/2290026.png,downloaded,200,image/png,648,9d05eabc8042946dddad0974ccdb5c0a990ef5de245abc1e79e9ddd3b2e4e2f2,,2026-06-03T22:57:15+08:00,https://mxdzlk.com/item/?page_num=151
2290027,item,,item,mxdzlk_item,https://mxdzlk.com/item/2290027/,https://static.mapleartale.com/images/item/2290027.png,assets/items/raw/2290027.png,downloaded,200,image/png,643,34aed8cefae478133558136c3f88efcfbb8de47b8f53d17121c5a59cff8411e8,,2026-06-03T22:57:16+08:00,https://mxdzlk.com/item/?page_num=151
2290028,item,,item,mxdzlk_item,https://mxdzlk.com/item/2290028/,https://static.mapleartale.com/images/item/2290028.png,assets/items/raw/2290028.png,downloaded,200,image/png,814,303cccbebce17ea38680f942db01eeeda55a5d14c7e53ae09019ae920325b832,,2026-06-03T22:57:16+08:00,https://mxdzlk.com/item/?page_num=151
2290029,item,,item,mxdzlk_item,https://mxdzlk.com/item/2290029/,https://static.mapleartale.com/images/item/2290029.png,assets/items/raw/2290029.png,downloaded,200,image/png,813,13627a1cc37b22d640d8e00ac01f7fedd23297e5d5a532670e0eee74e5db3723,,2026-06-03T22:57:16+08:00,https://mxdzlk.com/item/?page_num=151
2290030,item,,item,mxdzlk_item,https://mxdzlk.com/item/2290030/,https://static.mapleartale.com/images/item/2290030.png,assets/items/raw/2290030.png,downloaded,200,image/png,812,c39d72d82b99d00830ae507c046c28e5ef60fd8083b21498b0cd7775fd4528aa,,2026-06-03T22:57:16+08:00,https://mxdzlk.com/item/?page_num=152
2290031,item,,item,mxdzlk_item,https://mxdzlk.com/item/2290031/,https://static.mapleartale.com/images/item/2290031.png,assets/items/raw/2290031.png,downloaded,200,image/png,813,353e189aba7caa8e40fb02c21597d0af6b66940e0bfaaed947613f1cc738a215,,2026-06-03T22:57:16+08:00,https://mxdzlk.com/item/?page_num=152
2290032,item,,item,mxdzlk_item,https://mxdzlk.com/item/2290032/,https://static.mapleartale.com/images/item/2290032.png,assets/items/raw/2290032.png,downloaded,200,image/png,750,5139a104b9f9fcb2d96aa7bf9e882509781f79a995d847f2685cf503c5457497,,2026-06-03T22:57:18+08:00,https://mxdzlk.com/item/?page_num=152
2290033,item,,item,mxdzlk_item,https://mxdzlk.com/item/2290033/,https://static.mapleartale.com/images/item/2290033.png,assets/items/raw/2290033.png,downloaded,200,image/png,748,7d130136468a968c8c16815609e1bfb19f995ebf8f78ef734948b6ff5f7e53b1,,2026-06-03T22:57:17+08:00,https://mxdzlk.com/item/?page_num=152
2290034,item,,item,mxdzlk_item,https://mxdzlk.com/item/2290034/,https://static.mapleartale.com/images/item/2290034.png,assets/items/raw/2290034.png,downloaded,200,image/png,848,9c4705189e9a4b9d2e7d625cd515b410de2ed7fca028e9e80f3b77a40e67c96c,,2026-06-03T22:57:24+08:00,https://mxdzlk.com/item/?page_num=152
2290035,item,,item,mxdzlk_item,https://mxdzlk.com/item/2290035/,https://static.mapleartale.com/images/item/2290035.png,assets/items/raw/2290035.png,downloaded,200,image/png,848,abb9ea5fe6c6411583696951e40d6633eb917b81b1c8043ac58d4a88b830111f,,2026-06-03T22:57:18+08:00,https://mxdzlk.com/item/?page_num=152
2290036,item,,item,mxdzlk_item,https://mxdzlk.com/item/2290036/,https://static.mapleartale.com/images/item/2290036.png,assets/items/raw/2290036.png,downloaded,200,image/png,673,c3da8ae55f652644bef53a756a19f148a20ea3ec97eb8d2ed4586ae3a92e2467,,2026-06-03T22:57:19+08:00,https://mxdzlk.com/item/?page_num=152
2290037,item,,item,mxdzlk_item,https://mxdzlk.com/item/2290037/,https://static.mapleartale.com/images/item/2290037.png,assets/items/raw/2290037.png,downloaded,200,image/png,673,df407a77e715e6253bfaf99bd4b8ddc8a2094b30541d40c046826d99974e7d30,,2026-06-03T22:57:17+08:00,https://mxdzlk.com/item/?page_num=152
2290038,item,,item,mxdzlk_item,https://mxdzlk.com/item/2290038/,https://static.mapleartale.com/images/item/2290038.png,assets/items/raw/2290038.png,downloaded,200,image/png,744,d817b6708cd984e6f223e3b9b564e5d5e50052d6cc2e9f71cb368a7af9a53f9a,,2026-06-03T22:57:18+08:00,https://mxdzlk.com/item/?page_num=152
2290039,item,,item,mxdzlk_item,https://mxdzlk.com/item/2290039/,https://static.mapleartale.com/images/item/2290039.png,assets/items/raw/2290039.png,downloaded,200,image/png,742,12a01de68be8c48fa3576d947245558f8a4c01955be8f84f7125527678ba5b45,,2026-06-03T22:57:19+08:00,https://mxdzlk.com/item/?page_num=152
2290040,item,,item,mxdzlk_item,https://mxdzlk.com/item/2290040/,https://static.mapleartale.com/images/item/2290040.png,assets/items/raw/2290040.png,downloaded,200,image/png,1079,43a55313dd439ebdc89eb9338175d989b219f407c97b4b44f07ef960d54c74b1,,2026-06-03T22:57:19+08:00,https://mxdzlk.com/item/?page_num=153
2290041,item,,item,mxdzlk_item,https://mxdzlk.com/item/2290041/,https://static.mapleartale.com/images/item/2290041.png,assets/items/raw/2290041.png,downloaded,200,image/png,1074,3c0e64ecb97b28d83d1edf6d4addf1c36dc79f583be39ec6f76eb36c94d27585,,2026-06-03T22:57:22+08:00,https://mxdzlk.com/item/?page_num=153
2290042,item,,item,mxdzlk_item,https://mxdzlk.com/item/2290042/,https://static.mapleartale.com/images/item/2290042.png,assets/items/raw/2290042.png,downloaded,200,image/png,605,f0f14d67b46a8b88e85fe0e20e39e3f334e3bc2157240c76d1a0935093e62449,,2026-06-03T22:57:19+08:00,https://mxdzlk.com/item/?page_num=153
2290043,item,,item,mxdzlk_item,https://mxdzlk.com/item/2290043/,https://static.mapleartale.com/images/item/2290043.png,assets/items/raw/2290043.png,downloaded,200,image/png,605,c24a11cced96a2c619f0a60675e0e4fbced6d5b9e218e4a97c2818b132799876,,2026-06-03T22:57:20+08:00,https://mxdzlk.com/item/?page_num=153
2290044,item,,item,mxdzlk_item,https://mxdzlk.com/item/2290044/,https://static.mapleartale.com/images/item/2290044.png,assets/items/raw/2290044.png,downloaded,200,image/png,856,0ce15399fa4412367789038195a4900b710e0ac326790d44a1aacbc6ae8cc9d6,,2026-06-03T22:57:22+08:00,https://mxdzlk.com/item/?page_num=153
2290045,item,,item,mxdzlk_item,https://mxdzlk.com/item/2290045/,https://static.mapleartale.com/images/item/2290045.png,assets/items/raw/2290045.png,downloaded,200,image/png,855,18a61caab82e82455c78c967e9fed706da27061729922f43fdc81241e3622521,,2026-06-03T22:57:20+08:00,https://mxdzlk.com/item/?page_num=153
2290046,item,,item,mxdzlk_item,https://mxdzlk.com/item/2290046/,https://static.mapleartale.com/images/item/2290046.png,assets/items/raw/2290046.png,downloaded,200,image/png,703,0e32c01e59a7f13093872967212f06209466121980c7122432e440e995197bde,,2026-06-03T22:57:22+08:00,https://mxdzlk.com/item/?page_num=153
2290047,item,,item,mxdzlk_item,https://mxdzlk.com/item/2290047/,https://static.mapleartale.com/images/item/2290047.png,assets/items/raw/2290047.png,downloaded,200,image/png,702,99119180c92e9e486054664a486920f052b87f1b14440151807eb59338a2d423,,2026-06-03T22:57:20+08:00,https://mxdzlk.com/item/?page_num=153
2290048,item,,item,mxdzlk_item,https://mxdzlk.com/item/2290048/,https://static.mapleartale.com/images/item/2290048.png,assets/items/raw/2290048.png,downloaded,200,image/png,704,a54ecf16982f57eb01878224e001fd1c77d9e614299ad37c143a4feaf8675e94,,2026-06-03T22:57:20+08:00,https://mxdzlk.com/item/?page_num=153
2290049,item,,item,mxdzlk_item,https://mxdzlk.com/item/2290049/,https://static.mapleartale.com/images/item/2290049.png,assets/items/raw/2290049.png,downloaded,200,image/png,704,2ee0b01e5cd385508766249e7cf5702f6fb6e6a4291afe5a08982af3cf70109d,,2026-06-03T22:57:21+08:00,https://mxdzlk.com/item/?page_num=153
2290050,item,,item,mxdzlk_item,https://mxdzlk.com/item/2290050/,https://static.mapleartale.com/images/item/2290050.png,assets/items/raw/2290050.png,downloaded,200,image/png,705,8a396ef6172810fb5e999efb6f57b39a7c1bb01e766062534c1ac12f754a578f,,2026-06-03T22:57:21+08:00,https://mxdzlk.com/item/?page_num=154
2290051,item,,item,mxdzlk_item,https://mxdzlk.com/item/2290051/,https://static.mapleartale.com/images/item/2290051.png,assets/items/raw/2290051.png,downloaded,200,image/png,703,97373f1640b861e7e388e25afe1007dc93cc7f0e55b24c0f9d61606ad266e209,,2026-06-03T22:57:21+08:00,https://mxdzlk.com/item/?page_num=154
2290052,item,,item,mxdzlk_item,https://mxdzlk.com/item/2290052/,https://static.mapleartale.com/images/item/2290052.png,assets/items/raw/2290052.png,downloaded,200,image/png,890,0f45ca699747ce2b995426b81ccd0f196659d6d4f7633ff568d11dbb291d38a6,,2026-06-03T22:57:21+08:00,https://mxdzlk.com/item/?page_num=154
2290053,item,,item,mxdzlk_item,https://mxdzlk.com/item/2290053/,https://static.mapleartale.com/images/item/2290053.png,assets/items/raw/2290053.png,downloaded,200,image/png,888,03fbb1060a072e9b9b3bf96ce074aceccb3ffb48e4960cc5ef3945527c4cb0d8,,2026-06-03T22:57:25+08:00,https://mxdzlk.com/item/?page_num=154
2290054,item,,item,mxdzlk_item,https://mxdzlk.com/item/2290054/,https://static.mapleartale.com/images/item/2290054.png,assets/items/raw/2290054.png,downloaded,200,image/png,815,e7dd68bcd699312e3d9020596b4645b2461d7b78da32b20fcb88be8714290f49,,2026-06-03T22:57:22+08:00,https://mxdzlk.com/item/?page_num=154
2290055,item,,item,mxdzlk_item,https://mxdzlk.com/item/2290055/,https://static.mapleartale.com/images/item/2290055.png,assets/items/raw/2290055.png,downloaded,200,image/png,814,5adc4770a828c4d271340ca61c1d091f2d722ff8b4859437d84640eacd91552a,,2026-06-03T22:57:22+08:00,https://mxdzlk.com/item/?page_num=154
2290056,item,,item,mxdzlk_item,https://mxdzlk.com/item/2290056/,https://static.mapleartale.com/images/item/2290056.png,assets/items/raw/2290056.png,downloaded,200,image/png,1024,b991c444c2659dd9c001d3f30cd5dc236ba2c08d49299bbec9f21ca1c6e1fab1,,2026-06-03T22:57:22+08:00,https://mxdzlk.com/item/?page_num=154
2290057,item,,item,mxdzlk_item,https://mxdzlk.com/item/2290057/,https://static.mapleartale.com/images/item/2290057.png,assets/items/raw/2290057.png,downloaded,200,image/png,1025,71bfa9bba21ff13b32ab982be872047fc1f69caacbbf52e82fc60d038c9aa706,,2026-06-03T22:57:24+08:00,https://mxdzlk.com/item/?page_num=154
2290058,item,,item,mxdzlk_item,https://mxdzlk.com/item/2290058/,https://static.mapleartale.com/images/item/2290058.png,assets/items/raw/2290058.png,downloaded,200,image/png,901,43fe50f236c5985d3e8341bc5b2d4f8428d3522c8d01cbdae03da4320669b4c6,,2026-06-03T22:57:26+08:00,https://mxdzlk.com/item/?page_num=154
2290059,item,,item,mxdzlk_item,https://mxdzlk.com/item/2290059/,https://static.mapleartale.com/images/item/2290059.png,assets/items/raw/2290059.png,downloaded,200,image/png,901,70f84e600779a44a16f75dcdab9de80f4f9a3272ec95599d97b4107d3010a9d2,,2026-06-03T22:57:23+08:00,https://mxdzlk.com/item/?page_num=154
2290060,item,,item,mxdzlk_item,https://mxdzlk.com/item/2290060/,https://static.mapleartale.com/images/item/2290060.png,assets/items/raw/2290060.png,downloaded,200,image/png,927,85347e999588ec5ba24ad6339248fb631355eeb9e7c33348f8b46208119944ff,,2026-06-03T22:57:24+08:00,https://mxdzlk.com/item/?page_num=155
2290061,item,,item,mxdzlk_item,https://mxdzlk.com/item/2290061/,https://static.mapleartale.com/images/item/2290061.png,assets/items/raw/2290061.png,downloaded,200,image/png,929,52280aea5f87022028d75006df52ac12b186a5ecc8041b91ef6610b3db92487f,,2026-06-03T22:57:30+08:00,https://mxdzlk.com/item/?page_num=155
2290062,item,,item,mxdzlk_item,https://mxdzlk.com/item/2290062/,https://static.mapleartale.com/images/item/2290062.png,assets/items/raw/2290062.png,downloaded,200,image/png,831,24cb83195a18f2333fa8eee0f6b2cf278c2a91c916fde858c7a069c97cf5497a,,2026-06-03T22:57:23+08:00,https://mxdzlk.com/item/?page_num=155
2290063,item,,item,mxdzlk_item,https://mxdzlk.com/item/2290063/,https://static.mapleartale.com/images/item/2290063.png,assets/items/raw/2290063.png,downloaded,200,image/png,828,c09e3b97274b0fe8f5bcc1d2b60b2b08ef1e1884509bc464dce712bd041b09af,,2026-06-03T22:57:24+08:00,https://mxdzlk.com/item/?page_num=155
2290064,item,,item,mxdzlk_item,https://mxdzlk.com/item/2290064/,https://static.mapleartale.com/images/item/2290064.png,assets/items/raw/2290064.png,downloaded,200,image/png,800,1bde6815e979eee2cfc9d8ac5912de62054b6bd6da6391fc4b563dccf0bdcbcb,,2026-06-03T22:57:25+08:00,https://mxdzlk.com/item/?page_num=155
2290065,item,,item,mxdzlk_item,https://mxdzlk.com/item/2290065/,https://static.mapleartale.com/images/item/2290065.png,assets/items/raw/2290065.png,downloaded,200,image/png,801,4e0b18410d762cfcc14a062b5a83c0e32fac2669798f915b39c23746a319c935,,2026-06-03T22:57:25+08:00,https://mxdzlk.com/item/?page_num=155
2290066,item,,item,mxdzlk_item,https://mxdzlk.com/item/2290066/,https://static.mapleartale.com/images/item/2290066.png,assets/items/raw/2290066.png,downloaded,200,image/png,926,969b2a9091b911959be61002dc69796e809bfd9c9716b6a958d698b2db5d9197,,2026-06-03T22:57:29+08:00,https://mxdzlk.com/item/?page_num=155
2290067,item,,item,mxdzlk_item,https://mxdzlk.com/item/2290067/,https://static.mapleartale.com/images/item/2290067.png,assets/items/raw/2290067.png,downloaded,200,image/png,926,d30ffc400e75b4a981fdc1ef9645a1bee84a49cf6ec0e98c45282809b1ea0e46,,2026-06-03T22:57:25+08:00,https://mxdzlk.com/item/?page_num=155
2290068,item,,item,mxdzlk_item,https://mxdzlk.com/item/2290068/,https://static.mapleartale.com/images/item/2290068.png,assets/items/raw/2290068.png,downloaded,200,image/png,870,3864a26cea022a3a7bdbd67cbe74cb15e852b3379fd7c4d03cbcda6ce347e15c,,2026-06-03T22:57:26+08:00,https://mxdzlk.com/item/?page_num=155
2290069,item,,item,mxdzlk_item,https://mxdzlk.com/item/2290069/,https://static.mapleartale.com/images/item/2290069.png,assets/items/raw/2290069.png,downloaded,200,image/png,867,f2f00249f6af24cf345295f61d6f827ff6c7efb185e5d9e78efc51e8e31ea4f6,,2026-06-03T22:57:26+08:00,https://mxdzlk.com/item/?page_num=155
2290070,item,,item,mxdzlk_item,https://mxdzlk.com/item/2290070/,https://static.mapleartale.com/images/item/2290070.png,assets/items/raw/2290070.png,downloaded,200,image/png,633,12322b4ed6b68a2c66bc1c85c2d11e2b27e1f899d98332b00004b44b4813d8c5,,2026-06-03T22:57:26+08:00,https://mxdzlk.com/item/?page_num=156
2290071,item,,item,mxdzlk_item,https://mxdzlk.com/item/2290071/,https://static.mapleartale.com/images/item/2290071.png,assets/items/raw/2290071.png,downloaded,200,image/png,630,e2e74670d53ea7b1bc004a8ad480ae577149fcc7644901700553fb205424a067,,2026-06-03T22:57:27+08:00,https://mxdzlk.com/item/?page_num=156
2290072,item,,item,mxdzlk_item,https://mxdzlk.com/item/2290072/,https://static.mapleartale.com/images/item/2290072.png,assets/items/raw/2290072.png,downloaded,200,image/png,844,5596635203b44ffeeee6ef98c764d6a546ffa5e4fe16d3b6ee86229ed783ed84,,2026-06-03T22:57:26+08:00,https://mxdzlk.com/item/?page_num=156
2290073,item,,item,mxdzlk_item,https://mxdzlk.com/item/2290073/,https://static.mapleartale.com/images/item/2290073.png,assets/items/raw/2290073.png,downloaded,200,image/png,844,4bd56ce9dd75ea2965374680cd87467532c35a6797be0b74954c0c845ca6de64,,2026-06-03T22:57:27+08:00,https://mxdzlk.com/item/?page_num=156
2290074,item,,item,mxdzlk_item,https://mxdzlk.com/item/2290074/,https://static.mapleartale.com/images/item/2290074.png,assets/items/raw/2290074.png,downloaded,200,image/png,744,b5c2722c35ea4e57ba7add1871e996f113b4c4acf2608f910acae3596b9a7c9d,,2026-06-03T22:57:27+08:00,https://mxdzlk.com/item/?page_num=156
2290075,item,,item,mxdzlk_item,https://mxdzlk.com/item/2290075/,https://static.mapleartale.com/images/item/2290075.png,assets/items/raw/2290075.png,downloaded,200,image/png,743,360860645fdf8f8d56851e3640a05c5e387fe02feee144335dd8b8121354572b,,2026-06-03T22:57:28+08:00,https://mxdzlk.com/item/?page_num=156
2290076,item,,item,mxdzlk_item,https://mxdzlk.com/item/2290076/,https://static.mapleartale.com/images/item/2290076.png,assets/items/raw/2290076.png,downloaded,200,image/png,894,fc3fb16baee33b4d4df92d41b4b4092faf80ddd3b7dce0a60ec11a5d86d7d2a2,,2026-06-03T22:57:27+08:00,https://mxdzlk.com/item/?page_num=156
2290077,item,,item,mxdzlk_item,https://mxdzlk.com/item/2290077/,https://static.mapleartale.com/images/item/2290077.png,assets/items/raw/2290077.png,downloaded,200,image/png,891,b95437c441c7b1bb6bd992b88c8dd0d2a2102e62afec6bfad016a71ffa3c6a66,,2026-06-03T22:57:27+08:00,https://mxdzlk.com/item/?page_num=156
2290078,item,,item,mxdzlk_item,https://mxdzlk.com/item/2290078/,https://static.mapleartale.com/images/item/2290078.png,assets/items/raw/2290078.png,downloaded,200,image/png,978,8df82e9014e71df4f8049bfe638140accff087a0e0f7a6cdaf5d9f5698386d78,,2026-06-03T22:57:28+08:00,https://mxdzlk.com/item/?page_num=156
2290079,item,,item,mxdzlk_item,https://mxdzlk.com/item/2290079/,https://static.mapleartale.com/images/item/2290079.png,assets/items/raw/2290079.png,downloaded,200,image/png,977,6deca893279b1fcfc82fcb91e4bba12a56ca8c7ed8a4e99763091bd7ed10cf91,,2026-06-03T22:57:29+08:00,https://mxdzlk.com/item/?page_num=156
2290080,item,,item,mxdzlk_item,https://mxdzlk.com/item/2290080/,https://static.mapleartale.com/images/item/2290080.png,assets/items/raw/2290080.png,downloaded,200,image/png,652,fc50cc9525aac3fa70530a07375b1db5c5a399b7b2b26f2d5e5af2caf7d17a3e,,2026-06-03T22:57:29+08:00,https://mxdzlk.com/item/?page_num=157
2290081,item,,item,mxdzlk_item,https://mxdzlk.com/item/2290081/,https://static.mapleartale.com/images/item/2290081.png,assets/items/raw/2290081.png,downloaded,200,image/png,652,920275983244abd8768af283509ce67024dcc4eead39b849fa02c5c297326eed,,2026-06-03T22:57:29+08:00,https://mxdzlk.com/item/?page_num=157
2290082,item,,item,mxdzlk_item,https://mxdzlk.com/item/2290082/,https://static.mapleartale.com/images/item/2290082.png,assets/items/raw/2290082.png,downloaded,200,image/png,523,04dcf3b88e8377c2216b214879eb03ea1410da6976c427d1ecd3da9b4e6fac53,,2026-06-03T22:57:28+08:00,https://mxdzlk.com/item/?page_num=157
2290083,item,,item,mxdzlk_item,https://mxdzlk.com/item/2290083/,https://static.mapleartale.com/images/item/2290083.png,assets/items/raw/2290083.png,downloaded,200,image/png,524,b4978dde3068a49441c5a85425b22ec61d1b22c8084e01611f5b77394e8bfde9,,2026-06-03T22:57:29+08:00,https://mxdzlk.com/item/?page_num=157
2290084,item,,item,mxdzlk_item,https://mxdzlk.com/item/2290084/,https://static.mapleartale.com/images/item/2290084.png,assets/items/raw/2290084.png,downloaded,200,image/png,819,0dcba407bde5c79f067c57132b0a767b30e2efec7f965b56f2ee22163bd0aabe,,2026-06-03T22:57:29+08:00,https://mxdzlk.com/item/?page_num=157
2290085,item,,item,mxdzlk_item,https://mxdzlk.com/item/2290085/,https://static.mapleartale.com/images/item/2290085.png,assets/items/raw/2290085.png,downloaded,200,image/png,818,253fb3856fb483d099fcf4864aa8681661b9699fed32a1cc52cc728dfb11a6cd,,2026-06-03T22:57:30+08:00,https://mxdzlk.com/item/?page_num=157
2290086,item,,item,mxdzlk_item,https://mxdzlk.com/item/2290086/,https://static.mapleartale.com/images/item/2290086.png,assets/items/raw/2290086.png,downloaded,200,image/png,657,a38856001f019fb6be80a5fabd8e7024073115822c99b764223e60e66c88898c,,2026-06-03T22:57:32+08:00,https://mxdzlk.com/item/?page_num=157
2290087,item,,item,mxdzlk_item,https://mxdzlk.com/item/2290087/,https://static.mapleartale.com/images/item/2290087.png,assets/items/raw/2290087.png,downloaded,200,image/png,658,bb8496e2bbf0d67bfb12dee763514a5f3eb26bda622a4816342029fe054ec2e6,,2026-06-03T22:57:30+08:00,https://mxdzlk.com/item/?page_num=157
2290088,item,,item,mxdzlk_item,https://mxdzlk.com/item/2290088/,https://static.mapleartale.com/images/item/2290088.png,assets/items/raw/2290088.png,downloaded,200,image/png,846,ff5c1d7ec707c383e714f6321b0bdd485f87c8623d5b492ecef233ccfe765556,,2026-06-03T22:57:30+08:00,https://mxdzlk.com/item/?page_num=157
2290089,item,,item,mxdzlk_item,https://mxdzlk.com/item/2290089/,https://static.mapleartale.com/images/item/2290089.png,assets/items/raw/2290089.png,downloaded,200,image/png,844,65b989cd1ac08596b0e6398d70f9c40303a481a298f5d1de7dc966d5dad2008b,,2026-06-03T22:57:31+08:00,https://mxdzlk.com/item/?page_num=157
2290090,item,,item,mxdzlk_item,https://mxdzlk.com/item/2290090/,https://static.mapleartale.com/images/item/2290090.png,assets/items/raw/2290090.png,downloaded,200,image/png,674,02b7c7264ae6732ddb85aeeb8aafb9fe846ab024f2b1edbfdb2b20e56d7a972b,,2026-06-03T22:57:31+08:00,https://mxdzlk.com/item/?page_num=158
2290091,item,,item,mxdzlk_item,https://mxdzlk.com/item/2290091/,https://static.mapleartale.com/images/item/2290091.png,assets/items/raw/2290091.png,downloaded,200,image/png,676,0f1f64006e1596c5786b1e156c260397e156dcabebf666e1cf8d99616648baeb,,2026-06-03T22:57:30+08:00,https://mxdzlk.com/item/?page_num=158
2290092,item,,item,mxdzlk_item,https://mxdzlk.com/item/2290092/,https://static.mapleartale.com/images/item/2290092.png,assets/items/raw/2290092.png,downloaded,200,image/png,695,14e84f5649c8d00cd31842df7c3cdeca22ba76e98ee792b7195b46a61bddcd60,,2026-06-03T22:57:31+08:00,https://mxdzlk.com/item/?page_num=158
2290093,item,,item,mxdzlk_item,https://mxdzlk.com/item/2290093/,https://static.mapleartale.com/images/item/2290093.png,assets/items/raw/2290093.png,downloaded,200,image/png,695,24fed3a5f4641ac229a40535d7a84b3d2ccc8f7f6df6c7520340c10b19fbb6e7,,2026-06-03T22:57:31+08:00,https://mxdzlk.com/item/?page_num=158
2290094,item,,item,mxdzlk_item,https://mxdzlk.com/item/2290094/,https://static.mapleartale.com/images/item/2290094.png,assets/items/raw/2290094.png,downloaded,200,image/png,687,218b0eee4ddeca2b76d8f1dbd47bf96b951638a1bd686c616faee0bd7e8275c0,,2026-06-03T22:57:35+08:00,https://mxdzlk.com/item/?page_num=158
2290095,item,,item,mxdzlk_item,https://mxdzlk.com/item/2290095/,https://static.mapleartale.com/images/item/2290095.png,assets/items/raw/2290095.png,downloaded,200,image/png,688,e1b01dd786799f4afa62111d5918ac1ad5a205f57e29d568406ef44c780d9c89,,2026-06-03T22:57:33+08:00,https://mxdzlk.com/item/?page_num=158
2290096,item,,item,mxdzlk_item,https://mxdzlk.com/item/2290096/,https://static.mapleartale.com/images/item/2290096.png,assets/items/raw/2290096.png,downloaded,200,image/png,822,ff12685d3c534a3975fd6d2b25968bd1ce6717d6970a0736b24e4719734cd435,,2026-06-03T22:57:32+08:00,https://mxdzlk.com/item/?page_num=158
2290097,item,,item,mxdzlk_item,https://mxdzlk.com/item/2290097/,https://static.mapleartale.com/images/item/2290097.png,assets/items/raw/2290097.png,downloaded,200,image/png,950,316a291258f5a883e57765fd6113ae233e0f4266a91412e4f11adf6847ee749e,,2026-06-03T22:57:33+08:00,https://mxdzlk.com/item/?page_num=158
2290098,item,,item,mxdzlk_item,https://mxdzlk.com/item/2290098/,https://static.mapleartale.com/images/item/2290098.png,assets/items/raw/2290098.png,downloaded,200,image/png,949,bbe537fc0e9f8dc3cee46efdc3cd76ac163754f6b12000462110efcad3f2dce6,,2026-06-03T22:57:33+08:00,https://mxdzlk.com/item/?page_num=158
2290099,item,,item,mxdzlk_item,https://mxdzlk.com/item/2290099/,https://static.mapleartale.com/images/item/2290099.png,assets/items/raw/2290099.png,downloaded,200,image/png,856,946b9a7c311e1439e4cfb8cf5c137d080686322390bce329e03d021573b476fe,,2026-06-03T22:57:33+08:00,https://mxdzlk.com/item/?page_num=158
2290100,item,,item,mxdzlk_item,https://mxdzlk.com/item/2290100/,https://static.mapleartale.com/images/item/2290100.png,assets/items/raw/2290100.png,downloaded,200,image/png,856,fccf7bfb235f3bd1953e845d28e7f5694f263ebf8d196cf00e78da8d5d941eb3,,2026-06-03T22:57:32+08:00,https://mxdzlk.com/item/?page_num=159
2290101,item,,item,mxdzlk_item,https://mxdzlk.com/item/2290101/,https://static.mapleartale.com/images/item/2290101.png,assets/items/raw/2290101.png,downloaded,200,image/png,662,57b98f6b87915bf4e80bc0388ddddd71375cf6827b367f5daa9d6842eaf58dcc,,2026-06-03T22:57:33+08:00,https://mxdzlk.com/item/?page_num=159
2290102,item,,item,mxdzlk_item,https://mxdzlk.com/item/2290102/,https://static.mapleartale.com/images/item/2290102.png,assets/items/raw/2290102.png,downloaded,200,image/png,841,f99b1cc975147d4b01b06ae45d3754919ad4f5e2900472f093eb51a5733d1061,,2026-06-03T22:57:33+08:00,https://mxdzlk.com/item/?page_num=159
2290103,item,,item,mxdzlk_item,https://mxdzlk.com/item/2290103/,https://static.mapleartale.com/images/item/2290103.png,assets/items/raw/2290103.png,downloaded,200,image/png,838,dc64d6d245a7e9c7b47adff08a29bd72668065cfa188b57dc761c826d5c0f2b9,,2026-06-03T22:57:34+08:00,https://mxdzlk.com/item/?page_num=159
2290104,item,,item,mxdzlk_item,https://mxdzlk.com/item/2290104/,https://static.mapleartale.com/images/item/2290104.png,assets/items/raw/2290104.png,downloaded,200,image/png,679,144d46561dbf94d36edf983501c48fcda859aee2c80cc3d4fc8ac2210966a2b1,,2026-06-03T22:57:34+08:00,https://mxdzlk.com/item/?page_num=159
2290105,item,,item,mxdzlk_item,https://mxdzlk.com/item/2290105/,https://static.mapleartale.com/images/item/2290105.png,assets/items/raw/2290105.png,downloaded,200,image/png,681,305e207e1ddc76503e5e6dbfbcf9c3b61a3630f9d9fbfe2ccf247db144a7f36a,,2026-06-03T22:57:34+08:00,https://mxdzlk.com/item/?page_num=159
2290106,item,,item,mxdzlk_item,https://mxdzlk.com/item/2290106/,https://static.mapleartale.com/images/item/2290106.png,assets/items/raw/2290106.png,downloaded,200,image/png,737,f88e2284c7760e0f227e2812aa4a4fc482539074ce1b0620ffee60ac804920bf,,2026-06-03T22:57:34+08:00,https://mxdzlk.com/item/?page_num=159
2290107,item,,item,mxdzlk_item,https://mxdzlk.com/item/2290107/,https://static.mapleartale.com/images/item/2290107.png,assets/items/raw/2290107.png,downloaded,200,image/png,738,58ac09b6ccb12e1465fc17c763bd8a504ba3201ea9e3822c7de829608f70d84a,,2026-06-03T22:57:35+08:00,https://mxdzlk.com/item/?page_num=159
2290108,item,,item,mxdzlk_item,https://mxdzlk.com/item/2290108/,https://static.mapleartale.com/images/item/2290108.png,assets/items/raw/2290108.png,downloaded,200,image/png,748,e901c955695b1d3d30726409f20b2460d1d70708200e3e554339d3b7354699e2,,2026-06-03T22:57:35+08:00,https://mxdzlk.com/item/?page_num=159
2290110,item,,item,mxdzlk_item,https://mxdzlk.com/item/2290110/,https://static.mapleartale.com/images/item/2290110.png,assets/items/raw/2290110.png,downloaded,200,image/png,779,e4e99315afabdd62308c9c5cf34fd3ba739319033a81eb994dd78b2c88e0b50e,,2026-06-03T22:57:35+08:00,https://mxdzlk.com/item/?page_num=159
2290111,item,,item,mxdzlk_item,https://mxdzlk.com/item/2290111/,https://static.mapleartale.com/images/item/2290111.png,assets/items/raw/2290111.png,downloaded,200,image/png,781,07d1218bcc3ac680a3784b51860bb4e5225fc8c4173bdd5233129300e95a1fb8,,2026-06-03T22:57:35+08:00,https://mxdzlk.com/item/?page_num=160
2290112,item,,item,mxdzlk_item,https://mxdzlk.com/item/2290112/,https://static.mapleartale.com/images/item/2290112.png,assets/items/raw/2290112.png,downloaded,200,image/png,813,7b598f3c1cbaa721168171e29d50ab70d8dbab569844d163078a79d4c6e1563c,,2026-06-03T22:57:37+08:00,https://mxdzlk.com/item/?page_num=160
2290113,item,,item,mxdzlk_item,https://mxdzlk.com/item/2290113/,https://static.mapleartale.com/images/item/2290113.png,assets/items/raw/2290113.png,downloaded,200,image/png,810,b858f8f638d0347a2ff953595f907feaf27e3644e68624b9ac0267dde87297b2,,2026-06-03T22:57:35+08:00,https://mxdzlk.com/item/?page_num=160
2290114,item,,item,mxdzlk_item,https://mxdzlk.com/item/2290114/,https://static.mapleartale.com/images/item/2290114.png,assets/items/raw/2290114.png,downloaded,200,image/png,777,154592ca6f1af9c4212fd5038a3a5d907fd2c36ebf187d60022c5217bbb5f037,,2026-06-03T22:57:37+08:00,https://mxdzlk.com/item/?page_num=160
2290115,item,,item,mxdzlk_item,https://mxdzlk.com/item/2290115/,https://static.mapleartale.com/images/item/2290115.png,assets/items/raw/2290115.png,downloaded,200,image/png,777,ae8147715b6dccf7d37de57e6ccf5fde6df772407056fa200875265d88dcaadf,,2026-06-03T22:57:37+08:00,https://mxdzlk.com/item/?page_num=160
2290116,item,,item,mxdzlk_item,https://mxdzlk.com/item/2290116/,https://static.mapleartale.com/images/item/2290116.png,assets/items/raw/2290116.png,downloaded,200,image/png,777,3539fb55c02ec5b9622ccdd782e26e3fe2cf657d83b24f1ffddb9129935d77fb,,2026-06-03T22:57:37+08:00,https://mxdzlk.com/item/?page_num=160
2290117,item,,item,mxdzlk_item,https://mxdzlk.com/item/2290117/,https://static.mapleartale.com/images/item/2290117.png,assets/items/raw/2290117.png,downloaded,200,image/png,679,8c460d432ddf814f3673108df226ddfac274f16318d33c115d6ea66a4e056257,,2026-06-03T22:57:37+08:00,https://mxdzlk.com/item/?page_num=160
2290118,item,,item,mxdzlk_item,https://mxdzlk.com/item/2290118/,https://static.mapleartale.com/images/item/2290118.png,assets/items/raw/2290118.png,downloaded,200,image/png,681,e1462bc96160a60047aabb551a2691fb69fea8047258307806f2122cf112a3cb,,2026-06-03T22:57:36+08:00,https://mxdzlk.com/item/?page_num=160
2290119,item,,item,mxdzlk_item,https://mxdzlk.com/item/2290119/,https://static.mapleartale.com/images/item/2290119.png,assets/items/raw/2290119.png,downloaded,200,image/png,757,c153b82f79578736049498c44bde84398aae6585a581b7acc14c51bfc3899d43,,2026-06-03T22:57:37+08:00,https://mxdzlk.com/item/?page_num=160
2290120,item,,item,mxdzlk_item,https://mxdzlk.com/item/2290120/,https://static.mapleartale.com/images/item/2290120.png,assets/items/raw/2290120.png,downloaded,200,image/png,755,ab1ed8ead84c6492f8c04b837e15fb096ca0021162d7374676352991838ebdd4,,2026-06-03T22:57:36+08:00,https://mxdzlk.com/item/?page_num=160
2290121,item,,item,mxdzlk_item,https://mxdzlk.com/item/2290121/,https://static.mapleartale.com/images/item/2290121.png,assets/items/raw/2290121.png,downloaded,200,image/png,664,d7e114c746de94eece20c3f1822ef90c16ffb4dac8e8c44e5d38b9523fc6181d,,2026-06-03T22:57:37+08:00,https://mxdzlk.com/item/?page_num=161
2290122,item,,item,mxdzlk_item,https://mxdzlk.com/item/2290122/,https://static.mapleartale.com/images/item/2290122.png,assets/items/raw/2290122.png,downloaded,200,image/png,663,e9dd2f7c4e68e07ef7069f289be928f3a1e1ae7798485934cc6bd7cbd2977319,,2026-06-03T22:57:39+08:00,https://mxdzlk.com/item/?page_num=161
2290123,item,,item,mxdzlk_item,https://mxdzlk.com/item/2290123/,https://static.mapleartale.com/images/item/2290123.png,assets/items/raw/2290123.png,downloaded,200,image/png,951,63b9fb6576e2d31cca23fa875e541a5f24d8892f81460e432b2d0300879f637b,,2026-06-03T22:57:38+08:00,https://mxdzlk.com/item/?page_num=161
2290124,item,,item,mxdzlk_item,https://mxdzlk.com/item/2290124/,https://static.mapleartale.com/images/item/2290124.png,assets/items/raw/2290124.png,downloaded,200,image/png,801,5b0b3a1015ec039177b23c3d9be835e3ee9f2bca41a141886c32fc41e0f35dc4,,2026-06-03T22:57:38+08:00,https://mxdzlk.com/item/?page_num=161
2290125,item,,item,mxdzlk_item,https://mxdzlk.com/item/2290125/,https://static.mapleartale.com/images/item/2290125.png,assets/items/raw/2290125.png,downloaded,200,image/png,821,5eeba96c00ff8a31a9e23229e6243e3c2bf088f4d570835d4b69291bfb60c87a,,2026-06-03T22:57:38+08:00,https://mxdzlk.com/item/?page_num=161
2290126,item,,item,mxdzlk_item,https://mxdzlk.com/item/2290126/,https://static.mapleartale.com/images/item/2290126.png,assets/items/raw/2290126.png,downloaded,200,image/png,672,e392b4ff642f49d8252b7078623ad4e179643e43d888d0ed58c3b06abf636f50,,2026-06-03T22:57:38+08:00,https://mxdzlk.com/item/?page_num=161
2290127,item,,item,mxdzlk_item,https://mxdzlk.com/item/2290127/,https://static.mapleartale.com/images/item/2290127.png,assets/items/raw/2290127.png,downloaded,200,image/png,670,11439cf1adb1813d92d9906b8a6390b414c4e5ccfcb07e5a615263aa6052bebd,,2026-06-03T22:57:38+08:00,https://mxdzlk.com/item/?page_num=161
2290128,item,,item,mxdzlk_item,https://mxdzlk.com/item/2290128/,https://static.mapleartale.com/images/item/2290128.png,assets/items/raw/2290128.png,downloaded,200,image/png,802,a60a27faf3132867dee739319ca3639adaf5e0523319e201d1ddd503c5fc12d0,,2026-06-03T22:57:39+08:00,https://mxdzlk.com/item/?page_num=161
2290129,item,,item,mxdzlk_item,https://mxdzlk.com/item/2290129/,https://static.mapleartale.com/images/item/2290129.png,assets/items/raw/2290129.png,downloaded,200,image/png,802,ec7b0cc1bf3df3e160770c38cfa533b214f9c25ce6528788db0156d44509d8fb,,2026-06-03T22:57:39+08:00,https://mxdzlk.com/item/?page_num=161
2290130,item,,item,mxdzlk_item,https://mxdzlk.com/item/2290130/,https://static.mapleartale.com/images/item/2290130.png,assets/items/raw/2290130.png,downloaded,200,image/png,763,1a9f90e4d32737cf7fef3e309c6f682069480eaa1225ee54406ed597c01313aa,,2026-06-03T22:57:39+08:00,https://mxdzlk.com/item/?page_num=161
2290131,item,,item,mxdzlk_item,https://mxdzlk.com/item/2290131/,https://static.mapleartale.com/images/item/2290131.png,assets/items/raw/2290131.png,downloaded,200,image/png,763,7dffaf104a09022b47fb9a3a831a538acaf9db0ecaa71475c72f1cda99ea7478,,2026-06-03T22:57:40+08:00,https://mxdzlk.com/item/?page_num=162
2290132,item,,item,mxdzlk_item,https://mxdzlk.com/item/2290132/,https://static.mapleartale.com/images/item/2290132.png,assets/items/raw/2290132.png,downloaded,200,image/png,763,2f307e277225e3cfc994a72ecb355d87806bc389a3b014f75357b763a56fd580,,2026-06-03T22:57:41+08:00,https://mxdzlk.com/item/?page_num=162
2290133,item,,item,mxdzlk_item,https://mxdzlk.com/item/2290133/,https://static.mapleartale.com/images/item/2290133.png,assets/items/raw/2290133.png,downloaded,200,image/png,765,94652e800abdfbc31040a2f149a982bc376b77da96050b584eef4a095599e47a,,2026-06-03T22:57:41+08:00,https://mxdzlk.com/item/?page_num=162
2290134,item,,item,mxdzlk_item,https://mxdzlk.com/item/2290134/,https://static.mapleartale.com/images/item/2290134.png,assets/items/raw/2290134.png,downloaded,200,image/png,621,e99254b4bb7d5e4a88f11fd97be453a017a55b8decd4e7afa8b1b159437a9aed,,2026-06-03T22:57:40+08:00,https://mxdzlk.com/item/?page_num=162
2290135,item,,item,mxdzlk_item,https://mxdzlk.com/item/2290135/,https://static.mapleartale.com/images/item/2290135.png,assets/items/raw/2290135.png,downloaded,200,image/png,620,f5f389adddc01475fd6912e814393ebd30c8c02b3d74bf7c390ba69bce44e9bd,,2026-06-03T22:57:40+08:00,https://mxdzlk.com/item/?page_num=162
2290136,item,,item,mxdzlk_item,https://mxdzlk.com/item/2290136/,https://static.mapleartale.com/images/item/2290136.png,assets/items/raw/2290136.png,downloaded,200,image/png,935,c4e96ea41bb3d6b43ec985aec0ddbc782c146ec437811cafc0c825efb842e035,,2026-06-03T22:57:41+08:00,https://mxdzlk.com/item/?page_num=162
2290137,item,,item,mxdzlk_item,https://mxdzlk.com/item/2290137/,https://static.mapleartale.com/images/item/2290137.png,assets/items/raw/2290137.png,downloaded,200,image/png,932,4e12b8311db359e21de8d2facbbd313de823f1cd173cf28655126a974f6c0c7c,,2026-06-03T22:57:40+08:00,https://mxdzlk.com/item/?page_num=162
2290138,item,,item,mxdzlk_item,https://mxdzlk.com/item/2290138/,https://static.mapleartale.com/images/item/2290138.png,assets/items/raw/2290138.png,downloaded,200,image/png,789,d0177ba26dd286584d94a37b93bad18e510131831d1a8c705cf06b0620463b76,,2026-06-03T22:57:40+08:00,https://mxdzlk.com/item/?page_num=162
2290139,item,,item,mxdzlk_item,https://mxdzlk.com/item/2290139/,https://static.mapleartale.com/images/item/2290139.png,assets/items/raw/2290139.png,downloaded,200,image/png,789,99217a7cb45b8fbebea9cdbdd3ded678b130b082d98d015aca9a6921a02c603c,,2026-06-03T22:57:41+08:00,https://mxdzlk.com/item/?page_num=162
2300000,item,,item,mxdzlk_item,https://mxdzlk.com/item/2300000/,https://static.mapleartale.com/images/item/2300000.png,assets/items/raw/2300000.png,downloaded,200,image/png,723,5a9a370ea12eadb9dd01281e4e0c441f274b2eacb714c2803f9a5a8ea0e353fe,,2026-06-03T22:57:41+08:00,https://mxdzlk.com/item/?page_num=162
2300001,item,,item,mxdzlk_item,https://mxdzlk.com/item/2300001/,https://static.mapleartale.com/images/item/2300001.png,assets/items/raw/2300001.png,downloaded,200,image/png,1127,5dab0fbb1137bd146beb5eb27b33c26bbe83e479676c24b89dc1d57f7f7711ca,,2026-06-03T22:57:41+08:00,https://mxdzlk.com/item/?page_num=163
2330000,item,,item,mxdzlk_item,https://mxdzlk.com/item/2330000/,https://static.mapleartale.com/images/item/2330000.png,assets/items/raw/2330000.png,downloaded,200,image/png,376,a74100e1e4886425a1648a0bd3e79930e4da6f6ebc8242b051de41c2ad76913d,,2026-06-03T22:57:45+08:00,https://mxdzlk.com/item/?page_num=163
2330001,item,,item,mxdzlk_item,https://mxdzlk.com/item/2330001/,https://static.mapleartale.com/images/item/2330001.png,assets/items/raw/2330001.png,downloaded,200,image/png,447,7b228f77136e4fbe0d7821abd23cdff83043675a6ff655488783ad956f041157,,2026-06-03T22:57:43+08:00,https://mxdzlk.com/item/?page_num=163
2330002,item,,item,mxdzlk_item,https://mxdzlk.com/item/2330002/,https://static.mapleartale.com/images/item/2330002.png,assets/items/raw/2330002.png,downloaded,200,image/png,434,d7a6747b1611a899a361231ccff4ea88f5d8e4d0e80b922d70a92de9a06320d8,,2026-06-03T22:57:44+08:00,https://mxdzlk.com/item/?page_num=163
2330003,item,,item,mxdzlk_item,https://mxdzlk.com/item/2330003/,https://static.mapleartale.com/images/item/2330003.png,assets/items/raw/2330003.png,downloaded,200,image/png,519,130edc74039b066bd15e60aa25a329c4c89f290d40b28469874df73a135e4fec,,2026-06-03T22:57:43+08:00,https://mxdzlk.com/item/?page_num=163
2330004,item,,item,mxdzlk_item,https://mxdzlk.com/item/2330004/,https://static.mapleartale.com/images/item/2330004.png,assets/items/raw/2330004.png,downloaded,200,image/png,557,e3d617a90414c00f6cc39a5b8319351105197782f887b109d7ea0a92c8763ee7,,2026-06-03T22:57:42+08:00,https://mxdzlk.com/item/?page_num=163
2330005,item,,item,mxdzlk_item,https://mxdzlk.com/item/2330005/,https://static.mapleartale.com/images/item/2330005.png,assets/items/raw/2330005.png,downloaded,200,image/png,611,728d653e7beaf683c64bbde4bac03f552e4fc9b6e9517162398a1275f72e79a4,,2026-06-03T22:57:42+08:00,https://mxdzlk.com/item/?page_num=163
2330006,item,,item,mxdzlk_item,https://mxdzlk.com/item/2330006/,https://static.mapleartale.com/images/item/2330006.png,assets/items/raw/2330006.png,downloaded,200,image/png,376,a74100e1e4886425a1648a0bd3e79930e4da6f6ebc8242b051de41c2ad76913d,,2026-06-03T22:57:45+08:00,https://mxdzlk.com/item/?page_num=163
2331000,item,,item,mxdzlk_item,https://mxdzlk.com/item/2331000/,https://static.mapleartale.com/images/item/2331000.png,assets/items/raw/2331000.png,downloaded,200,image/png,772,5a36abbf9580f32ac570f3edd36d7b777b7246492818380131617e042f98e2d7,,2026-06-03T22:57:42+08:00,https://mxdzlk.com/item/?page_num=163
2332000,item,,item,mxdzlk_item,https://mxdzlk.com/item/2332000/,https://static.mapleartale.com/images/item/2332000.png,assets/items/raw/2332000.png,downloaded,200,image/png,775,5e845c453a4b96ead097b67ddfe30a688114ba247eb4424725af8d286c3ebccc,,2026-06-03T22:57:44+08:00,https://mxdzlk.com/item/?page_num=163
2340000,item,,item,mxdzlk_item,https://mxdzlk.com/item/2340000/,https://static.mapleartale.com/images/item/2340000.png,assets/items/raw/2340000.png,downloaded,200,image/png,634,934e28ce10723b5a418e1bca70113410d12aad30bffc266d6dfaf552e3655e52,,2026-06-03T22:57:43+08:00,https://mxdzlk.com/item/?page_num=164
2360000,item,,item,mxdzlk_item,https://mxdzlk.com/item/2360000/,https://static.mapleartale.com/images/item/2360000.png,assets/items/raw/2360000.png,downloaded,200,image/png,521,c2081fd86bcbaf8197a54f776bd577063b2a830a101874ca7af0bf88e6fd8a39,,2026-06-03T22:57:44+08:00,https://mxdzlk.com/item/?page_num=164
2360001,item,,item,mxdzlk_item,https://mxdzlk.com/item/2360001/,https://static.mapleartale.com/images/item/2360001.png,assets/items/raw/2360001.png,downloaded,200,image/png,529,72a9fcbccd9f8f2d453d0768eb128862ff4ba9a5fb034c28980f2aaeecf1f148,,2026-06-03T22:57:45+08:00,https://mxdzlk.com/item/?page_num=164
2370000,item,,item,mxdzlk_item,https://mxdzlk.com/item/2370000/,https://static.mapleartale.com/images/item/2370000.png,assets/items/raw/2370000.png,downloaded,200,image/png,512,71be747f16c81e9d439963a414f45cdb176b210f19951e8ce444696398af8ede,,2026-06-03T22:57:44+08:00,https://mxdzlk.com/item/?page_num=164
2370001,item,,item,mxdzlk_item,https://mxdzlk.com/item/2370001/,https://static.mapleartale.com/images/item/2370001.png,assets/items/raw/2370001.png,downloaded,200,image/png,512,71be747f16c81e9d439963a414f45cdb176b210f19951e8ce444696398af8ede,,2026-06-03T22:57:44+08:00,https://mxdzlk.com/item/?page_num=164
2370002,item,,item,mxdzlk_item,https://mxdzlk.com/item/2370002/,https://static.mapleartale.com/images/item/2370002.png,assets/items/raw/2370002.png,downloaded,200,image/png,512,71be747f16c81e9d439963a414f45cdb176b210f19951e8ce444696398af8ede,,2026-06-03T22:57:45+08:00,https://mxdzlk.com/item/?page_num=164
2370003,item,,item,mxdzlk_item,https://mxdzlk.com/item/2370003/,https://static.mapleartale.com/images/item/2370003.png,assets/items/raw/2370003.png,downloaded,200,image/png,512,71be747f16c81e9d439963a414f45cdb176b210f19951e8ce444696398af8ede,,2026-06-03T22:57:45+08:00,https://mxdzlk.com/item/?page_num=164
2370004,item,,item,mxdzlk_item,https://mxdzlk.com/item/2370004/,https://static.mapleartale.com/images/item/2370004.png,assets/items/raw/2370004.png,downloaded,200,image/png,512,71be747f16c81e9d439963a414f45cdb176b210f19951e8ce444696398af8ede,,2026-06-03T22:57:45+08:00,https://mxdzlk.com/item/?page_num=164
2370005,item,,item,mxdzlk_item,https://mxdzlk.com/item/2370005/,https://static.mapleartale.com/images/item/2370005.png,assets/items/raw/2370005.png,downloaded,200,image/png,512,71be747f16c81e9d439963a414f45cdb176b210f19951e8ce444696398af8ede,,2026-06-03T22:57:47+08:00,https://mxdzlk.com/item/?page_num=164
2370006,item,,item,mxdzlk_item,https://mxdzlk.com/item/2370006/,https://static.mapleartale.com/images/item/2370006.png,assets/items/raw/2370006.png,downloaded,200,image/png,512,71be747f16c81e9d439963a414f45cdb176b210f19951e8ce444696398af8ede,,2026-06-03T22:57:45+08:00,https://mxdzlk.com/item/?page_num=164
2370007,item,,item,mxdzlk_item,https://mxdzlk.com/item/2370007/,https://static.mapleartale.com/images/item/2370007.png,assets/items/raw/2370007.png,downloaded,200,image/png,512,71be747f16c81e9d439963a414f45cdb176b210f19951e8ce444696398af8ede,,2026-06-03T22:57:46+08:00,https://mxdzlk.com/item/?page_num=165
2370008,item,,item,mxdzlk_item,https://mxdzlk.com/item/2370008/,https://static.mapleartale.com/images/item/2370008.png,assets/items/raw/2370008.png,downloaded,200,image/png,512,71be747f16c81e9d439963a414f45cdb176b210f19951e8ce444696398af8ede,,2026-06-03T22:57:48+08:00,https://mxdzlk.com/item/?page_num=165
2370009,item,,item,mxdzlk_item,https://mxdzlk.com/item/2370009/,https://static.mapleartale.com/images/item/2370009.png,assets/items/raw/2370009.png,downloaded,200,image/png,512,71be747f16c81e9d439963a414f45cdb176b210f19951e8ce444696398af8ede,,2026-06-03T22:57:46+08:00,https://mxdzlk.com/item/?page_num=165
2370010,item,,item,mxdzlk_item,https://mxdzlk.com/item/2370010/,https://static.mapleartale.com/images/item/2370010.png,assets/items/raw/2370010.png,downloaded,200,image/png,512,71be747f16c81e9d439963a414f45cdb176b210f19951e8ce444696398af8ede,,2026-06-03T22:57:46+08:00,https://mxdzlk.com/item/?page_num=165
2370011,item,,item,mxdzlk_item,https://mxdzlk.com/item/2370011/,https://static.mapleartale.com/images/item/2370011.png,assets/items/raw/2370011.png,downloaded,200,image/png,512,71be747f16c81e9d439963a414f45cdb176b210f19951e8ce444696398af8ede,,2026-06-03T22:57:48+08:00,https://mxdzlk.com/item/?page_num=165
2370012,item,,item,mxdzlk_item,https://mxdzlk.com/item/2370012/,https://static.mapleartale.com/images/item/2370012.png,assets/items/raw/2370012.png,downloaded,200,image/png,512,71be747f16c81e9d439963a414f45cdb176b210f19951e8ce444696398af8ede,,2026-06-03T22:57:46+08:00,https://mxdzlk.com/item/?page_num=165
2380000,item,,item,mxdzlk_item,https://mxdzlk.com/item/2380000/,https://static.mapleartale.com/images/item/2380000.png,assets/items/raw/2380000.png,downloaded,200,image/png,839,115afe6c15ef16d94be6e582ee11b2249e6286832f7f60d10c322f0317ab2b4c,,2026-06-03T22:57:46+08:00,https://mxdzlk.com/item/?page_num=165
2380001,item,,item,mxdzlk_item,https://mxdzlk.com/item/2380001/,https://static.mapleartale.com/images/item/2380001.png,assets/items/raw/2380001.png,downloaded,200,image/png,1006,89fd39440c466f973fd10d3076483cf354941b7efdc51a58dd29573bf2ccc870,,2026-06-03T22:57:50+08:00,https://mxdzlk.com/item/?page_num=165
2380002,item,,item,mxdzlk_item,https://mxdzlk.com/item/2380002/,https://static.mapleartale.com/images/item/2380002.png,assets/items/raw/2380002.png,downloaded,200,image/png,1100,235da03ec1eaabd74476bfcdeab8e771254ffa04e38a9e93d0d6e0a2e88fbf30,,2026-06-03T22:57:47+08:00,https://mxdzlk.com/item/?page_num=165
2380003,item,,item,mxdzlk_item,https://mxdzlk.com/item/2380003/,https://static.mapleartale.com/images/item/2380003.png,assets/items/raw/2380003.png,downloaded,200,image/png,883,5f64f60d721a4f88d6a15e216341cfbe0a686f1a8d859485d0ea9c382a033347,,2026-06-03T22:57:49+08:00,https://mxdzlk.com/item/?page_num=165
2380004,item,,item,mxdzlk_item,https://mxdzlk.com/item/2380004/,https://static.mapleartale.com/images/item/2380004.png,assets/items/raw/2380004.png,downloaded,200,image/png,1021,88883f9450419a0b079151d8a74745cb2f488b55865118dcd20b90c9dbf32bb7,,2026-06-03T22:57:49+08:00,https://mxdzlk.com/item/?page_num=166
2380005,item,,item,mxdzlk_item,https://mxdzlk.com/item/2380005/,https://static.mapleartale.com/images/item/2380005.png,assets/items/raw/2380005.png,downloaded,200,image/png,1045,64223f856b118d040c4391a9e81ce9df2ed269464c5eb2f01b6fc76259ebae9e,,2026-06-03T22:57:49+08:00,https://mxdzlk.com/item/?page_num=166
2380006,item,,item,mxdzlk_item,https://mxdzlk.com/item/2380006/,https://static.mapleartale.com/images/item/2380006.png,assets/items/raw/2380006.png,downloaded,200,image/png,1062,adbfc04818e9791b12e09dd21124243fd7d9fa1676479abf1b218d4a934eeade,,2026-06-03T22:57:49+08:00,https://mxdzlk.com/item/?page_num=166
2380007,item,,item,mxdzlk_item,https://mxdzlk.com/item/2380007/,https://static.mapleartale.com/images/item/2380007.png,assets/items/raw/2380007.png,downloaded,200,image/png,1027,eb4efb02d111ab8a77554565eb6e2e9e061d33c74ddbb7eb6c3d441bba2ef40e,,2026-06-03T22:57:48+08:00,https://mxdzlk.com/item/?page_num=166
2380008,item,,item,mxdzlk_item,https://mxdzlk.com/item/2380008/,https://static.mapleartale.com/images/item/2380008.png,assets/items/raw/2380008.png,downloaded,200,image/png,898,ca015f3861666add43389ea555d30da25809cd86e0457a4c1867c24287b0dab1,,2026-06-03T22:57:49+08:00,https://mxdzlk.com/item/?page_num=166
2380009,item,,item,mxdzlk_item,https://mxdzlk.com/item/2380009/,https://static.mapleartale.com/images/item/2380009.png,assets/items/raw/2380009.png,downloaded,200,image/png,1253,ce9b37346da03ef04799ee66c6cb5d3f9e86d7527ac5daec0f86bf55e7bf175e,,2026-06-03T22:57:49+08:00,https://mxdzlk.com/item/?page_num=166
2380010,item,,item,mxdzlk_item,https://mxdzlk.com/item/2380010/,https://static.mapleartale.com/images/item/2380010.png,assets/items/raw/2380010.png,downloaded,200,image/png,1206,818918daaa39e355e6bd93329fb2a8389b8750ac61c6e5bb94af575332a4dbac,,2026-06-03T22:57:49+08:00,https://mxdzlk.com/item/?page_num=166
2380011,item,,item,mxdzlk_item,https://mxdzlk.com/item/2380011/,https://static.mapleartale.com/images/item/2380011.png,assets/items/raw/2380011.png,downloaded,200,image/png,1033,6ecfd28581882382f1be2978339873a380424271c048db5a3db55e87f06f41d2,,2026-06-03T22:57:51+08:00,https://mxdzlk.com/item/?page_num=166
2380012,item,,item,mxdzlk_item,https://mxdzlk.com/item/2380012/,https://static.mapleartale.com/images/item/2380012.png,assets/items/raw/2380012.png,downloaded,200,image/png,927,365db9d755282fbbfc5b5cdde63169b86636ae1261f4d0eb7f1b35543e3421e7,,2026-06-03T22:57:51+08:00,https://mxdzlk.com/item/?page_num=166
2380013,item,,item,mxdzlk_item,https://mxdzlk.com/item/2380013/,https://static.mapleartale.com/images/item/2380013.png,assets/items/raw/2380013.png,downloaded,200,image/png,1024,08d8af8cb711a83927ea9acd97252a45263d27d0e8aee9c444ace73116aef834,,2026-06-03T22:57:50+08:00,https://mxdzlk.com/item/?page_num=166
2380014,item,,item,mxdzlk_item,https://mxdzlk.com/item/2380014/,https://static.mapleartale.com/images/item/2380014.png,assets/items/raw/2380014.png,downloaded,200,image/png,1023,a8b06a23fb3eb2aa8154c87430282272332ae940bf928f4cacc3468c662b5cf8,,2026-06-03T22:57:51+08:00,https://mxdzlk.com/item/?page_num=167
2380015,item,,item,mxdzlk_item,https://mxdzlk.com/item/2380015/,https://static.mapleartale.com/images/item/2380015.png,assets/items/raw/2380015.png,downloaded,200,image/png,742,1cfe0296587283e6f8cbcdc5aea3f41c879d080254b46ad57243b43d1ceea0f9,,2026-06-03T22:57:50+08:00,https://mxdzlk.com/item/?page_num=167
2380016,item,,item,mxdzlk_item,https://mxdzlk.com/item/2380016/,https://static.mapleartale.com/images/item/2380016.png,assets/items/raw/2380016.png,downloaded,200,image/png,866,dca791b31514a73cef64bc22a04cd402738e8e3ae5d87e8ef32998a966dafe06,,2026-06-03T22:57:50+08:00,https://mxdzlk.com/item/?page_num=167
2380017,item,,item,mxdzlk_item,https://mxdzlk.com/item/2380017/,https://static.mapleartale.com/images/item/2380017.png,assets/items/raw/2380017.png,downloaded,200,image/png,854,a40c92c94d9782b076ed53cdb56eaf43903545a1ef64886d08ffe3aaff72307d,,2026-06-03T22:57:55+08:00,https://mxdzlk.com/item/?page_num=167
2380018,item,,item,mxdzlk_item,https://mxdzlk.com/item/2380018/,https://static.mapleartale.com/images/item/2380018.png,assets/items/raw/2380018.png,downloaded,200,image/png,856,eb635640e74f1820c81f247fc1fd876cd2f34e233ad04eb99f883423288963db,,2026-06-03T22:57:51+08:00,https://mxdzlk.com/item/?page_num=167
2380019,item,,item,mxdzlk_item,https://mxdzlk.com/item/2380019/,https://static.mapleartale.com/images/item/2380019.png,assets/items/raw/2380019.png,downloaded,200,image/png,824,5e8e573efaa94ee26345df1b32452535059c58181fd4eb2905fc2d64e423e7e4,,2026-06-03T22:57:51+08:00,https://mxdzlk.com/item/?page_num=167
2381000,item,,item,mxdzlk_item,https://mxdzlk.com/item/2381000/,https://static.mapleartale.com/images/item/2381000.png,assets/items/raw/2381000.png,downloaded,200,image/png,1053,9815851db3b5e39d4abb41f87da0e06a1f3f346c67e6d30fe8ed8aa9d0d337a9,,2026-06-03T22:57:51+08:00,https://mxdzlk.com/item/?page_num=167
2381001,item,,item,mxdzlk_item,https://mxdzlk.com/item/2381001/,https://static.mapleartale.com/images/item/2381001.png,assets/items/raw/2381001.png,downloaded,200,image/png,984,2c1d4214d62ee57664bcadfa0167176589aad5b76dfc87ceb59ff6a0ce290748,,2026-06-03T22:57:52+08:00,https://mxdzlk.com/item/?page_num=167
2381002,item,,item,mxdzlk_item,https://mxdzlk.com/item/2381002/,https://static.mapleartale.com/images/item/2381002.png,assets/items/raw/2381002.png,downloaded,200,image/png,964,eb4b72aa5d1186246edbb634cbf25029985d9911466a89063bc05d8f8b4e7639,,2026-06-03T22:57:52+08:00,https://mxdzlk.com/item/?page_num=167
2381003,item,,item,mxdzlk_item,https://mxdzlk.com/item/2381003/,https://static.mapleartale.com/images/item/2381003.png,assets/items/raw/2381003.png,downloaded,200,image/png,1025,4e524eb66504bc225d630fda46b5cd8a2a0bd1b1b4423b67b437bc9c9939f80b,,2026-06-03T22:57:52+08:00,https://mxdzlk.com/item/?page_num=167
2381004,item,,item,mxdzlk_item,https://mxdzlk.com/item/2381004/,https://static.mapleartale.com/images/item/2381004.png,assets/items/raw/2381004.png,downloaded,200,image/png,946,77d7ab6012d151bcabc88cdb23af850852e42936bba694f5da1ddd44eba367df,,2026-06-03T22:57:52+08:00,https://mxdzlk.com/item/?page_num=168
2381005,item,,item,mxdzlk_item,https://mxdzlk.com/item/2381005/,https://static.mapleartale.com/images/item/2381005.png,assets/items/raw/2381005.png,downloaded,200,image/png,896,a29ba11045b50949dd502614c99de54db1cb7007a3518ddcc8c53156c4486190,,2026-06-03T22:57:52+08:00,https://mxdzlk.com/item/?page_num=168
2381006,item,,item,mxdzlk_item,https://mxdzlk.com/item/2381006/,https://static.mapleartale.com/images/item/2381006.png,assets/items/raw/2381006.png,downloaded,200,image/png,962,54fb3b46e707a6a49f82d2f64c730794c09b879f40e13952c9cba83f9da8ebe6,,2026-06-03T22:57:53+08:00,https://mxdzlk.com/item/?page_num=168
2381007,item,,item,mxdzlk_item,https://mxdzlk.com/item/2381007/,https://static.mapleartale.com/images/item/2381007.png,assets/items/raw/2381007.png,downloaded,200,image/png,1148,277924d484b1e818368a31ca633c1558a57363afd07fcdc3105b3a0ca63d33c9,,2026-06-03T22:57:53+08:00,https://mxdzlk.com/item/?page_num=168
2381008,item,,item,mxdzlk_item,https://mxdzlk.com/item/2381008/,https://static.mapleartale.com/images/item/2381008.png,assets/items/raw/2381008.png,downloaded,200,image/png,1037,1a8467a54c2c8acc7c9d3193087d18cea8d303c3583ec724a6880d5dc45cc469,,2026-06-03T22:57:54+08:00,https://mxdzlk.com/item/?page_num=168
2381009,item,,item,mxdzlk_item,https://mxdzlk.com/item/2381009/,https://static.mapleartale.com/images/item/2381009.png,assets/items/raw/2381009.png,downloaded,200,image/png,878,7a2ce38b8050c0e1f4fc8842e76df5b932268274f0766567ac38ae51ac2569da,,2026-06-03T22:57:53+08:00,https://mxdzlk.com/item/?page_num=168
2381010,item,,item,mxdzlk_item,https://mxdzlk.com/item/2381010/,https://static.mapleartale.com/images/item/2381010.png,assets/items/raw/2381010.png,downloaded,200,image/png,1062,8beb68ac06a5f7e363cde9a4bcddc2de3b14107ca1c7f1a502a360ee79fe4279,,2026-06-03T22:57:53+08:00,https://mxdzlk.com/item/?page_num=168
2381011,item,,item,mxdzlk_item,https://mxdzlk.com/item/2381011/,https://static.mapleartale.com/images/item/2381011.png,assets/items/raw/2381011.png,downloaded,200,image/png,1224,b223ba4e2672a437d4d2fbcf91b13e470fc5370899de87b8ce910ee978497776,,2026-06-03T22:57:53+08:00,https://mxdzlk.com/item/?page_num=168
2381012,item,,item,mxdzlk_item,https://mxdzlk.com/item/2381012/,https://static.mapleartale.com/images/item/2381012.png,assets/items/raw/2381012.png,downloaded,200,image/png,762,655148d555b63d98fcefac5205ff71ed01273322b168f07f11dbbf8782b47f59,,2026-06-03T22:57:53+08:00,https://mxdzlk.com/item/?page_num=168
2381013,item,,item,mxdzlk_item,https://mxdzlk.com/item/2381013/,https://static.mapleartale.com/images/item/2381013.png,assets/items/raw/2381013.png,downloaded,200,image/png,1163,5bb1198974e111b4db7580e551cb31edbdde46d7c48f2dca0a67110144b70b6b,,2026-06-03T22:57:55+08:00,https://mxdzlk.com/item/?page_num=168
2381014,item,,item,mxdzlk_item,https://mxdzlk.com/item/2381014/,https://static.mapleartale.com/images/item/2381014.png,assets/items/raw/2381014.png,downloaded,200,image/png,1125,0d3b4c3dd3c03355e1978fe13a58035995e4b8fd4f7a554db899d4340b8ed979,,2026-06-03T22:57:54+08:00,https://mxdzlk.com/item/?page_num=169
2381015,item,,item,mxdzlk_item,https://mxdzlk.com/item/2381015/,https://static.mapleartale.com/images/item/2381015.png,assets/items/raw/2381015.png,downloaded,200,image/png,1095,5473500485ef1121ff6d422f5910362e41d22c95a818bf4d9df3c97a8cc9d1cf,,2026-06-03T22:57:56+08:00,https://mxdzlk.com/item/?page_num=169
2381016,item,,item,mxdzlk_item,https://mxdzlk.com/item/2381016/,https://static.mapleartale.com/images/item/2381016.png,assets/items/raw/2381016.png,downloaded,200,image/png,1060,b2e1873204460e2faa933322b93c7294b8ec6929f6b4dadbdd2c90437019f773,,2026-06-03T22:57:57+08:00,https://mxdzlk.com/item/?page_num=169
2381017,item,,item,mxdzlk_item,https://mxdzlk.com/item/2381017/,https://static.mapleartale.com/images/item/2381017.png,assets/items/raw/2381017.png,downloaded,200,image/png,1046,805bc51db85b49925b84f692e9bbfa2a6d4b2f9c1d2aff7213dafb37e9dec175,,2026-06-03T22:57:54+08:00,https://mxdzlk.com/item/?page_num=169
2381018,item,,item,mxdzlk_item,https://mxdzlk.com/item/2381018/,https://static.mapleartale.com/images/item/2381018.png,assets/items/raw/2381018.png,downloaded,200,image/png,1077,9e2bb2dfc9422edaa5bed6418325d6a154e3591cf729569ee52c3c1fb0038adf,,2026-06-03T22:57:54+08:00,https://mxdzlk.com/item/?page_num=169
2381019,item,,item,mxdzlk_item,https://mxdzlk.com/item/2381019/,https://static.mapleartale.com/images/item/2381019.png,assets/items/raw/2381019.png,downloaded,200,image/png,1137,8095da234fc532429ee041bc4d2499061213c3d3f05b8d4c2391fab405d1304c,,2026-06-03T22:57:56+08:00,https://mxdzlk.com/item/?page_num=169
2381020,item,,item,mxdzlk_item,https://mxdzlk.com/item/2381020/,https://static.mapleartale.com/images/item/2381020.png,assets/items/raw/2381020.png,downloaded,200,image/png,1168,7f0874c58a2d90a1f2c8b72bc20d1931ce6357d3b0a817fa21ba69c9297e19e7,,2026-06-03T22:57:59+08:00,https://mxdzlk.com/item/?page_num=169
2381021,item,,item,mxdzlk_item,https://mxdzlk.com/item/2381021/,https://static.mapleartale.com/images/item/2381021.png,assets/items/raw/2381021.png,downloaded,200,image/png,1187,27ae5e014510c927b5c2878a2a8eb001f5eabce93ca27eb9e1e1b07ab936add1,,2026-06-03T22:57:56+08:00,https://mxdzlk.com/item/?page_num=169
2381022,item,,item,mxdzlk_item,https://mxdzlk.com/item/2381022/,https://static.mapleartale.com/images/item/2381022.png,assets/items/raw/2381022.png,downloaded,200,image/png,980,3ae38be75511c102dc48efccc7ee49e66c96fc87f78be3e0f913c04e4df1f59e,,2026-06-03T22:57:55+08:00,https://mxdzlk.com/item/?page_num=169
2381023,item,,item,mxdzlk_item,https://mxdzlk.com/item/2381023/,https://static.mapleartale.com/images/item/2381023.png,assets/items/raw/2381023.png,downloaded,200,image/png,1220,8bdd6d20b9b573498da165d4f286e41d0c125762b21f309917377c1138e11743,,2026-06-03T22:57:57+08:00,https://mxdzlk.com/item/?page_num=169
2381024,item,,item,mxdzlk_item,https://mxdzlk.com/item/2381024/,https://static.mapleartale.com/images/item/2381024.png,assets/items/raw/2381024.png,downloaded,200,image/png,1218,bd53fcf2772c0cdd92eadc251d47bc0a535ce84be72640b18c826400bb8b6a5d,,2026-06-03T22:57:56+08:00,https://mxdzlk.com/item/?page_num=170
2381025,item,,item,mxdzlk_item,https://mxdzlk.com/item/2381025/,https://static.mapleartale.com/images/item/2381025.png,assets/items/raw/2381025.png,downloaded,200,image/png,1093,6226046ff0e5e40881ec0939d2d13bebe0fbcf253e9dc5c59c7c8af2bb416232,,2026-06-03T22:57:56+08:00,https://mxdzlk.com/item/?page_num=170
2381026,item,,item,mxdzlk_item,https://mxdzlk.com/item/2381026/,https://static.mapleartale.com/images/item/2381026.png,assets/items/raw/2381026.png,downloaded,200,image/png,1082,473f5ce61e11caa0abc2f53cd47c113aef654bbd82df6ce71fd274d177314108,,2026-06-03T22:57:58+08:00,https://mxdzlk.com/item/?page_num=170
2381027,item,,item,mxdzlk_item,https://mxdzlk.com/item/2381027/,https://static.mapleartale.com/images/item/2381027.png,assets/items/raw/2381027.png,downloaded,200,image/png,1161,72bbed70e86d1e34db4bfa3fca8883ebf32aa41985c5e47958f75c9119c72692,,2026-06-03T22:57:58+08:00,https://mxdzlk.com/item/?page_num=170
2381028,item,,item,mxdzlk_item,https://mxdzlk.com/item/2381028/,https://static.mapleartale.com/images/item/2381028.png,assets/items/raw/2381028.png,downloaded,200,image/png,1303,0e2af05649240f0ef855274b3fb476ce714dd0068ebd199afb1a60bc4064739d,,2026-06-03T22:57:57+08:00,https://mxdzlk.com/item/?page_num=170
2381029,item,,item,mxdzlk_item,https://mxdzlk.com/item/2381029/,https://static.mapleartale.com/images/item/2381029.png,assets/items/raw/2381029.png,downloaded,200,image/png,1211,4a2a19f793fc1b72a4fd62d4b235ebdc826da311844b51238cf17d5f5a71296a,,2026-06-03T22:58:00+08:00,https://mxdzlk.com/item/?page_num=170
2381030,item,,item,mxdzlk_item,https://mxdzlk.com/item/2381030/,https://static.mapleartale.com/images/item/2381030.png,assets/items/raw/2381030.png,downloaded,200,image/png,1214,89055ad45f58dfb81bf2cc476faf9b4ca459f79f63dd98c159d5d067ca2da61e,,2026-06-03T22:57:58+08:00,https://mxdzlk.com/item/?page_num=170
2381031,item,,item,mxdzlk_item,https://mxdzlk.com/item/2381031/,https://static.mapleartale.com/images/item/2381031.png,assets/items/raw/2381031.png,downloaded,200,image/png,1136,7a3894c1ebde3d131499d82347f85901e46bce80ae54cdebea285674cb9932b8,,2026-06-03T22:57:58+08:00,https://mxdzlk.com/item/?page_num=170
2381032,item,,item,mxdzlk_item,https://mxdzlk.com/item/2381032/,https://static.mapleartale.com/images/item/2381032.png,assets/items/raw/2381032.png,downloaded,200,image/png,980,4f5105f2349d441a8e7a69702b09ceb40e9ba9a5f6a5c07e258a878c7c59000d,,2026-06-03T22:57:58+08:00,https://mxdzlk.com/item/?page_num=170
2381033,item,,item,mxdzlk_item,https://mxdzlk.com/item/2381033/,https://static.mapleartale.com/images/item/2381033.png,assets/items/raw/2381033.png,downloaded,200,image/png,1232,e01a4277c038dd47c16722099b9fc1dfda3d335e12c6898a58709ba4ee96d223,,2026-06-03T22:58:00+08:00,https://mxdzlk.com/item/?page_num=170
2381034,item,,item,mxdzlk_item,https://mxdzlk.com/item/2381034/,https://static.mapleartale.com/images/item/2381034.png,assets/items/raw/2381034.png,downloaded,200,image/png,1142,b0ffe5587a5eea38cdf1dd971f44003119efc1dd9c5e99683243b800c1d3de1d,,2026-06-03T22:57:59+08:00,https://mxdzlk.com/item/?page_num=171
2381035,item,,item,mxdzlk_item,https://mxdzlk.com/item/2381035/,https://static.mapleartale.com/images/item/2381035.png,assets/items/raw/2381035.png,downloaded,200,image/png,1098,7013a814d732309ce654a6a419c2d430e1ef6a3f2cfcb210a42f870e1b6bfdc6,,2026-06-03T22:57:59+08:00,https://mxdzlk.com/item/?page_num=171
2381036,item,,item,mxdzlk_item,https://mxdzlk.com/item/2381036/,https://static.mapleartale.com/images/item/2381036.png,assets/items/raw/2381036.png,downloaded,200,image/png,1176,b5014c7ab56894bd19abb73d252211a049202dd3c79a4a1f579726b1854c4e34,,2026-06-03T22:57:59+08:00,https://mxdzlk.com/item/?page_num=171
2381037,item,,item,mxdzlk_item,https://mxdzlk.com/item/2381037/,https://static.mapleartale.com/images/item/2381037.png,assets/items/raw/2381037.png,downloaded,200,image/png,1051,07cf33cbac0d269b9fbc31288b0fc7d929cd3e98a27e0cf619cd735681028092,,2026-06-03T22:58:00+08:00,https://mxdzlk.com/item/?page_num=171
2381038,item,,item,mxdzlk_item,https://mxdzlk.com/item/2381038/,https://static.mapleartale.com/images/item/2381038.png,assets/items/raw/2381038.png,downloaded,200,image/png,983,d79ff597ed331baa096bf523a86f143d7549d10cf61ab2044f92d139d2b81a65,,2026-06-03T22:57:59+08:00,https://mxdzlk.com/item/?page_num=171
2381039,item,,item,mxdzlk_item,https://mxdzlk.com/item/2381039/,https://static.mapleartale.com/images/item/2381039.png,assets/items/raw/2381039.png,downloaded,200,image/png,1029,9fdce2684d6b797b701bdcf6c3049167360a70d6423c17bdb6db9daa9b9454f8,,2026-06-03T22:58:00+08:00,https://mxdzlk.com/item/?page_num=171
2381040,item,,item,mxdzlk_item,https://mxdzlk.com/item/2381040/,https://static.mapleartale.com/images/item/2381040.png,assets/items/raw/2381040.png,downloaded,200,image/png,1141,33352224d305dcc1dd57ed60e84492c1f9807c8e32d862ec0369a28a6d75700a,,2026-06-03T22:58:00+08:00,https://mxdzlk.com/item/?page_num=171
2381041,item,,item,mxdzlk_item,https://mxdzlk.com/item/2381041/,https://static.mapleartale.com/images/item/2381041.png,assets/items/raw/2381041.png,downloaded,200,image/png,940,7e3e0e17b0c5420f8d3c75a8fbcb54124f28d10562ec3bf1831d3de6a8512368,,2026-06-03T22:58:01+08:00,https://mxdzlk.com/item/?page_num=171
2381042,item,,item,mxdzlk_item,https://mxdzlk.com/item/2381042/,https://static.mapleartale.com/images/item/2381042.png,assets/items/raw/2381042.png,downloaded,200,image/png,824,e9dfc41b38a1990045c0834418410b437b2df0cd49675dd241fd25bda2bfb346,,2026-06-03T22:58:01+08:00,https://mxdzlk.com/item/?page_num=171
2381043,item,,item,mxdzlk_item,https://mxdzlk.com/item/2381043/,https://static.mapleartale.com/images/item/2381043.png,assets/items/raw/2381043.png,downloaded,200,image/png,824,e9dfc41b38a1990045c0834418410b437b2df0cd49675dd241fd25bda2bfb346,,2026-06-03T22:58:00+08:00,https://mxdzlk.com/item/?page_num=171
2381044,item,,item,mxdzlk_item,https://mxdzlk.com/item/2381044/,https://static.mapleartale.com/images/item/2381044.png,assets/items/raw/2381044.png,downloaded,200,image/png,1196,2be6d17c05b75f5c3b5e998c8a15e7f48983c9ee45d73c4761a93cbcc4ba97c1,,2026-06-03T22:58:01+08:00,https://mxdzlk.com/item/?page_num=172
2381045,item,,item,mxdzlk_item,https://mxdzlk.com/item/2381045/,https://static.mapleartale.com/images/item/2381045.png,assets/items/raw/2381045.png,downloaded,200,image/png,1037,4b69bb211274cfab6f1d39481b52e31c6e21371ccce60eeb3eaedaee800544a5,,2026-06-03T22:58:01+08:00,https://mxdzlk.com/item/?page_num=172
2381046,item,,item,mxdzlk_item,https://mxdzlk.com/item/2381046/,https://static.mapleartale.com/images/item/2381046.png,assets/items/raw/2381046.png,downloaded,200,image/png,1091,e7db0e510c93d3b0ee52236544b3b5346388b317d3d4f1ee0dcbbdd778de9034,,2026-06-03T22:58:03+08:00,https://mxdzlk.com/item/?page_num=172
2381047,item,,item,mxdzlk_item,https://mxdzlk.com/item/2381047/,https://static.mapleartale.com/images/item/2381047.png,assets/items/raw/2381047.png,downloaded,200,image/png,1095,b032546dba91f6e2aad414f746872894fa10f89d7e3c4402611d855d2a94c596,,2026-06-03T22:58:01+08:00,https://mxdzlk.com/item/?page_num=172
2381048,item,,item,mxdzlk_item,https://mxdzlk.com/item/2381048/,https://static.mapleartale.com/images/item/2381048.png,assets/items/raw/2381048.png,downloaded,200,image/png,939,0a882cedf0e95c99227a55a466acfbb96567acd7f691ed2bffceff7bf5464e1a,,2026-06-03T22:58:01+08:00,https://mxdzlk.com/item/?page_num=172
2381049,item,,item,mxdzlk_item,https://mxdzlk.com/item/2381049/,https://static.mapleartale.com/images/item/2381049.png,assets/items/raw/2381049.png,downloaded,200,image/png,882,302d76fd8922c7aa78fa762a93677bfcce0af45a74489f7c81ed723f6f3e9dd5,,2026-06-03T22:58:02+08:00,https://mxdzlk.com/item/?page_num=172
2381050,item,,item,mxdzlk_item,https://mxdzlk.com/item/2381050/,https://static.mapleartale.com/images/item/2381050.png,assets/items/raw/2381050.png,downloaded,200,image/png,876,48bf372aa35b560f7104912b272712691efbb09443a316eb3ae0cfde5a33badb,,2026-06-03T22:58:03+08:00,https://mxdzlk.com/item/?page_num=172
2381051,item,,item,mxdzlk_item,https://mxdzlk.com/item/2381051/,https://static.mapleartale.com/images/item/2381051.png,assets/items/raw/2381051.png,downloaded,200,image/png,971,5988858916ba585b06ab636c0ad151b8068efcd5e68ae1de600576e2c376994d,,2026-06-03T22:58:03+08:00,https://mxdzlk.com/item/?page_num=172
2381052,item,,item,mxdzlk_item,https://mxdzlk.com/item/2381052/,https://static.mapleartale.com/images/item/2381052.png,assets/items/raw/2381052.png,downloaded,200,image/png,985,d26310c4f8b93c48c0451af0e89a3098aacfbc5fe0df867c76c2ef0d9c9733eb,,2026-06-03T22:58:03+08:00,https://mxdzlk.com/item/?page_num=172
2381053,item,,item,mxdzlk_item,https://mxdzlk.com/item/2381053/,https://static.mapleartale.com/images/item/2381053.png,assets/items/raw/2381053.png,downloaded,200,image/png,904,ffe1cd3446e22337a400efe060f0ce203cd9c0075c5e3e579daf3e4f7364f9b2,,2026-06-03T22:58:05+08:00,https://mxdzlk.com/item/?page_num=172
2381054,item,,item,mxdzlk_item,https://mxdzlk.com/item/2381054/,https://static.mapleartale.com/images/item/2381054.png,assets/items/raw/2381054.png,downloaded,200,image/png,972,a2b355c99ad710cd6bfe8d55ce10cadffa645540b4e81c4b9e56f1d7aebfce9b,,2026-06-03T22:58:04+08:00,https://mxdzlk.com/item/?page_num=173
2381055,item,,item,mxdzlk_item,https://mxdzlk.com/item/2381055/,https://static.mapleartale.com/images/item/2381055.png,assets/items/raw/2381055.png,downloaded,200,image/png,946,533ab15e9c347f815a05887f5980e11429aad6f8f99cefe8948c490c73dfb85d,,2026-06-03T22:58:03+08:00,https://mxdzlk.com/item/?page_num=173
2381056,item,,item,mxdzlk_item,https://mxdzlk.com/item/2381056/,https://static.mapleartale.com/images/item/2381056.png,assets/items/raw/2381056.png,downloaded,200,image/png,858,a9271ba452b935371157642489ad8a3080be6d42609b7457d30c73a2fc453cc8,,2026-06-03T22:58:03+08:00,https://mxdzlk.com/item/?page_num=173
2381057,item,,item,mxdzlk_item,https://mxdzlk.com/item/2381057/,https://static.mapleartale.com/images/item/2381057.png,assets/items/raw/2381057.png,downloaded,200,image/png,905,30968f83e7c6d9771a1776a3f6d71e22c242ebc3ef538098615807937834324c,,2026-06-03T22:58:04+08:00,https://mxdzlk.com/item/?page_num=173
2381058,item,,item,mxdzlk_item,https://mxdzlk.com/item/2381058/,https://static.mapleartale.com/images/item/2381058.png,assets/items/raw/2381058.png,downloaded,200,image/png,928,74824a958790dc6e46ff3f175b1518bb8ce1603e49e2aa9a28e21aa814680b72,,2026-06-03T22:58:04+08:00,https://mxdzlk.com/item/?page_num=173
2381059,item,,item,mxdzlk_item,https://mxdzlk.com/item/2381059/,https://static.mapleartale.com/images/item/2381059.png,assets/items/raw/2381059.png,downloaded,200,image/png,930,6fd535ed446c69750a3c54babeb8bfa85917806b39c5b71102f626815ff36826,,2026-06-03T22:58:07+08:00,https://mxdzlk.com/item/?page_num=173
2381060,item,,item,mxdzlk_item,https://mxdzlk.com/item/2381060/,https://static.mapleartale.com/images/item/2381060.png,assets/items/raw/2381060.png,downloaded,200,image/png,980,4322cf729f073ca0a209390ee42a8f44fb7e6a332c5216d5d51b08f051f63e99,,2026-06-03T22:58:04+08:00,https://mxdzlk.com/item/?page_num=173
2381061,item,,item,mxdzlk_item,https://mxdzlk.com/item/2381061/,https://static.mapleartale.com/images/item/2381061.png,assets/items/raw/2381061.png,downloaded,200,image/png,923,5feebd98ef3169a5913acf0991633a2c0f55e2ea1cce3b35f5d055594eff48c3,,2026-06-03T22:58:04+08:00,https://mxdzlk.com/item/?page_num=173
2381062,item,,item,mxdzlk_item,https://mxdzlk.com/item/2381062/,https://static.mapleartale.com/images/item/2381062.png,assets/items/raw/2381062.png,downloaded,200,image/png,846,4e039ece633b4490d2ef209881730a2a5cd184cd28f7a593710a2da3589e65e6,,2026-06-03T22:58:05+08:00,https://mxdzlk.com/item/?page_num=173
2381063,item,,item,mxdzlk_item,https://mxdzlk.com/item/2381063/,https://static.mapleartale.com/images/item/2381063.png,assets/items/raw/2381063.png,downloaded,200,image/png,879,495c955588d3d9a0fb5c5f0eac9f3013b11f13e436181c8bd158526427bd6da9,,2026-06-03T22:58:06+08:00,https://mxdzlk.com/item/?page_num=173
2381064,item,,item,mxdzlk_item,https://mxdzlk.com/item/2381064/,https://static.mapleartale.com/images/item/2381064.png,assets/items/raw/2381064.png,downloaded,200,image/png,985,30ba606d6aa5211b1d35ea1f1e794d8757d0007b98b295dc9e69816925ce472d,,2026-06-03T22:58:05+08:00,https://mxdzlk.com/item/?page_num=174
2381065,item,,item,mxdzlk_item,https://mxdzlk.com/item/2381065/,https://static.mapleartale.com/images/item/2381065.png,assets/items/raw/2381065.png,downloaded,200,image/png,888,0b607a2aae522d1fa76b342e153ef0c1761d89cb3a4f3782c7b71a4ec42b22c9,,2026-06-03T22:58:06+08:00,https://mxdzlk.com/item/?page_num=174
2381066,item,,item,mxdzlk_item,https://mxdzlk.com/item/2381066/,https://static.mapleartale.com/images/item/2381066.png,assets/items/raw/2381066.png,downloaded,200,image/png,959,06527e27bf411c5f6e51fbac072ead4787764bb34ed6cdb3083d911a92559f29,,2026-06-03T22:58:05+08:00,https://mxdzlk.com/item/?page_num=174
2381067,item,,item,mxdzlk_item,https://mxdzlk.com/item/2381067/,https://static.mapleartale.com/images/item/2381067.png,assets/items/raw/2381067.png,downloaded,200,image/png,950,f4633767e1a5fa175b13ce65c6d79c77c7b5bf4f935a02e8f196b3d82b2b5299,,2026-06-03T22:58:05+08:00,https://mxdzlk.com/item/?page_num=174
2381068,item,,item,mxdzlk_item,https://mxdzlk.com/item/2381068/,https://static.mapleartale.com/images/item/2381068.png,assets/items/raw/2381068.png,downloaded,200,image/png,962,bac4746c218a56023d8b5547c0807a60b4c86f62d1177ccc0ec01d400b9829a9,,2026-06-03T22:58:06+08:00,https://mxdzlk.com/item/?page_num=174
2381069,item,,item,mxdzlk_item,https://mxdzlk.com/item/2381069/,https://static.mapleartale.com/images/item/2381069.png,assets/items/raw/2381069.png,downloaded,200,image/png,976,a1179c12507c43aac5aee0728ddec1c62c510942a691e01b938eb1ae86e60238,,2026-06-03T22:58:06+08:00,https://mxdzlk.com/item/?page_num=174
2381070,item,,item,mxdzlk_item,https://mxdzlk.com/item/2381070/,https://static.mapleartale.com/images/item/2381070.png,assets/items/raw/2381070.png,downloaded,200,image/png,892,28852b2a65d9991693589fa80a478159b9500cb7f848b488d713eb67a7ce25c5,,2026-06-03T22:58:06+08:00,https://mxdzlk.com/item/?page_num=174
2381071,item,,item,mxdzlk_item,https://mxdzlk.com/item/2381071/,https://static.mapleartale.com/images/item/2381071.png,assets/items/raw/2381071.png,downloaded,200,image/png,903,846f71b045fef592b530b0bc178d48e0f5a5dd169c566c20a405b6bcdd5d8f0b,,2026-06-03T22:58:06+08:00,https://mxdzlk.com/item/?page_num=174
2381072,item,,item,mxdzlk_item,https://mxdzlk.com/item/2381072/,https://static.mapleartale.com/images/item/2381072.png,assets/items/raw/2381072.png,downloaded,200,image/png,992,03e8c777ac114b81a772e796735721a057baf0821b5aae2915fe3f0e731efa38,,2026-06-03T22:58:07+08:00,https://mxdzlk.com/item/?page_num=174
2381073,item,,item,mxdzlk_item,https://mxdzlk.com/item/2381073/,https://static.mapleartale.com/images/item/2381073.png,assets/items/raw/2381073.png,downloaded,200,image/png,861,8ece631953a91b2f84758a9a929028c951201d0478bdc5478fe368adaae4d106,,2026-06-03T22:58:09+08:00,https://mxdzlk.com/item/?page_num=174
2381082,item,,item,mxdzlk_item,https://mxdzlk.com/item/2381082/,https://static.mapleartale.com/images/item/2381082.png,assets/items/raw/2381082.png,downloaded,200,image/png,896,4e2c6f16f218e8defda31c6594df17db1d78ee114a34308215fa7bae0e25ccbb,,2026-06-03T22:58:07+08:00,https://mxdzlk.com/item/?page_num=175
2381083,item,,item,mxdzlk_item,https://mxdzlk.com/item/2381083/,https://static.mapleartale.com/images/item/2381083.png,assets/items/raw/2381083.png,downloaded,200,image/png,1086,c857a49eef7e6628a7d496342100f3d6d8d12167f5b4cec54358e39427b2f7d7,,2026-06-03T22:58:09+08:00,https://mxdzlk.com/item/?page_num=175
2382000,item,,item,mxdzlk_item,https://mxdzlk.com/item/2382000/,https://static.mapleartale.com/images/item/2382000.png,assets/items/raw/2382000.png,downloaded,200,image/png,1017,4c07a02980da279e5792c800bf227fd9213060127273481266232846e5eb282b,,2026-06-03T22:58:08+08:00,https://mxdzlk.com/item/?page_num=175
2382001,item,,item,mxdzlk_item,https://mxdzlk.com/item/2382001/,https://static.mapleartale.com/images/item/2382001.png,assets/items/raw/2382001.png,downloaded,200,image/png,1253,9945f45cbe265b9908aad7d8324ee9bf4d3cab88f8caa64499e09ab11d4681e5,,2026-06-03T22:58:08+08:00,https://mxdzlk.com/item/?page_num=175
2382002,item,,item,mxdzlk_item,https://mxdzlk.com/item/2382002/,https://static.mapleartale.com/images/item/2382002.png,assets/items/raw/2382002.png,downloaded,200,image/png,895,33a8ae9d0d9229e4a2e919aec148121f58661f6b9acda36b6800ca208d3ea82f,,2026-06-03T22:58:08+08:00,https://mxdzlk.com/item/?page_num=175
2382003,item,,item,mxdzlk_item,https://mxdzlk.com/item/2382003/,https://static.mapleartale.com/images/item/2382003.png,assets/items/raw/2382003.png,downloaded,200,image/png,1111,61e2f26bb2564450e120707386a96a99acb29511032bd1be93526f84b4cfe9ef,,2026-06-03T22:58:11+08:00,https://mxdzlk.com/item/?page_num=175
2382004,item,,item,mxdzlk_item,https://mxdzlk.com/item/2382004/,https://static.mapleartale.com/images/item/2382004.png,assets/items/raw/2382004.png,downloaded,200,image/png,1280,abd6a71f2f4a624e1557a87012ca38cf01ea6d0b1da25d72aacaef1c19fbe5ae,,2026-06-03T22:58:09+08:00,https://mxdzlk.com/item/?page_num=175
2382005,item,,item,mxdzlk_item,https://mxdzlk.com/item/2382005/,https://static.mapleartale.com/images/item/2382005.png,assets/items/raw/2382005.png,downloaded,200,image/png,961,aa0dfe91d641dd95fc09e6b66703515d5c5251050f527580965437ff4ad15598,,2026-06-03T22:58:09+08:00,https://mxdzlk.com/item/?page_num=175
2382006,item,,item,mxdzlk_item,https://mxdzlk.com/item/2382006/,https://static.mapleartale.com/images/item/2382006.png,assets/items/raw/2382006.png,downloaded,200,image/png,832,06eb5195828a1683019b1b81421c4066378eebcb03d7337b634966a3877023da,,2026-06-03T22:58:09+08:00,https://mxdzlk.com/item/?page_num=175
2382007,item,,item,mxdzlk_item,https://mxdzlk.com/item/2382007/,https://static.mapleartale.com/images/item/2382007.png,assets/items/raw/2382007.png,downloaded,200,image/png,944,089a153a36c260c214f233745796db920a8541a5686d4087a385acf762b0f3bd,,2026-06-03T22:58:10+08:00,https://mxdzlk.com/item/?page_num=175
2382008,item,,item,mxdzlk_item,https://mxdzlk.com/item/2382008/,https://static.mapleartale.com/images/item/2382008.png,assets/items/raw/2382008.png,downloaded,200,image/png,1039,8f509abb8e7153165629609497f91f052f3cc8457bc1ede77ac33f18c61f2051,,2026-06-03T22:58:10+08:00,https://mxdzlk.com/item/?page_num=176
2382009,item,,item,mxdzlk_item,https://mxdzlk.com/item/2382009/,https://static.mapleartale.com/images/item/2382009.png,assets/items/raw/2382009.png,downloaded,200,image/png,926,a3cdc093dd212e274450e16c09a3c51997d6701df90c870c36f0cdca4dc88db4,,2026-06-03T22:58:10+08:00,https://mxdzlk.com/item/?page_num=176
2382010,item,,item,mxdzlk_item,https://mxdzlk.com/item/2382010/,https://static.mapleartale.com/images/item/2382010.png,assets/items/raw/2382010.png,downloaded,200,image/png,1122,dd16469b5665c77c7cebae2118c10704bb7bebf6f5775f2456765380fd53e51e,,2026-06-03T22:58:11+08:00,https://mxdzlk.com/item/?page_num=176
2382011,item,,item,mxdzlk_item,https://mxdzlk.com/item/2382011/,https://static.mapleartale.com/images/item/2382011.png,assets/items/raw/2382011.png,downloaded,200,image/png,1149,b9e970c2cb885fb8bd7e414f8639458db6ff8d56c3cc0b12dcd6ddc17bbdafb5,,2026-06-03T22:58:10+08:00,https://mxdzlk.com/item/?page_num=176
2382012,item,,item,mxdzlk_item,https://mxdzlk.com/item/2382012/,https://static.mapleartale.com/images/item/2382012.png,assets/items/raw/2382012.png,downloaded,200,image/png,1157,c122bd1a94bd7964b67ed67e79d016d05797460c5158faccee379d4a29c7f902,,2026-06-03T22:58:11+08:00,https://mxdzlk.com/item/?page_num=176
2382013,item,,item,mxdzlk_item,https://mxdzlk.com/item/2382013/,https://static.mapleartale.com/images/item/2382013.png,assets/items/raw/2382013.png,downloaded,200,image/png,1144,bfa1c380d1ad80251ab42ed0017d44035f02d97ba3a38fd642ba850da4557392,,2026-06-03T22:58:12+08:00,https://mxdzlk.com/item/?page_num=176
2382014,item,,item,mxdzlk_item,https://mxdzlk.com/item/2382014/,https://static.mapleartale.com/images/item/2382014.png,assets/items/raw/2382014.png,downloaded,200,image/png,840,0e2ca786b91881489e94a6d5bc6c4f9ec6cf6b43aeb9d9e59617ec99f05e2f78,,2026-06-03T22:58:11+08:00,https://mxdzlk.com/item/?page_num=176
2382015,item,,item,mxdzlk_item,https://mxdzlk.com/item/2382015/,https://static.mapleartale.com/images/item/2382015.png,assets/items/raw/2382015.png,downloaded,200,image/png,1262,56e2f42b87f907339e979386e839f87b3f19495efdac3f9cce9e31b3cd2cfea4,,2026-06-03T22:58:11+08:00,https://mxdzlk.com/item/?page_num=176
2382016,item,,item,mxdzlk_item,https://mxdzlk.com/item/2382016/,https://static.mapleartale.com/images/item/2382016.png,assets/items/raw/2382016.png,downloaded,200,image/png,847,7fdac9eaae11f2f02fe29061768295718cfd87826824a9d3b9ed3fda44fd1427,,2026-06-03T22:58:11+08:00,https://mxdzlk.com/item/?page_num=176
2382017,item,,item,mxdzlk_item,https://mxdzlk.com/item/2382017/,https://static.mapleartale.com/images/item/2382017.png,assets/items/raw/2382017.png,downloaded,200,image/png,1109,7f8a61d2a22ea495c7368cc4d0a7b3ea42fcb82d4014f01dbe4ad7b651c8c814,,2026-06-03T22:58:13+08:00,https://mxdzlk.com/item/?page_num=176
2382018,item,,item,mxdzlk_item,https://mxdzlk.com/item/2382018/,https://static.mapleartale.com/images/item/2382018.png,assets/items/raw/2382018.png,downloaded,200,image/png,1196,62831f5fa1174f9a90e853eb24795fd90d960b6b88fc8a200240fe10d3cd866c,,2026-06-03T22:58:11+08:00,https://mxdzlk.com/item/?page_num=177
2382019,item,,item,mxdzlk_item,https://mxdzlk.com/item/2382019/,https://static.mapleartale.com/images/item/2382019.png,assets/items/raw/2382019.png,downloaded,200,image/png,985,64bd8981b11c1348522c75662cd9a0daf1e95a2ec259949576b699650586fc40,,2026-06-03T22:58:13+08:00,https://mxdzlk.com/item/?page_num=177
2382020,item,,item,mxdzlk_item,https://mxdzlk.com/item/2382020/,https://static.mapleartale.com/images/item/2382020.png,assets/items/raw/2382020.png,downloaded,200,image/png,1143,26b3b8e79a6eea41c4679dbe0b9c39dce09db6bdc347394d0c27d39d5eea6c8f,,2026-06-03T22:58:12+08:00,https://mxdzlk.com/item/?page_num=177
2382021,item,,item,mxdzlk_item,https://mxdzlk.com/item/2382021/,https://static.mapleartale.com/images/item/2382021.png,assets/items/raw/2382021.png,downloaded,200,image/png,1061,c8d7cdf5210c3262691bfa964ef3cfbecf8c98c8d4798cc55ce4c29a8558453c,,2026-06-03T22:58:12+08:00,https://mxdzlk.com/item/?page_num=177
2382022,item,,item,mxdzlk_item,https://mxdzlk.com/item/2382022/,https://static.mapleartale.com/images/item/2382022.png,assets/items/raw/2382022.png,downloaded,200,image/png,1102,0d4864ebae9c45244e59fa02da9258ce79bbc152f14228b916e6021fa04625c0,,2026-06-03T22:58:12+08:00,https://mxdzlk.com/item/?page_num=177
2382023,item,,item,mxdzlk_item,https://mxdzlk.com/item/2382023/,https://static.mapleartale.com/images/item/2382023.png,assets/items/raw/2382023.png,downloaded,200,image/png,885,46feafbc25dd7e326e1ea2feb5a7695fa8b6b9a2d4b455397a610ca985b2a6a1,,2026-06-03T22:58:12+08:00,https://mxdzlk.com/item/?page_num=177
2382024,item,,item,mxdzlk_item,https://mxdzlk.com/item/2382024/,https://static.mapleartale.com/images/item/2382024.png,assets/items/raw/2382024.png,downloaded,200,image/png,1044,25051a0ac0ea475c7592732fe4969fa5d7b0a99f1bf26f4b220c0814e2d61738,,2026-06-03T22:58:13+08:00,https://mxdzlk.com/item/?page_num=177
2382025,item,,item,mxdzlk_item,https://mxdzlk.com/item/2382025/,https://static.mapleartale.com/images/item/2382025.png,assets/items/raw/2382025.png,downloaded,200,image/png,1106,1c1ef7fa3220b5fb7f9a702cc3753afedda99c21f4a7ab77e65bdd0acaffa9f4,,2026-06-03T22:58:14+08:00,https://mxdzlk.com/item/?page_num=177
2382026,item,,item,mxdzlk_item,https://mxdzlk.com/item/2382026/,https://static.mapleartale.com/images/item/2382026.png,assets/items/raw/2382026.png,downloaded,200,image/png,1222,0e919332c8d6cf92aa5144f0e4702fc02be036fe08c7cd9c505021103e3613a1,,2026-06-03T22:58:13+08:00,https://mxdzlk.com/item/?page_num=177
2382027,item,,item,mxdzlk_item,https://mxdzlk.com/item/2382027/,https://static.mapleartale.com/images/item/2382027.png,assets/items/raw/2382027.png,downloaded,200,image/png,1216,c2d17a5a52f5bad8d1019552423d55c8cbf3a020c8058d4ab30cfb4997eea19c,,2026-06-03T22:58:14+08:00,https://mxdzlk.com/item/?page_num=177
2382028,item,,item,mxdzlk_item,https://mxdzlk.com/item/2382028/,https://static.mapleartale.com/images/item/2382028.png,assets/items/raw/2382028.png,downloaded,200,image/png,1117,81bb182dc970c4d6fd9f43c50ec71d82a2d32984f2c11ba37574c2d9e3a9825a,,2026-06-03T22:58:14+08:00,https://mxdzlk.com/item/?page_num=178
2382029,item,,item,mxdzlk_item,https://mxdzlk.com/item/2382029/,https://static.mapleartale.com/images/item/2382029.png,assets/items/raw/2382029.png,downloaded,200,image/png,1073,3bb06dccc44958ded2d4ddc14ac37bfa2c2431ca8cf9093a5bb5dbfa6c7241e4,,2026-06-03T22:58:13+08:00,https://mxdzlk.com/item/?page_num=178
2382030,item,,item,mxdzlk_item,https://mxdzlk.com/item/2382030/,https://static.mapleartale.com/images/item/2382030.png,assets/items/raw/2382030.png,downloaded,200,image/png,1267,12311caaed5a4003e92e8ce42e76affad19cc2b142eaf21dd360008e5fb705a6,,2026-06-03T22:58:14+08:00,https://mxdzlk.com/item/?page_num=178
2382031,item,,item,mxdzlk_item,https://mxdzlk.com/item/2382031/,https://static.mapleartale.com/images/item/2382031.png,assets/items/raw/2382031.png,downloaded,200,image/png,1121,3cef22743129739b479e71f248ef08d7468b0f7979115693b7ae953623c7ee2d,,2026-06-03T22:58:15+08:00,https://mxdzlk.com/item/?page_num=178
2382032,item,,item,mxdzlk_item,https://mxdzlk.com/item/2382032/,https://static.mapleartale.com/images/item/2382032.png,assets/items/raw/2382032.png,downloaded,200,image/png,1188,5eb35786da1266c7e2f444b9ba1e6cf158cc078779eb98fc2942e8d890687b55,,2026-06-03T22:58:15+08:00,https://mxdzlk.com/item/?page_num=178
2382033,item,,item,mxdzlk_item,https://mxdzlk.com/item/2382033/,https://static.mapleartale.com/images/item/2382033.png,assets/items/raw/2382033.png,downloaded,200,image/png,1300,dbbb874b47b462622e92cef40cd8c9ad2d0661a7cd77af77073ae22059969554,,2026-06-03T22:58:14+08:00,https://mxdzlk.com/item/?page_num=178
2382034,item,,item,mxdzlk_item,https://mxdzlk.com/item/2382034/,https://static.mapleartale.com/images/item/2382034.png,assets/items/raw/2382034.png,downloaded,200,image/png,933,97033d5e6b6cac92abaa9ee70fe3924720426a5a3250af68c91a130f25608392,,2026-06-03T22:58:14+08:00,https://mxdzlk.com/item/?page_num=178
2382035,item,,item,mxdzlk_item,https://mxdzlk.com/item/2382035/,https://static.mapleartale.com/images/item/2382035.png,assets/items/raw/2382035.png,downloaded,200,image/png,896,5ff075cbc14c1fe467b7c202ee0a0692a994847ff1b3c90fda18a08f20da9447,,2026-06-03T22:58:15+08:00,https://mxdzlk.com/item/?page_num=178
2382036,item,,item,mxdzlk_item,https://mxdzlk.com/item/2382036/,https://static.mapleartale.com/images/item/2382036.png,assets/items/raw/2382036.png,downloaded,200,image/png,1161,3163f25159a0a55aa28c19846dce45ee6f18f856dff2eeb59ffd99c1f5f4c85d,,2026-06-03T22:58:15+08:00,https://mxdzlk.com/item/?page_num=178
2382037,item,,item,mxdzlk_item,https://mxdzlk.com/item/2382037/,https://static.mapleartale.com/images/item/2382037.png,assets/items/raw/2382037.png,downloaded,200,image/png,1066,bac9f410e872f519a6dddd97204c0b769c9e7232901a87f2961929944e4348d2,,2026-06-03T22:58:16+08:00,https://mxdzlk.com/item/?page_num=178
2382038,item,,item,mxdzlk_item,https://mxdzlk.com/item/2382038/,https://static.mapleartale.com/images/item/2382038.png,assets/items/raw/2382038.png,downloaded,200,image/png,1337,d8ed996a4009d40c900bee7b2759110e8d03949b17ec1d4118fdd5d6b57e75b8,,2026-06-03T22:58:18+08:00,https://mxdzlk.com/item/?page_num=179
2382039,item,,item,mxdzlk_item,https://mxdzlk.com/item/2382039/,https://static.mapleartale.com/images/item/2382039.png,assets/items/raw/2382039.png,downloaded,200,image/png,1198,3fff52fc6dc2e6344ab68e33696060bed6958ed145ca5a51fd71109ac112b55f,,2026-06-03T22:58:16+08:00,https://mxdzlk.com/item/?page_num=179
2382040,item,,item,mxdzlk_item,https://mxdzlk.com/item/2382040/,https://static.mapleartale.com/images/item/2382040.png,assets/items/raw/2382040.png,downloaded,200,image/png,1111,57bead63f25f7cdb84a922551ea7e5c6c2d42a41e13e8692082c7724da1f5ea9,,2026-06-03T22:58:15+08:00,https://mxdzlk.com/item/?page_num=179
2382041,item,,item,mxdzlk_item,https://mxdzlk.com/item/2382041/,https://static.mapleartale.com/images/item/2382041.png,assets/items/raw/2382041.png,downloaded,200,image/png,1472,175e4f2241f0c204516fcf2464611fba30846a9712e2b428f079566b159beb5b,,2026-06-03T22:58:17+08:00,https://mxdzlk.com/item/?page_num=179
2382042,item,,item,mxdzlk_item,https://mxdzlk.com/item/2382042/,https://static.mapleartale.com/images/item/2382042.png,assets/items/raw/2382042.png,downloaded,200,image/png,1094,dbc64a5e32ba32fcb6bce069570616dde3933a48ae6320d42161ae6c8b90832e,,2026-06-03T22:58:16+08:00,https://mxdzlk.com/item/?page_num=179
2382043,item,,item,mxdzlk_item,https://mxdzlk.com/item/2382043/,https://static.mapleartale.com/images/item/2382043.png,assets/items/raw/2382043.png,downloaded,200,image/png,1029,5d51448faab001ccea38977b02e5ba2f16fdb40904596683d31be6f737fd2630,,2026-06-03T22:58:16+08:00,https://mxdzlk.com/item/?page_num=179
2382044,item,,item,mxdzlk_item,https://mxdzlk.com/item/2382044/,https://static.mapleartale.com/images/item/2382044.png,assets/items/raw/2382044.png,downloaded,200,image/png,1095,d057d8b7da49e999a4d2206f94b500efec692cc02103ba1cd98ee05b9c1d8c2c,,2026-06-03T22:58:16+08:00,https://mxdzlk.com/item/?page_num=179
2382045,item,,item,mxdzlk_item,https://mxdzlk.com/item/2382045/,https://static.mapleartale.com/images/item/2382045.png,assets/items/raw/2382045.png,downloaded,200,image/png,1125,345219b846c5205ad43ccf8cb10323683f401f4c5681a01e10cae6adac451016,,2026-06-03T22:58:16+08:00,https://mxdzlk.com/item/?page_num=179
2382046,item,,item,mxdzlk_item,https://mxdzlk.com/item/2382046/,https://static.mapleartale.com/images/item/2382046.png,assets/items/raw/2382046.png,downloaded,200,image/png,1057,9a64a4586047e9c50a88c68536199075b911a6c1aaf0a4577f3e1827c7ad96c2,,2026-06-03T22:58:16+08:00,https://mxdzlk.com/item/?page_num=179
2382047,item,,item,mxdzlk_item,https://mxdzlk.com/item/2382047/,https://static.mapleartale.com/images/item/2382047.png,assets/items/raw/2382047.png,downloaded,200,image/png,972,d50cc200429129780fd6aa6a2998f03e3846a09075790ea49ae6768aea1070f4,,2026-06-03T22:58:17+08:00,https://mxdzlk.com/item/?page_num=179
2382048,item,,item,mxdzlk_item,https://mxdzlk.com/item/2382048/,https://static.mapleartale.com/images/item/2382048.png,assets/items/raw/2382048.png,downloaded,200,image/png,1321,e39a11bf2cabec7fe83ec53a20e47880bc51331a0528415781fcc604339daeb1,,2026-06-03T22:58:18+08:00,https://mxdzlk.com/item/?page_num=180
2382049,item,,item,mxdzlk_item,https://mxdzlk.com/item/2382049/,https://static.mapleartale.com/images/item/2382049.png,assets/items/raw/2382049.png,downloaded,200,image/png,1304,b683de83300aa2fdcf2fe8f54eefeb2c5a7f977b60b2c6d925754832d99f4659,,2026-06-03T22:58:20+08:00,https://mxdzlk.com/item/?page_num=180
2382050,item,,item,mxdzlk_item,https://mxdzlk.com/item/2382050/,https://static.mapleartale.com/images/item/2382050.png,assets/items/raw/2382050.png,downloaded,200,image/png,1309,89f800dcd430bab7e27b7ec5a34064676bc9685ba2251c3f93b0454cc0c1d497,,2026-06-03T22:58:17+08:00,https://mxdzlk.com/item/?page_num=180
2382051,item,,item,mxdzlk_item,https://mxdzlk.com/item/2382051/,https://static.mapleartale.com/images/item/2382051.png,assets/items/raw/2382051.png,downloaded,200,image/png,1004,0f754ac60cc334daf6c0a90d3fdc05e7b4cea2c45f0dba24ad588f154d1f92a3,,2026-06-03T22:58:19+08:00,https://mxdzlk.com/item/?page_num=180
2382052,item,,item,mxdzlk_item,https://mxdzlk.com/item/2382052/,https://static.mapleartale.com/images/item/2382052.png,assets/items/raw/2382052.png,downloaded,200,image/png,1126,d120c4d3139b98134ce4acad052d7175289d5a57a97a48412669ee0d1979fbb1,,2026-06-03T22:58:19+08:00,https://mxdzlk.com/item/?page_num=180
2382053,item,,item,mxdzlk_item,https://mxdzlk.com/item/2382053/,https://static.mapleartale.com/images/item/2382053.png,assets/items/raw/2382053.png,downloaded,200,image/png,1259,d96a5a4ef65794419297b22a811146d6d23e2dd9bb9a0fa93a30fef3cca9bb5d,,2026-06-03T22:58:18+08:00,https://mxdzlk.com/item/?page_num=180
2382054,item,,item,mxdzlk_item,https://mxdzlk.com/item/2382054/,https://static.mapleartale.com/images/item/2382054.png,assets/items/raw/2382054.png,downloaded,200,image/png,1094,264b319ef35392c47a6b22767d4467009d652c3024ca073ee2a6b6d785e32dcf,,2026-06-03T22:58:18+08:00,https://mxdzlk.com/item/?page_num=180
2382055,item,,item,mxdzlk_item,https://mxdzlk.com/item/2382055/,https://static.mapleartale.com/images/item/2382055.png,assets/items/raw/2382055.png,downloaded,200,image/png,1132,1a3de8cf7d68ee8a399c43f2d626f6213c3bef7e74727b14a47a81d333f768c6,,2026-06-03T22:58:20+08:00,https://mxdzlk.com/item/?page_num=180
2382056,item,,item,mxdzlk_item,https://mxdzlk.com/item/2382056/,https://static.mapleartale.com/images/item/2382056.png,assets/items/raw/2382056.png,downloaded,200,image/png,1103,cd3842af11f41884529e29155d793c0f4837f01378cfea9d1dbd67869a702b4b,,2026-06-03T22:58:19+08:00,https://mxdzlk.com/item/?page_num=180
2382057,item,,item,mxdzlk_item,https://mxdzlk.com/item/2382057/,https://static.mapleartale.com/images/item/2382057.png,assets/items/raw/2382057.png,downloaded,200,image/png,746,a2db0d79515dd9878d0b468c26772624b2d3d9cf946f24b0a3939d41fdc2cf9f,,2026-06-03T22:58:21+08:00,https://mxdzlk.com/item/?page_num=180
2382058,item,,item,mxdzlk_item,https://mxdzlk.com/item/2382058/,https://static.mapleartale.com/images/item/2382058.png,assets/items/raw/2382058.png,downloaded,200,image/png,857,acdef7f773b213bf34b999174c4352b3fafe9cc05425869493cf0afe374a0c04,,2026-06-03T22:58:20+08:00,https://mxdzlk.com/item/?page_num=181
2382059,item,,item,mxdzlk_item,https://mxdzlk.com/item/2382059/,https://static.mapleartale.com/images/item/2382059.png,assets/items/raw/2382059.png,downloaded,200,image/png,1190,0bde678e652d9df35c0d87e0de5667c1526784000d4e248ad477e384b81e8165,,2026-06-03T22:58:20+08:00,https://mxdzlk.com/item/?page_num=181
2382060,item,,item,mxdzlk_item,https://mxdzlk.com/item/2382060/,https://static.mapleartale.com/images/item/2382060.png,assets/items/raw/2382060.png,downloaded,200,image/png,972,1d604cc5df8b85822cec860670a17e7168f9b40c5f1924f5137fec9e631aa0d6,,2026-06-03T22:58:21+08:00,https://mxdzlk.com/item/?page_num=181
2382061,item,,item,mxdzlk_item,https://mxdzlk.com/item/2382061/,https://static.mapleartale.com/images/item/2382061.png,assets/items/raw/2382061.png,downloaded,200,image/png,1462,cb39771ce7c682ef633525a3226c191aba7769500e6885150d65d83355afbcd2,,2026-06-03T22:58:20+08:00,https://mxdzlk.com/item/?page_num=181
2382062,item,,item,mxdzlk_item,https://mxdzlk.com/item/2382062/,https://static.mapleartale.com/images/item/2382062.png,assets/items/raw/2382062.png,downloaded,200,image/png,1357,6551fae2fdec9259871b71aa3bb4255e96777946f9c635b02e2926fdae975f3c,,2026-06-03T22:58:20+08:00,https://mxdzlk.com/item/?page_num=181
2382063,item,,item,mxdzlk_item,https://mxdzlk.com/item/2382063/,https://static.mapleartale.com/images/item/2382063.png,assets/items/raw/2382063.png,downloaded,200,image/png,1115,de93328c7c52083607b02443c2cfcb68d08aac776d21d3ff48bc3a9f4cca38cc,,2026-06-03T22:58:21+08:00,https://mxdzlk.com/item/?page_num=181
2382064,item,,item,mxdzlk_item,https://mxdzlk.com/item/2382064/,https://static.mapleartale.com/images/item/2382064.png,assets/items/raw/2382064.png,downloaded,200,image/png,1103,22187544d3655c70e1ed892c150897ddd30abf59eb984e88249cfa02b8fcb379,,2026-06-03T22:58:21+08:00,https://mxdzlk.com/item/?page_num=181
2382065,item,,item,mxdzlk_item,https://mxdzlk.com/item/2382065/,https://static.mapleartale.com/images/item/2382065.png,assets/items/raw/2382065.png,downloaded,200,image/png,1035,d8c9f07eed54e7ced95c8c5ee9645d51fa570997dc8a9ce881d218d7b20e44e6,,2026-06-03T22:58:21+08:00,https://mxdzlk.com/item/?page_num=181
2382066,item,,item,mxdzlk_item,https://mxdzlk.com/item/2382066/,https://static.mapleartale.com/images/item/2382066.png,assets/items/raw/2382066.png,downloaded,200,image/png,1090,92dd1323165431d2c85d69aa7acdd909942baf334e9044c2b97b68c0bc8b394c,,2026-06-03T22:58:21+08:00,https://mxdzlk.com/item/?page_num=181
2382067,item,,item,mxdzlk_item,https://mxdzlk.com/item/2382067/,https://static.mapleartale.com/images/item/2382067.png,assets/items/raw/2382067.png,downloaded,200,image/png,1193,61a7683188aa254c1c5186059b5bb49de2ec8aaa9f6aae4b823590615d86932a,,2026-06-03T22:58:22+08:00,https://mxdzlk.com/item/?page_num=181
2382068,item,,item,mxdzlk_item,https://mxdzlk.com/item/2382068/,https://static.mapleartale.com/images/item/2382068.png,assets/items/raw/2382068.png,downloaded,200,image/png,1174,871c10ef6d077f397d6c8fea1f0478f27c28070042d31e463984bc35b7adf798,,2026-06-03T22:58:21+08:00,https://mxdzlk.com/item/?page_num=182
2382069,item,,item,mxdzlk_item,https://mxdzlk.com/item/2382069/,https://static.mapleartale.com/images/item/2382069.png,assets/items/raw/2382069.png,downloaded,200,image/png,1156,98a3918ec426615fb5484ce727c784c377a4830dccb5da108b024471d6d3eee5,,2026-06-03T22:58:21+08:00,https://mxdzlk.com/item/?page_num=182
2382070,item,,item,mxdzlk_item,https://mxdzlk.com/item/2382070/,https://static.mapleartale.com/images/item/2382070.png,assets/items/raw/2382070.png,downloaded,200,image/png,1374,782a84452059ad41d88ed2d93c108ae83050712d6bbcd20aa0cda001a385556a,,2026-06-03T22:58:23+08:00,https://mxdzlk.com/item/?page_num=182
2382071,item,,item,mxdzlk_item,https://mxdzlk.com/item/2382071/,https://static.mapleartale.com/images/item/2382071.png,assets/items/raw/2382071.png,downloaded,200,image/png,1044,8a9ce0cb30d5164702dbccaabc319e4dc96c9d723045da1ee93ec3565d22b080,,2026-06-03T22:58:22+08:00,https://mxdzlk.com/item/?page_num=182
2382072,item,,item,mxdzlk_item,https://mxdzlk.com/item/2382072/,https://static.mapleartale.com/images/item/2382072.png,assets/items/raw/2382072.png,downloaded,200,image/png,906,3964a219a01556f68407d4d70c480bf8fb0c499891c9517c34db06607725f8ed,,2026-06-03T22:58:22+08:00,https://mxdzlk.com/item/?page_num=182
2382073,item,,item,mxdzlk_item,https://mxdzlk.com/item/2382073/,https://static.mapleartale.com/images/item/2382073.png,assets/items/raw/2382073.png,downloaded,200,image/png,956,e206b9f47bbcd80711800fa15bc2e1af941254a59d19916d699e23b0d4a48da7,,2026-06-03T22:58:22+08:00,https://mxdzlk.com/item/?page_num=182
2382074,item,,item,mxdzlk_item,https://mxdzlk.com/item/2382074/,https://static.mapleartale.com/images/item/2382074.png,assets/items/raw/2382074.png,downloaded,200,image/png,1348,9e2298d345daaab14e084c4f80eebe250519b0dbe1bf81f33e24bd3e018a080e,,2026-06-03T22:58:24+08:00,https://mxdzlk.com/item/?page_num=182
2382075,item,,item,mxdzlk_item,https://mxdzlk.com/item/2382075/,https://static.mapleartale.com/images/item/2382075.png,assets/items/raw/2382075.png,downloaded,200,image/png,1010,5ae1169d3574f9a4263dce869cc8513cf1b46f9df146724e4457dd5603904fe6,,2026-06-03T22:58:23+08:00,https://mxdzlk.com/item/?page_num=182
2382076,item,,item,mxdzlk_item,https://mxdzlk.com/item/2382076/,https://static.mapleartale.com/images/item/2382076.png,assets/items/raw/2382076.png,downloaded,200,image/png,1149,e28923f9f9252d23121f3c23ccd8f0e46139a06566f48e972d1e7ff8bd978ca8,,2026-06-03T22:58:24+08:00,https://mxdzlk.com/item/?page_num=182
2382077,item,,item,mxdzlk_item,https://mxdzlk.com/item/2382077/,https://static.mapleartale.com/images/item/2382077.png,assets/items/raw/2382077.png,downloaded,200,image/png,1164,34013cc1f30dd8c30cd0a43f707979cd581a02f295a7b5ba717d2d40c14e1059,,2026-06-03T22:58:23+08:00,https://mxdzlk.com/item/?page_num=182
2382078,item,,item,mxdzlk_item,https://mxdzlk.com/item/2382078/,https://static.mapleartale.com/images/item/2382078.png,assets/items/raw/2382078.png,downloaded,200,image/png,1278,5b43c56a319ec094953fb7ee5661265177155e49db98f9ef2cd9efda0add2879,,2026-06-03T22:58:23+08:00,https://mxdzlk.com/item/?page_num=183
2382079,item,,item,mxdzlk_item,https://mxdzlk.com/item/2382079/,https://static.mapleartale.com/images/item/2382079.png,assets/items/raw/2382079.png,downloaded,200,image/png,1293,2e324d027f19881fe12b228114e1b913dac7675c059f8579ff6eb46b4606d88f,,2026-06-03T22:58:24+08:00,https://mxdzlk.com/item/?page_num=183
2382080,item,,item,mxdzlk_item,https://mxdzlk.com/item/2382080/,https://static.mapleartale.com/images/item/2382080.png,assets/items/raw/2382080.png,downloaded,200,image/png,1225,dfd36ff13e0c33c8f1082b9bd930ad89c35091d44f85c9c4e1cdd6674d828ba5,,2026-06-03T22:58:24+08:00,https://mxdzlk.com/item/?page_num=183
2382092,item,,item,mxdzlk_item,https://mxdzlk.com/item/2382092/,https://static.mapleartale.com/images/item/2382092.png,assets/items/raw/2382092.png,downloaded,200,image/png,1168,e369be496d949737d02161f3e75baf9ba68019783e43da3b2d92b983b65d3c72,,2026-06-03T22:58:24+08:00,https://mxdzlk.com/item/?page_num=183
2382093,item,,item,mxdzlk_item,https://mxdzlk.com/item/2382093/,https://static.mapleartale.com/images/item/2382093.png,assets/items/raw/2382093.png,downloaded,200,image/png,1123,57108f9c4b81ffc4c7442e468da73c6427be108451b21a3fae620d0730401020,,2026-06-03T22:58:24+08:00,https://mxdzlk.com/item/?page_num=183
2382094,item,,item,mxdzlk_item,https://mxdzlk.com/item/2382094/,https://static.mapleartale.com/images/item/2382094.png,assets/items/raw/2382094.png,downloaded,200,image/png,1061,b6f70652331800a8ea7362edc468994c8b459bb5b5cff0cacb8cb96ea9e590f3,,2026-06-03T22:58:24+08:00,https://mxdzlk.com/item/?page_num=183
2382095,item,,item,mxdzlk_item,https://mxdzlk.com/item/2382095/,https://static.mapleartale.com/images/item/2382095.png,assets/items/raw/2382095.png,downloaded,200,image/png,1051,d99a63dd0428fa821b202555e1873e11ff938f56dc4f01131b7e50d52d4d531d,,2026-06-03T22:58:26+08:00,https://mxdzlk.com/item/?page_num=183
2382096,item,,item,mxdzlk_item,https://mxdzlk.com/item/2382096/,https://static.mapleartale.com/images/item/2382096.png,assets/items/raw/2382096.png,downloaded,200,image/png,1086,04811284b68356358853a59ffa9aa6a08dce406a4520cfc685f12d3a7069fe55,,2026-06-03T22:58:26+08:00,https://mxdzlk.com/item/?page_num=183
2383000,item,,item,mxdzlk_item,https://mxdzlk.com/item/2383000/,https://static.mapleartale.com/images/item/2383000.png,assets/items/raw/2383000.png,downloaded,200,image/png,1420,51551096b557d79b468618446253a62cb2cb71e6a5e43480be37344fd30e50d1,,2026-06-03T22:58:25+08:00,https://mxdzlk.com/item/?page_num=183
2383001,item,,item,mxdzlk_item,https://mxdzlk.com/item/2383001/,https://static.mapleartale.com/images/item/2383001.png,assets/items/raw/2383001.png,downloaded,200,image/png,1065,1e7169bd3dccb7f4672f3162e24392ee99a8c23b6b5cf6f44c35e31bbb4f6eec,,2026-06-03T22:58:25+08:00,https://mxdzlk.com/item/?page_num=183
2383002,item,,item,mxdzlk_item,https://mxdzlk.com/item/2383002/,https://static.mapleartale.com/images/item/2383002.png,assets/items/raw/2383002.png,downloaded,200,image/png,1420,5db51aeaf440f04919fd4eddc98b27b1b5de5e930206e68f606238dad699e0ad,,2026-06-03T22:58:25+08:00,https://mxdzlk.com/item/?page_num=184
2383003,item,,item,mxdzlk_item,https://mxdzlk.com/item/2383003/,https://static.mapleartale.com/images/item/2383003.png,assets/items/raw/2383003.png,downloaded,200,image/png,988,5aff62b9e9449bf669ec3dccbd48d5acedfb778df39ca4bc82df0ec1e17e8ef5,,2026-06-03T22:58:25+08:00,https://mxdzlk.com/item/?page_num=184
2383004,item,,item,mxdzlk_item,https://mxdzlk.com/item/2383004/,https://static.mapleartale.com/images/item/2383004.png,assets/items/raw/2383004.png,downloaded,200,image/png,1099,b9bf17814fdc4e5ecb76448f81ee5fa06344e12792fa86c27bc0a849e1ef9bd5,,2026-06-03T22:58:26+08:00,https://mxdzlk.com/item/?page_num=184
2383005,item,,item,mxdzlk_item,https://mxdzlk.com/item/2383005/,https://static.mapleartale.com/images/item/2383005.png,assets/items/raw/2383005.png,downloaded,200,image/png,1235,d1f1aa1628f8ef5bb0fded54dd5814b1bf01ae21e9182ea065483529b5a0bc3f,,2026-06-03T22:58:26+08:00,https://mxdzlk.com/item/?page_num=184
2383006,item,,item,mxdzlk_item,https://mxdzlk.com/item/2383006/,https://static.mapleartale.com/images/item/2383006.png,assets/items/raw/2383006.png,downloaded,200,image/png,1078,584f05564b854862e0e9612f5814a428a9a87c190c3344d565f8c3a4bcc5ecd4,,2026-06-03T22:58:26+08:00,https://mxdzlk.com/item/?page_num=184
2383007,item,,item,mxdzlk_item,https://mxdzlk.com/item/2383007/,https://static.mapleartale.com/images/item/2383007.png,assets/items/raw/2383007.png,downloaded,200,image/png,944,d36647b3ab04713911d2b54b4c7bf40bc783ce20723cbc61ab012479afe0a933,,2026-06-03T22:58:27+08:00,https://mxdzlk.com/item/?page_num=184
2383008,item,,item,mxdzlk_item,https://mxdzlk.com/item/2383008/,https://static.mapleartale.com/images/item/2383008.png,assets/items/raw/2383008.png,downloaded,200,image/png,1124,124a3d4a6fb7f1a459502b0629cabf630d2c344f12606f2c4edfa3335aa75fbe,,2026-06-03T22:58:27+08:00,https://mxdzlk.com/item/?page_num=184
2383009,item,,item,mxdzlk_item,https://mxdzlk.com/item/2383009/,https://static.mapleartale.com/images/item/2383009.png,assets/items/raw/2383009.png,downloaded,200,image/png,1266,4bb3a1b86f86fac0a4a1347c8d815366719046e94f2acc0eb3ad21bf3d6b08a5,,2026-06-03T22:58:27+08:00,https://mxdzlk.com/item/?page_num=184
2383010,item,,item,mxdzlk_item,https://mxdzlk.com/item/2383010/,https://static.mapleartale.com/images/item/2383010.png,assets/items/raw/2383010.png,downloaded,200,image/png,1187,7b9e26709676567c90d018cd72595445e835b07d736632439ea1f0a3cdae7467,,2026-06-03T22:58:27+08:00,https://mxdzlk.com/item/?page_num=184
2383011,item,,item,mxdzlk_item,https://mxdzlk.com/item/2383011/,https://static.mapleartale.com/images/item/2383011.png,assets/items/raw/2383011.png,downloaded,200,image/png,1227,e24a4cc9e900a87573f9d2bd2a3dd103d4270251f729705377743587c69ab2c7,,2026-06-03T22:58:27+08:00,https://mxdzlk.com/item/?page_num=184
2383012,item,,item,mxdzlk_item,https://mxdzlk.com/item/2383012/,https://static.mapleartale.com/images/item/2383012.png,assets/items/raw/2383012.png,downloaded,200,image/png,1054,ee6b8b57bfb5206c31f853227e9cfb2e79e3cfdd16323cc44eeb9ac0ef4deef2,,2026-06-03T22:58:28+08:00,https://mxdzlk.com/item/?page_num=185
2383013,item,,item,mxdzlk_item,https://mxdzlk.com/item/2383013/,https://static.mapleartale.com/images/item/2383013.png,assets/items/raw/2383013.png,downloaded,200,image/png,741,b4806c7bcbe5b974c99ba0c2ecab4ff96eb35c8d5306e846f6ef4364652023ef,,2026-06-03T22:58:30+08:00,https://mxdzlk.com/item/?page_num=185
2383014,item,,item,mxdzlk_item,https://mxdzlk.com/item/2383014/,https://static.mapleartale.com/images/item/2383014.png,assets/items/raw/2383014.png,downloaded,200,image/png,1330,0f30b6046bda0a974b0b63aa4949c9f79475b1a37ab81240a49bd82973eefd28,,2026-06-03T22:58:28+08:00,https://mxdzlk.com/item/?page_num=185
2383015,item,,item,mxdzlk_item,https://mxdzlk.com/item/2383015/,https://static.mapleartale.com/images/item/2383015.png,assets/items/raw/2383015.png,downloaded,200,image/png,1343,1f59bf9250037402640586c60ec205573b36c7f6ca5d606a4d25db675330905a,,2026-06-03T22:58:31+08:00,https://mxdzlk.com/item/?page_num=185
2383016,item,,item,mxdzlk_item,https://mxdzlk.com/item/2383016/,https://static.mapleartale.com/images/item/2383016.png,assets/items/raw/2383016.png,downloaded,200,image/png,990,ae2e49e3975765fa48285a5f407c81edc67bd84a62cae0e446bf66547326d07b,,2026-06-03T22:58:29+08:00,https://mxdzlk.com/item/?page_num=185
2383017,item,,item,mxdzlk_item,https://mxdzlk.com/item/2383017/,https://static.mapleartale.com/images/item/2383017.png,assets/items/raw/2383017.png,downloaded,200,image/png,1154,f5c0f4c217012e4858d634d1606dcc66c76e29bc520d6a1556b90b3c0bafe1ab,,2026-06-03T22:58:28+08:00,https://mxdzlk.com/item/?page_num=185
2383018,item,,item,mxdzlk_item,https://mxdzlk.com/item/2383018/,https://static.mapleartale.com/images/item/2383018.png,assets/items/raw/2383018.png,downloaded,200,image/png,1339,85b687629473b844e7358835d79e5b32dc19996f3ae3c9342ebb084bc87f1722,,2026-06-03T22:58:28+08:00,https://mxdzlk.com/item/?page_num=185
2383019,item,,item,mxdzlk_item,https://mxdzlk.com/item/2383019/,https://static.mapleartale.com/images/item/2383019.png,assets/items/raw/2383019.png,downloaded,200,image/png,957,fa82276afbfc3dd9721fddbc36850efc05cc3440de2ceda8f566629adfd6c9db,,2026-06-03T22:58:28+08:00,https://mxdzlk.com/item/?page_num=185
2383020,item,,item,mxdzlk_item,https://mxdzlk.com/item/2383020/,https://static.mapleartale.com/images/item/2383020.png,assets/items/raw/2383020.png,downloaded,200,image/png,1136,a32dec5d8f48d53a3b81774c093ab6a2798b57c40ccf6b496843e21d3e7b5818,,2026-06-03T22:58:30+08:00,https://mxdzlk.com/item/?page_num=185
2383021,item,,item,mxdzlk_item,https://mxdzlk.com/item/2383021/,https://static.mapleartale.com/images/item/2383021.png,assets/items/raw/2383021.png,downloaded,200,image/png,1057,f7b3bb306ad1900f7aed02586268cc4f0b187a81e82278a2234dbb640e3b63e9,,2026-06-03T22:58:30+08:00,https://mxdzlk.com/item/?page_num=185
2383022,item,,item,mxdzlk_item,https://mxdzlk.com/item/2383022/,https://static.mapleartale.com/images/item/2383022.png,assets/items/raw/2383022.png,downloaded,200,image/png,1106,0ea3ff9e6ae1589f550d78f4c286fd7a3a52452e9abbd2c15dc040bc215d36e0,,2026-06-03T22:58:32+08:00,https://mxdzlk.com/item/?page_num=186
2383023,item,,item,mxdzlk_item,https://mxdzlk.com/item/2383023/,https://static.mapleartale.com/images/item/2383023.png,assets/items/raw/2383023.png,downloaded,200,image/png,1081,eeb6431e57dc3f869b98c575445e6a6cf5b6a67c778f8b732bdf8aeabfda9ca8,,2026-06-03T22:58:30+08:00,https://mxdzlk.com/item/?page_num=186
2383024,item,,item,mxdzlk_item,https://mxdzlk.com/item/2383024/,https://static.mapleartale.com/images/item/2383024.png,assets/items/raw/2383024.png,downloaded,200,image/png,1400,54ef699db178809eb1878ade8eb6dd0c37dac116b0a0f0ae1d6f36b2162d15fb,,2026-06-03T22:58:30+08:00,https://mxdzlk.com/item/?page_num=186
2383025,item,,item,mxdzlk_item,https://mxdzlk.com/item/2383025/,https://static.mapleartale.com/images/item/2383025.png,assets/items/raw/2383025.png,downloaded,200,image/png,1157,877b99f0431ce77bc07c7d9c42781c909704020f4968f7d422939082f3a9c702,,2026-06-03T22:58:30+08:00,https://mxdzlk.com/item/?page_num=186
2383026,item,,item,mxdzlk_item,https://mxdzlk.com/item/2383026/,https://static.mapleartale.com/images/item/2383026.png,assets/items/raw/2383026.png,downloaded,200,image/png,1496,6a6a4dc7c681c97e7987719f0dc706d565ad26fd5c6876c2fb15e92bbf65bb7c,,2026-06-03T22:58:31+08:00,https://mxdzlk.com/item/?page_num=186
2383027,item,,item,mxdzlk_item,https://mxdzlk.com/item/2383027/,https://static.mapleartale.com/images/item/2383027.png,assets/items/raw/2383027.png,downloaded,200,image/png,1194,bc7fe112020a49b82293132743eae829ecb52331ea63754cb4a60a0e0428610b,,2026-06-03T22:58:31+08:00,https://mxdzlk.com/item/?page_num=186
2383028,item,,item,mxdzlk_item,https://mxdzlk.com/item/2383028/,https://static.mapleartale.com/images/item/2383028.png,assets/items/raw/2383028.png,downloaded,200,image/png,1213,625c84e48ecb70de3e5035eff1ba55e3f3e2d0348870d88726969306adc27bce,,2026-06-03T22:58:31+08:00,https://mxdzlk.com/item/?page_num=186
2383029,item,,item,mxdzlk_item,https://mxdzlk.com/item/2383029/,https://static.mapleartale.com/images/item/2383029.png,assets/items/raw/2383029.png,downloaded,200,image/png,1096,206557a25c492d73109cfe70d6a1af8bba27995c2509927fe5e57aeee0ae03eb,,2026-06-03T22:58:33+08:00,https://mxdzlk.com/item/?page_num=186
2383030,item,,item,mxdzlk_item,https://mxdzlk.com/item/2383030/,https://static.mapleartale.com/images/item/2383030.png,assets/items/raw/2383030.png,downloaded,200,image/png,1366,4b916434c3fa043918fa1992c63c52c8436f8a99239dd67baf4aef9d4a852f67,,2026-06-03T22:58:31+08:00,https://mxdzlk.com/item/?page_num=186
2383031,item,,item,mxdzlk_item,https://mxdzlk.com/item/2383031/,https://static.mapleartale.com/images/item/2383031.png,assets/items/raw/2383031.png,downloaded,200,image/png,907,a7159f1db46974cc2e14da548ea74be04f85eb91f7204752302ba0086e897082,,2026-06-03T22:58:32+08:00,https://mxdzlk.com/item/?page_num=186
2383032,item,,item,mxdzlk_item,https://mxdzlk.com/item/2383032/,https://static.mapleartale.com/images/item/2383032.png,assets/items/raw/2383032.png,downloaded,200,image/png,1048,36cda21ff822bc7da83dfe300b670ee0abf7007fcd579c4164ae593413d5f847,,2026-06-03T22:58:33+08:00,https://mxdzlk.com/item/?page_num=187
2383033,item,,item,mxdzlk_item,https://mxdzlk.com/item/2383033/,https://static.mapleartale.com/images/item/2383033.png,assets/items/raw/2383033.png,downloaded,200,image/png,801,1fd45127bdca119e3dd7fd958fa861cce607ebb0a8c981f491b1a205b80322f1,,2026-06-03T22:58:32+08:00,https://mxdzlk.com/item/?page_num=187
2383034,item,,item,mxdzlk_item,https://mxdzlk.com/item/2383034/,https://static.mapleartale.com/images/item/2383034.png,assets/items/raw/2383034.png,downloaded,200,image/png,1114,20b49e04f0995071b608bb83ce8a87771de185215079be821584a3e8c7aa0943,,2026-06-03T22:58:33+08:00,https://mxdzlk.com/item/?page_num=187
2383035,item,,item,mxdzlk_item,https://mxdzlk.com/item/2383035/,https://static.mapleartale.com/images/item/2383035.png,assets/items/raw/2383035.png,downloaded,200,image/png,1204,e77dfd8da44212ec2bf2166d5cc5a5e65eb92596a45c6aa4f063ae1f235d4c47,,2026-06-03T22:58:32+08:00,https://mxdzlk.com/item/?page_num=187
2383036,item,,item,mxdzlk_item,https://mxdzlk.com/item/2383036/,https://static.mapleartale.com/images/item/2383036.png,assets/items/raw/2383036.png,downloaded,200,image/png,1300,efde1accc8d040aafe86ae05926ca8a1a4633da7c3d150611305d1cc6a2d57cf,,2026-06-03T22:58:33+08:00,https://mxdzlk.com/item/?page_num=187
2383037,item,,item,mxdzlk_item,https://mxdzlk.com/item/2383037/,https://static.mapleartale.com/images/item/2383037.png,assets/items/raw/2383037.png,downloaded,200,image/png,1367,05712f17653fabbc3209babc9171e225b56ea0b6a089e8c84278a2c3fe84b5c6,,2026-06-03T22:58:33+08:00,https://mxdzlk.com/item/?page_num=187
2383038,item,,item,mxdzlk_item,https://mxdzlk.com/item/2383038/,https://static.mapleartale.com/images/item/2383038.png,assets/items/raw/2383038.png,downloaded,200,image/png,1443,b961e1c6b1b94386bda46bfbe57be3c2feb4bf9a6a71f408963c2a7fdc28d56c,,2026-06-03T22:58:34+08:00,https://mxdzlk.com/item/?page_num=187
2383039,item,,item,mxdzlk_item,https://mxdzlk.com/item/2383039/,https://static.mapleartale.com/images/item/2383039.png,assets/items/raw/2383039.png,downloaded,200,image/png,1157,5e3fb54b96140c7cb62b65f97a0b3d919813807bfae046b164e51f66fe2304ce,,2026-06-03T22:58:34+08:00,https://mxdzlk.com/item/?page_num=187
2383040,item,,item,mxdzlk_item,https://mxdzlk.com/item/2383040/,https://static.mapleartale.com/images/item/2383040.png,assets/items/raw/2383040.png,downloaded,200,image/png,879,a2f5a0c6c5935cdf1ac1416cb7f2fdf9416248234b42aedd635bbb7fa21116a9,,2026-06-03T22:58:34+08:00,https://mxdzlk.com/item/?page_num=187
2383041,item,,item,mxdzlk_item,https://mxdzlk.com/item/2383041/,https://static.mapleartale.com/images/item/2383041.png,assets/items/raw/2383041.png,downloaded,200,image/png,1161,649283754c8a07ba6621f30ee1175b342651887e31b6a2a6ef3dc44d5399ccd4,,2026-06-03T22:58:34+08:00,https://mxdzlk.com/item/?page_num=187
2383042,item,,item,mxdzlk_item,https://mxdzlk.com/item/2383042/,https://static.mapleartale.com/images/item/2383042.png,assets/items/raw/2383042.png,downloaded,200,image/png,1265,9eb8cd2fa5a1c908eb7d0218c01705806354c98ff386675bf2ed01ef9f3a611e,,2026-06-03T22:58:35+08:00,https://mxdzlk.com/item/?page_num=188
2383043,item,,item,mxdzlk_item,https://mxdzlk.com/item/2383043/,https://static.mapleartale.com/images/item/2383043.png,assets/items/raw/2383043.png,downloaded,200,image/png,1282,67e9975661179ad9ecc18e5a7bca2bd3eb27f236b4ef17e02f22459ea9d202ce,,2026-06-03T22:58:34+08:00,https://mxdzlk.com/item/?page_num=188
2383044,item,,item,mxdzlk_item,https://mxdzlk.com/item/2383044/,https://static.mapleartale.com/images/item/2383044.png,assets/items/raw/2383044.png,downloaded,200,image/png,1109,4ce28eb9ed2b3752f9a15b4a5c5948f7d679120393a27d75281782ebb3c8c748,,2026-06-03T22:58:34+08:00,https://mxdzlk.com/item/?page_num=188
2383045,item,,item,mxdzlk_item,https://mxdzlk.com/item/2383045/,https://static.mapleartale.com/images/item/2383045.png,assets/items/raw/2383045.png,downloaded,200,image/png,1182,2bfb3ba0d770fc02a4e827d728f715816634fbfcc32c80512592b48e61923dbd,,2026-06-03T22:58:34+08:00,https://mxdzlk.com/item/?page_num=188
2383046,item,,item,mxdzlk_item,https://mxdzlk.com/item/2383046/,https://static.mapleartale.com/images/item/2383046.png,assets/items/raw/2383046.png,downloaded,200,image/png,1305,0482cee4f0be996599d71b765e0c888a4a5a223e9f024aab37a733b687a006f3,,2026-06-03T22:58:36+08:00,https://mxdzlk.com/item/?page_num=188
2383047,item,,item,mxdzlk_item,https://mxdzlk.com/item/2383047/,https://static.mapleartale.com/images/item/2383047.png,assets/items/raw/2383047.png,downloaded,200,image/png,1158,0b96a94700ddcdcec8dd7c46f240089573c139764ba8767992bb7643a7627498,,2026-06-03T22:58:35+08:00,https://mxdzlk.com/item/?page_num=188
2383048,item,,item,mxdzlk_item,https://mxdzlk.com/item/2383048/,https://static.mapleartale.com/images/item/2383048.png,assets/items/raw/2383048.png,downloaded,200,image/png,1021,2a5f6d4e46e522689e25f17f8d044d9c86980bda627c7ca368e8aacf9d0518d5,,2026-06-03T22:58:35+08:00,https://mxdzlk.com/item/?page_num=188
2383049,item,,item,mxdzlk_item,https://mxdzlk.com/item/2383049/,https://static.mapleartale.com/images/item/2383049.png,assets/items/raw/2383049.png,downloaded,200,image/png,1331,546d16171636a521f1fff92afc2c49269d179aa098dff8cdbfc561bb2398d6e7,,2026-06-03T22:58:36+08:00,https://mxdzlk.com/item/?page_num=188
2383050,item,,item,mxdzlk_item,https://mxdzlk.com/item/2383050/,https://static.mapleartale.com/images/item/2383050.png,assets/items/raw/2383050.png,downloaded,200,image/png,935,afa48c61670c06453e0968ede973944261ed4a87f6273f9e5f23e4dd31d84dfa,,2026-06-03T22:58:37+08:00,https://mxdzlk.com/item/?page_num=188
2383051,item,,item,mxdzlk_item,https://mxdzlk.com/item/2383051/,https://static.mapleartale.com/images/item/2383051.png,assets/items/raw/2383051.png,downloaded,200,image/png,1142,c8a01e3aa5f10e1dc8a1888ebf26c74b68be4970f7fe18bfe25cabdd752745fa,,2026-06-03T22:58:35+08:00,https://mxdzlk.com/item/?page_num=188
2383052,item,,item,mxdzlk_item,https://mxdzlk.com/item/2383052/,https://static.mapleartale.com/images/item/2383052.png,assets/items/raw/2383052.png,downloaded,200,image/png,993,c080fb68922583dfa45b9a9a4a4fff6749aa4bcbd6653b5f91b5dbffb5edbb4c,,2026-06-03T22:58:36+08:00,https://mxdzlk.com/item/?page_num=189
2383053,item,,item,mxdzlk_item,https://mxdzlk.com/item/2383053/,https://static.mapleartale.com/images/item/2383053.png,assets/items/raw/2383053.png,downloaded,200,image/png,1092,d5f6b48f6f04bd3f794a3be89a60d1b1604a2c941edcb2bdea5723fd633330f1,,2026-06-03T22:58:36+08:00,https://mxdzlk.com/item/?page_num=189
2383054,item,,item,mxdzlk_item,https://mxdzlk.com/item/2383054/,https://static.mapleartale.com/images/item/2383054.png,assets/items/raw/2383054.png,downloaded,200,image/png,824,e9dfc41b38a1990045c0834418410b437b2df0cd49675dd241fd25bda2bfb346,,2026-06-03T22:58:37+08:00,https://mxdzlk.com/item/?page_num=189
2383055,item,,item,mxdzlk_item,https://mxdzlk.com/item/2383055/,https://static.mapleartale.com/images/item/2383055.png,assets/items/raw/2383055.png,downloaded,200,image/png,824,e9dfc41b38a1990045c0834418410b437b2df0cd49675dd241fd25bda2bfb346,,2026-06-03T22:58:37+08:00,https://mxdzlk.com/item/?page_num=189
2383056,item,,item,mxdzlk_item,https://mxdzlk.com/item/2383056/,https://static.mapleartale.com/images/item/2383056.png,assets/items/raw/2383056.png,downloaded,200,image/png,1213,24fefed3e2895be392f26efbf2ccb0ca061f73475286ebafe4ff8d94f7657eaa,,2026-06-03T22:58:37+08:00,https://mxdzlk.com/item/?page_num=189
2383057,item,,item,mxdzlk_item,https://mxdzlk.com/item/2383057/,https://static.mapleartale.com/images/item/2383057.png,assets/items/raw/2383057.png,downloaded,200,image/png,1143,62d1493b3748a444b96e54877d68873a1e6d3f32f238308f572ec71629375d5d,,2026-06-03T22:58:37+08:00,https://mxdzlk.com/item/?page_num=189
2383058,item,,item,mxdzlk_item,https://mxdzlk.com/item/2383058/,https://static.mapleartale.com/images/item/2383058.png,assets/items/raw/2383058.png,downloaded,200,image/png,1080,0eb45220739d25c58f28d2971f4469266cf3b0fb14b863724f3b0ac6c66a02ac,,2026-06-03T22:58:37+08:00,https://mxdzlk.com/item/?page_num=189
2383059,item,,item,mxdzlk_item,https://mxdzlk.com/item/2383059/,https://static.mapleartale.com/images/item/2383059.png,assets/items/raw/2383059.png,downloaded,200,image/png,1116,b805b149207313a7f5d1f8e72ed626854a4b0804ddfeef3a922fa2716740d0c0,,2026-06-03T22:58:37+08:00,https://mxdzlk.com/item/?page_num=189
2384000,item,,item,mxdzlk_item,https://mxdzlk.com/item/2384000/,https://static.mapleartale.com/images/item/2384000.png,assets/items/raw/2384000.png,downloaded,200,image/png,1413,e85d84cdb9071e2c9f6ce6e70859019cfe3f497a2e231de356a4efcfc72fd298,,2026-06-03T22:58:38+08:00,https://mxdzlk.com/item/?page_num=189
2384001,item,,item,mxdzlk_item,https://mxdzlk.com/item/2384001/,https://static.mapleartale.com/images/item/2384001.png,assets/items/raw/2384001.png,downloaded,200,image/png,1339,9712807f60b1257efe228d3f8cf167bc31ec5016b0b65145b4bb2f6ac09a0301,,2026-06-03T22:58:38+08:00,https://mxdzlk.com/item/?page_num=189
2384002,item,,item,mxdzlk_item,https://mxdzlk.com/item/2384002/,https://static.mapleartale.com/images/item/2384002.png,assets/items/raw/2384002.png,downloaded,200,image/png,1171,083d3f6d8c1a68c39cf25c1b870d770285495e4b8ad7a3f715f3bc1044adc660,,2026-06-03T22:58:39+08:00,https://mxdzlk.com/item/?page_num=190
2384003,item,,item,mxdzlk_item,https://mxdzlk.com/item/2384003/,https://static.mapleartale.com/images/item/2384003.png,assets/items/raw/2384003.png,downloaded,200,image/png,1325,3f33e92746232baf80f329599a867a1662f8ce584de08d26d9634f0a88708198,,2026-06-03T22:58:38+08:00,https://mxdzlk.com/item/?page_num=190
2384004,item,,item,mxdzlk_item,https://mxdzlk.com/item/2384004/,https://static.mapleartale.com/images/item/2384004.png,assets/items/raw/2384004.png,downloaded,200,image/png,1254,7f5d5ead211aa11bfb8d69aeb86713eecfc966e099595eee3f172833caa9e087,,2026-06-03T22:58:38+08:00,https://mxdzlk.com/item/?page_num=190
2384005,item,,item,mxdzlk_item,https://mxdzlk.com/item/2384005/,https://static.mapleartale.com/images/item/2384005.png,assets/items/raw/2384005.png,downloaded,200,image/png,1092,f439fc3320b36c98656149048bd541594dff7196aa58d4f5e2e71c8d4fb6deeb,,2026-06-03T22:58:38+08:00,https://mxdzlk.com/item/?page_num=190
2384006,item,,item,mxdzlk_item,https://mxdzlk.com/item/2384006/,https://static.mapleartale.com/images/item/2384006.png,assets/items/raw/2384006.png,downloaded,200,image/png,1139,5a50b2e33f121e33f80842e94fdf3a0acca68c53b5bf22b43c5675b8f3ab1964,,2026-06-03T22:58:38+08:00,https://mxdzlk.com/item/?page_num=190
2384007,item,,item,mxdzlk_item,https://mxdzlk.com/item/2384007/,https://static.mapleartale.com/images/item/2384007.png,assets/items/raw/2384007.png,downloaded,200,image/png,1123,390f8954e5eaa6db0e2192129a32fb9d63c7f14aa9e1816999ad7f705c39bd62,,2026-06-03T22:58:39+08:00,https://mxdzlk.com/item/?page_num=190
2384008,item,,item,mxdzlk_item,https://mxdzlk.com/item/2384008/,https://static.mapleartale.com/images/item/2384008.png,assets/items/raw/2384008.png,downloaded,200,image/png,1335,5cfa0e4b91915db88441dba5b8e13e877877efd8a336ccf88606b961d09cd53e,,2026-06-03T22:58:39+08:00,https://mxdzlk.com/item/?page_num=190
2384009,item,,item,mxdzlk_item,https://mxdzlk.com/item/2384009/,https://static.mapleartale.com/images/item/2384009.png,assets/items/raw/2384009.png,downloaded,200,image/png,929,6f5402e74e2a6335adf22124dc6bf929acded7618d095c45bf21d70106c9deec,,2026-06-03T22:58:39+08:00,https://mxdzlk.com/item/?page_num=190
2384010,item,,item,mxdzlk_item,https://mxdzlk.com/item/2384010/,https://static.mapleartale.com/images/item/2384010.png,assets/items/raw/2384010.png,downloaded,200,image/png,1344,6ec49708aa71c4a4c2801aff0150621a40f074fe74a692cbcbc30b519b0b5b6a,,2026-06-03T22:58:40+08:00,https://mxdzlk.com/item/?page_num=190
2384011,item,,item,mxdzlk_item,https://mxdzlk.com/item/2384011/,https://static.mapleartale.com/images/item/2384011.png,assets/items/raw/2384011.png,downloaded,200,image/png,1029,e063a03d095b285b816fff2c9eccbe49ce9908f1aa52e6b6747b763ea2e0fb5a,,2026-06-03T22:58:39+08:00,https://mxdzlk.com/item/?page_num=190
2384012,item,,item,mxdzlk_item,https://mxdzlk.com/item/2384012/,https://static.mapleartale.com/images/item/2384012.png,assets/items/raw/2384012.png,downloaded,200,image/png,1417,3b0106142d844eed2f04a947ecb2f9930c3fdfc065a0fccd359b72d106870e9a,,2026-06-03T22:58:40+08:00,https://mxdzlk.com/item/?page_num=191
2384013,item,,item,mxdzlk_item,https://mxdzlk.com/item/2384013/,https://static.mapleartale.com/images/item/2384013.png,assets/items/raw/2384013.png,downloaded,200,image/png,1301,837457dc088da60c273c1907e86284b4ea4e04c59ef8325df774948a95c181f4,,2026-06-03T22:58:39+08:00,https://mxdzlk.com/item/?page_num=191
2384014,item,,item,mxdzlk_item,https://mxdzlk.com/item/2384014/,https://static.mapleartale.com/images/item/2384014.png,assets/items/raw/2384014.png,downloaded,200,image/png,1354,651bc6e6a631526fdb4a43ea0f951bc0daec0c95073314a063fd9eda3933ef4a,,2026-06-03T22:58:40+08:00,https://mxdzlk.com/item/?page_num=191
2384015,item,,item,mxdzlk_item,https://mxdzlk.com/item/2384015/,https://static.mapleartale.com/images/item/2384015.png,assets/items/raw/2384015.png,downloaded,200,image/png,1111,73698ff19a6a6c099a7a07c13aafa4c9d96b0e17f6fe924b3b4e5ff504ee45cf,,2026-06-03T22:58:40+08:00,https://mxdzlk.com/item/?page_num=191
2384016,item,,item,mxdzlk_item,https://mxdzlk.com/item/2384016/,https://static.mapleartale.com/images/item/2384016.png,assets/items/raw/2384016.png,downloaded,200,image/png,1050,a3f65452f777a421da804f05f3e85c5768f55dfda48f8895802175025e67cc33,,2026-06-03T22:58:40+08:00,https://mxdzlk.com/item/?page_num=191
2384017,item,,item,mxdzlk_item,https://mxdzlk.com/item/2384017/,https://static.mapleartale.com/images/item/2384017.png,assets/items/raw/2384017.png,downloaded,200,image/png,1256,58b8bc8b27f6d24697eaff2d013737296e407810691a4fdca88c8808cae5d6ef,,2026-06-03T22:58:41+08:00,https://mxdzlk.com/item/?page_num=191
2384018,item,,item,mxdzlk_item,https://mxdzlk.com/item/2384018/,https://static.mapleartale.com/images/item/2384018.png,assets/items/raw/2384018.png,downloaded,200,image/png,1165,787516824d19ee2e1ec42150f16144f10e7777c20ecff27575077ea278989485,,2026-06-03T22:58:40+08:00,https://mxdzlk.com/item/?page_num=191
2384019,item,,item,mxdzlk_item,https://mxdzlk.com/item/2384019/,https://static.mapleartale.com/images/item/2384019.png,assets/items/raw/2384019.png,downloaded,200,image/png,1305,ae20f4f4a949018a3bcece6dfcdaf789c3995ad24edaa41b31cbf801b78bf2ba,,2026-06-03T22:58:40+08:00,https://mxdzlk.com/item/?page_num=191
2384020,item,,item,mxdzlk_item,https://mxdzlk.com/item/2384020/,https://static.mapleartale.com/images/item/2384020.png,assets/items/raw/2384020.png,downloaded,200,image/png,1337,61f74fb5106c5118ee80976dbf6fb39a892af142df35d0d792acbd0b1efa47c0,,2026-06-03T22:58:49+08:00,https://mxdzlk.com/item/?page_num=191
2384021,item,,item,mxdzlk_item,https://mxdzlk.com/item/2384021/,https://static.mapleartale.com/images/item/2384021.png,assets/items/raw/2384021.png,downloaded,200,image/png,1369,9421e5ea96ee99654be63d9c801bea9aad8a3361a2b5011fa62869e47f9c6781,,2026-06-03T22:58:41+08:00,https://mxdzlk.com/item/?page_num=191
2384022,item,,item,mxdzlk_item,https://mxdzlk.com/item/2384022/,https://static.mapleartale.com/images/item/2384022.png,assets/items/raw/2384022.png,downloaded,200,image/png,1375,742121303f8e17323e9cba95690023d6baffc88f3b32ecb37548df97f7e52da3,,2026-06-03T22:58:41+08:00,https://mxdzlk.com/item/?page_num=192
2384023,item,,item,mxdzlk_item,https://mxdzlk.com/item/2384023/,https://static.mapleartale.com/images/item/2384023.png,assets/items/raw/2384023.png,downloaded,200,image/png,1385,dd5ccde156fdf6489d8a24ec68352b5fd17ad1d7c5398788b30a82024cb4332b,,2026-06-03T22:58:41+08:00,https://mxdzlk.com/item/?page_num=192
2384024,item,,item,mxdzlk_item,https://mxdzlk.com/item/2384024/,https://static.mapleartale.com/images/item/2384024.png,assets/items/raw/2384024.png,downloaded,200,image/png,988,bd60f096dbfdae2e96e98461eb52c29f285cdffc3a4cee3e49aa4109cd8fad8d,,2026-06-03T22:58:41+08:00,https://mxdzlk.com/item/?page_num=192
2384025,item,,item,mxdzlk_item,https://mxdzlk.com/item/2384025/,https://static.mapleartale.com/images/item/2384025.png,assets/items/raw/2384025.png,downloaded,200,image/png,1382,cba93e983121143aab02294d00d01a5399968767a4611597510f01da8890dd09,,2026-06-03T22:58:41+08:00,https://mxdzlk.com/item/?page_num=192
2384026,item,,item,mxdzlk_item,https://mxdzlk.com/item/2384026/,https://static.mapleartale.com/images/item/2384026.png,assets/items/raw/2384026.png,downloaded,200,image/png,1330,a20a8b94fab5b054572046101a0ebdab54e79b77fd745840c2e1e59c8229dc87,,2026-06-03T22:58:41+08:00,https://mxdzlk.com/item/?page_num=192
2384027,item,,item,mxdzlk_item,https://mxdzlk.com/item/2384027/,https://static.mapleartale.com/images/item/2384027.png,assets/items/raw/2384027.png,downloaded,200,image/png,999,13752e553b478a6b5d2749421116a61f8d616b3813c3730f2e11d37159dc9911,,2026-06-03T22:58:43+08:00,https://mxdzlk.com/item/?page_num=192
2384028,item,,item,mxdzlk_item,https://mxdzlk.com/item/2384028/,https://static.mapleartale.com/images/item/2384028.png,assets/items/raw/2384028.png,downloaded,200,image/png,1113,20e6168f42a0c9e7292984e823e54ca0cd812754d2aba688d18675d31d42e763,,2026-06-03T22:58:43+08:00,https://mxdzlk.com/item/?page_num=192
2384029,item,,item,mxdzlk_item,https://mxdzlk.com/item/2384029/,https://static.mapleartale.com/images/item/2384029.png,assets/items/raw/2384029.png,downloaded,200,image/png,1313,ea00dcb8bf06b929b6f32182111c6d3632f635db7b98d6e4a923289257342c80,,2026-06-03T22:58:43+08:00,https://mxdzlk.com/item/?page_num=192
2384030,item,,item,mxdzlk_item,https://mxdzlk.com/item/2384030/,https://static.mapleartale.com/images/item/2384030.png,assets/items/raw/2384030.png,downloaded,200,image/png,989,c1adcdb0e3ca9cc00ee9b751cf0c3b81d027ae108d43700405c53000f8cea845,,2026-06-03T22:58:42+08:00,https://mxdzlk.com/item/?page_num=192
2384031,item,,item,mxdzlk_item,https://mxdzlk.com/item/2384031/,https://static.mapleartale.com/images/item/2384031.png,assets/items/raw/2384031.png,downloaded,200,image/png,1176,9979e51dc9982e959d0d9de33cbb1c861b071ac313342dfde42f7c91307fef81,,2026-06-03T22:58:43+08:00,https://mxdzlk.com/item/?page_num=192
2384032,item,,item,mxdzlk_item,https://mxdzlk.com/item/2384032/,https://static.mapleartale.com/images/item/2384032.png,assets/items/raw/2384032.png,downloaded,200,image/png,1384,f6661281ad1e4e323b98b1b8d8c456f3e838ecc697f235cd05336ceac5d907a5,,2026-06-03T22:58:44+08:00,https://mxdzlk.com/item/?page_num=193
2384033,item,,item,mxdzlk_item,https://mxdzlk.com/item/2384033/,https://static.mapleartale.com/images/item/2384033.png,assets/items/raw/2384033.png,downloaded,200,image/png,973,2e1571592b1ac3d943d574777137badbc0d74483c39eff9bbdda77613db45fa5,,2026-06-03T22:58:42+08:00,https://mxdzlk.com/item/?page_num=193
2384034,item,,item,mxdzlk_item,https://mxdzlk.com/item/2384034/,https://static.mapleartale.com/images/item/2384034.png,assets/items/raw/2384034.png,downloaded,200,image/png,1385,fa27a0d8362371b1cb74da7dcfc361d7d2b13886af4524b32701277af90df7aa,,2026-06-03T22:58:46+08:00,https://mxdzlk.com/item/?page_num=193
2384035,item,,item,mxdzlk_item,https://mxdzlk.com/item/2384035/,https://static.mapleartale.com/images/item/2384035.png,assets/items/raw/2384035.png,downloaded,200,image/png,1178,fed1df1433bac02ea7fb697abfb68cc5b4c06d6c3abc0e09609be54b74bc476f,,2026-06-03T22:58:43+08:00,https://mxdzlk.com/item/?page_num=193
2384036,item,,item,mxdzlk_item,https://mxdzlk.com/item/2384036/,https://static.mapleartale.com/images/item/2384036.png,assets/items/raw/2384036.png,downloaded,200,image/png,1429,5192bf6a528998f76702def3496fd50a5aa718fdbc5676723b99c3c202c8799d,,2026-06-03T22:58:45+08:00,https://mxdzlk.com/item/?page_num=193
2384037,item,,item,mxdzlk_item,https://mxdzlk.com/item/2384037/,https://static.mapleartale.com/images/item/2384037.png,assets/items/raw/2384037.png,downloaded,200,image/png,1358,abc4df0fb4200b1863d77689d1de713d7d967ee5cd3e59e5c2f27375fef58343,,2026-06-03T22:58:44+08:00,https://mxdzlk.com/item/?page_num=193
2384038,item,,item,mxdzlk_item,https://mxdzlk.com/item/2384038/,https://static.mapleartale.com/images/item/2384038.png,assets/items/raw/2384038.png,downloaded,200,image/png,1166,d6d3df47036bf7be4664e961ba162a7e34257e9c023c535938db06527c5b6e9a,,2026-06-03T22:58:45+08:00,https://mxdzlk.com/item/?page_num=193
2384039,item,,item,mxdzlk_item,https://mxdzlk.com/item/2384039/,https://static.mapleartale.com/images/item/2384039.png,assets/items/raw/2384039.png,downloaded,200,image/png,1150,7cf9a5114db97b2427330a4e466122ede55714430fdfd7e1a68476e109e34ca1,,2026-06-03T22:58:44+08:00,https://mxdzlk.com/item/?page_num=193
2384040,item,,item,mxdzlk_item,https://mxdzlk.com/item/2384040/,https://static.mapleartale.com/images/item/2384040.png,assets/items/raw/2384040.png,downloaded,200,image/png,1217,11ab064650bffeacad6dffc89e354eff1181af647af450b4a6b60bddf8e20a0b,,2026-06-03T22:58:44+08:00,https://mxdzlk.com/item/?page_num=193
2384041,item,,item,mxdzlk_item,https://mxdzlk.com/item/2384041/,https://static.mapleartale.com/images/item/2384041.png,assets/items/raw/2384041.png,downloaded,200,image/png,1106,a25d60bcec8f24437cef3d57434638a3630bf877a1148200928d29d9fc6c12ed,,2026-06-03T22:58:45+08:00,https://mxdzlk.com/item/?page_num=193
2384042,item,,item,mxdzlk_item,https://mxdzlk.com/item/2384042/,https://static.mapleartale.com/images/item/2384042.png,assets/items/raw/2384042.png,downloaded,200,image/png,1240,e34d09e71faffbc7f0657cc2689dd951d9081ba524fbb21159df249b33b29d5d,,2026-06-03T22:58:45+08:00,https://mxdzlk.com/item/?page_num=194
2384043,item,,item,mxdzlk_item,https://mxdzlk.com/item/2384043/,https://static.mapleartale.com/images/item/2384043.png,assets/items/raw/2384043.png,downloaded,200,image/png,1223,13f1b3c998f3b69a946df50391d4203a4ec0f4b767efe29ef114dfeef8cd611e,,2026-06-03T22:58:46+08:00,https://mxdzlk.com/item/?page_num=194
2385000,item,,item,mxdzlk_item,https://mxdzlk.com/item/2385000/,https://static.mapleartale.com/images/item/2385000.png,assets/items/raw/2385000.png,downloaded,200,image/png,1321,3c0b44a447b5eb8309e1ce7cba7bbd4f7eaf4cea091a61c6c51b583128db507f,,2026-06-03T22:58:46+08:00,https://mxdzlk.com/item/?page_num=194
2385001,item,,item,mxdzlk_item,https://mxdzlk.com/item/2385001/,https://static.mapleartale.com/images/item/2385001.png,assets/items/raw/2385001.png,downloaded,200,image/png,1024,4712be7fdaba1f5e8504c83687f397b7e77db8e04720004e8c897c66460ec16f,,2026-06-03T22:58:46+08:00,https://mxdzlk.com/item/?page_num=194
2385002,item,,item,mxdzlk_item,https://mxdzlk.com/item/2385002/,https://static.mapleartale.com/images/item/2385002.png,assets/items/raw/2385002.png,downloaded,200,image/png,1096,a7584963e5199d0023ff8bf438db9eaea5ba4609261d17f1acf94e4791b0dd7d,,2026-06-03T22:58:46+08:00,https://mxdzlk.com/item/?page_num=194
2385003,item,,item,mxdzlk_item,https://mxdzlk.com/item/2385003/,https://static.mapleartale.com/images/item/2385003.png,assets/items/raw/2385003.png,downloaded,200,image/png,1432,4453e5d60bd00aad76c062e95023bde26f629684a38c9844684b6a49113b1f83,,2026-06-03T22:58:47+08:00,https://mxdzlk.com/item/?page_num=194
2385004,item,,item,mxdzlk_item,https://mxdzlk.com/item/2385004/,https://static.mapleartale.com/images/item/2385004.png,assets/items/raw/2385004.png,downloaded,200,image/png,1046,f514fbcc93d6a86f9aa18058ba74f603a93093872a8e710d55732a275f69f848,,2026-06-03T22:58:47+08:00,https://mxdzlk.com/item/?page_num=194
2385005,item,,item,mxdzlk_item,https://mxdzlk.com/item/2385005/,https://static.mapleartale.com/images/item/2385005.png,assets/items/raw/2385005.png,downloaded,200,image/png,1246,de20ab46aa96db8805415de8e54f0c2b841ff31840b12507eb70f5eba4adfdd9,,2026-06-03T22:58:47+08:00,https://mxdzlk.com/item/?page_num=194
2385006,item,,item,mxdzlk_item,https://mxdzlk.com/item/2385006/,https://static.mapleartale.com/images/item/2385006.png,assets/items/raw/2385006.png,downloaded,200,image/png,1176,ea231920f90cd85fe34c5468780257943b72c3ff4b5a595da028c81b1c63ac3a,,2026-06-03T22:58:48+08:00,https://mxdzlk.com/item/?page_num=194
2385007,item,,item,mxdzlk_item,https://mxdzlk.com/item/2385007/,https://static.mapleartale.com/images/item/2385007.png,assets/items/raw/2385007.png,downloaded,200,image/png,1241,affa550e40425b660e3cefa27d629dc782b0976f16c32e610f4d8b52ba40dc89,,2026-06-03T22:58:47+08:00,https://mxdzlk.com/item/?page_num=194
2385008,item,,item,mxdzlk_item,https://mxdzlk.com/item/2385008/,https://static.mapleartale.com/images/item/2385008.png,assets/items/raw/2385008.png,downloaded,200,image/png,1218,fc1365e04817bd1a8aadb810ad6837a70a470a3271174ff773f80da72194b4e7,,2026-06-03T22:58:47+08:00,https://mxdzlk.com/item/?page_num=195
2385009,item,,item,mxdzlk_item,https://mxdzlk.com/item/2385009/,https://static.mapleartale.com/images/item/2385009.png,assets/items/raw/2385009.png,downloaded,200,image/png,1101,aaa9edc50c08787db036dc470230e31b8049ddb97263b3c49577c1dae05ecd76,,2026-06-03T22:58:48+08:00,https://mxdzlk.com/item/?page_num=195
2385010,item,,item,mxdzlk_item,https://mxdzlk.com/item/2385010/,https://static.mapleartale.com/images/item/2385010.png,assets/items/raw/2385010.png,downloaded,200,image/png,1241,ab2e811870487a8439f331b5841186b40fccbdd7243da4c72a073f2e59f9f84d,,2026-06-03T22:58:48+08:00,https://mxdzlk.com/item/?page_num=195
2385011,item,,item,mxdzlk_item,https://mxdzlk.com/item/2385011/,https://static.mapleartale.com/images/item/2385011.png,assets/items/raw/2385011.png,downloaded,200,image/png,1249,b16ed571478042b401a87bc2c7a6ffe2fdfe30de3940760276cc87650060ebf2,,2026-06-03T22:58:49+08:00,https://mxdzlk.com/item/?page_num=195
2385012,item,,item,mxdzlk_item,https://mxdzlk.com/item/2385012/,https://static.mapleartale.com/images/item/2385012.png,assets/items/raw/2385012.png,downloaded,200,image/png,1420,7b26897f7befbb90c6538645d93ac2583d91180706a99192b154d818634786f0,,2026-06-03T22:58:48+08:00,https://mxdzlk.com/item/?page_num=195
2385013,item,,item,mxdzlk_item,https://mxdzlk.com/item/2385013/,https://static.mapleartale.com/images/item/2385013.png,assets/items/raw/2385013.png,downloaded,200,image/png,989,45d8a2cda4bef1c9a60bec0c60af0a9bcfa34cdd92766ed0c2a84a463aa2af08,,2026-06-03T22:58:49+08:00,https://mxdzlk.com/item/?page_num=195
2385014,item,,item,mxdzlk_item,https://mxdzlk.com/item/2385014/,https://static.mapleartale.com/images/item/2385014.png,assets/items/raw/2385014.png,downloaded,200,image/png,1063,95165b03b6291b2d51a7c617dfcb650221b60b8e6cdd50893783dcd81c2bb147,,2026-06-03T22:58:50+08:00,https://mxdzlk.com/item/?page_num=195
2385015,item,,item,mxdzlk_item,https://mxdzlk.com/item/2385015/,https://static.mapleartale.com/images/item/2385015.png,assets/items/raw/2385015.png,downloaded,200,image/png,1314,c30ac71e61e245b7b9b17f59bd0cd5c17773cedbfe1f7ecf1d5e0822519984ea,,2026-06-03T22:58:49+08:00,https://mxdzlk.com/item/?page_num=195
2385016,item,,item,mxdzlk_item,https://mxdzlk.com/item/2385016/,https://static.mapleartale.com/images/item/2385016.png,assets/items/raw/2385016.png,downloaded,200,image/png,1280,1900052f1a417c6e2ee2286929d66ac0790015b9db80ac05956b34a805c68399,,2026-06-03T22:58:50+08:00,https://mxdzlk.com/item/?page_num=195
2385017,item,,item,mxdzlk_item,https://mxdzlk.com/item/2385017/,https://static.mapleartale.com/images/item/2385017.png,assets/items/raw/2385017.png,downloaded,200,image/png,1316,1e9fadd3f506d3bbf3519173df293214d3614ef39aaa275dd12adec9f08d0f33,,2026-06-03T22:58:52+08:00,https://mxdzlk.com/item/?page_num=195
2385018,item,,item,mxdzlk_item,https://mxdzlk.com/item/2385018/,https://static.mapleartale.com/images/item/2385018.png,assets/items/raw/2385018.png,downloaded,200,image/png,1289,8126a751f0834315d8afb67c63f4c23858cc3e6f6978c4fc09e33f3e98333fb1,,2026-06-03T22:58:49+08:00,https://mxdzlk.com/item/?page_num=196
2385019,item,,item,mxdzlk_item,https://mxdzlk.com/item/2385019/,https://static.mapleartale.com/images/item/2385019.png,assets/items/raw/2385019.png,downloaded,200,image/png,1107,1edeea46678899e3ea3b7eb0d4c83aee8bf8f548c3a2a6500ca2fd4223eff4eb,,2026-06-03T22:58:50+08:00,https://mxdzlk.com/item/?page_num=196
2385020,item,,item,mxdzlk_item,https://mxdzlk.com/item/2385020/,https://static.mapleartale.com/images/item/2385020.png,assets/items/raw/2385020.png,downloaded,200,image/png,1417,2dc4b7c02d4bf236a793f8134a58f01c9a8e42a7e8e97ede55666622d1775304,,2026-06-03T22:58:51+08:00,https://mxdzlk.com/item/?page_num=196
2385021,item,,item,mxdzlk_item,https://mxdzlk.com/item/2385021/,https://static.mapleartale.com/images/item/2385021.png,assets/items/raw/2385021.png,downloaded,200,image/png,1370,e830eab7cc79488eb348e839edcb3c94b2444847e69e2a721b5b43f424185276,,2026-06-03T22:58:51+08:00,https://mxdzlk.com/item/?page_num=196
2385022,item,,item,mxdzlk_item,https://mxdzlk.com/item/2385022/,https://static.mapleartale.com/images/item/2385022.png,assets/items/raw/2385022.png,downloaded,200,image/png,1305,9caee8fbf08730f9ef69fa99918f382118a54355b5615dd749a4b1a8050001b1,,2026-06-03T22:58:51+08:00,https://mxdzlk.com/item/?page_num=196
2385023,item,,item,mxdzlk_item,https://mxdzlk.com/item/2385023/,https://static.mapleartale.com/images/item/2385023.png,assets/items/raw/2385023.png,downloaded,200,image/png,1320,4b0b72f8245e5ffb3ff10c6a3259a838bf08f599eb0f188c941534f81435a066,,2026-06-03T22:58:51+08:00,https://mxdzlk.com/item/?page_num=196
2385024,item,,item,mxdzlk_item,https://mxdzlk.com/item/2385024/,https://static.mapleartale.com/images/item/2385024.png,assets/items/raw/2385024.png,downloaded,200,image/png,824,e9dfc41b38a1990045c0834418410b437b2df0cd49675dd241fd25bda2bfb346,,2026-06-03T22:58:50+08:00,https://mxdzlk.com/item/?page_num=196
2385025,item,,item,mxdzlk_item,https://mxdzlk.com/item/2385025/,https://static.mapleartale.com/images/item/2385025.png,assets/items/raw/2385025.png,downloaded,200,image/png,1323,ced5dcb760d465e75b48f5efccba87db55a703f3e152f78fc65576b8cd0f4c25,,2026-06-03T22:58:52+08:00,https://mxdzlk.com/item/?page_num=196
2385026,item,,item,mxdzlk_item,https://mxdzlk.com/item/2385026/,https://static.mapleartale.com/images/item/2385026.png,assets/items/raw/2385026.png,downloaded,200,image/png,1195,f9d64dea77218317074f313399a2209eb1f1439c52ea7e82eaf6932411b5d745,,2026-06-03T22:58:51+08:00,https://mxdzlk.com/item/?page_num=196
2385027,item,,item,mxdzlk_item,https://mxdzlk.com/item/2385027/,https://static.mapleartale.com/images/item/2385027.png,assets/items/raw/2385027.png,downloaded,200,image/png,1305,be73a3aa41e9bba3824b09d46f702d665178b32ce7f179f4ee0c2e75a1fdb466,,2026-06-03T22:58:52+08:00,https://mxdzlk.com/item/?page_num=196
2386000,item,,item,mxdzlk_item,https://mxdzlk.com/item/2386000/,https://static.mapleartale.com/images/item/2386000.png,assets/items/raw/2386000.png,downloaded,200,image/png,912,a83334ffeedb1ff01c0af652ff89c49e716fe5575fc4effa4d04cf8db1fa944e,,2026-06-03T22:58:51+08:00,https://mxdzlk.com/item/?page_num=197
2386001,item,,item,mxdzlk_item,https://mxdzlk.com/item/2386001/,https://static.mapleartale.com/images/item/2386001.png,assets/items/raw/2386001.png,downloaded,200,image/png,1268,4ea102fb1d119edf8808040c74906e836b204f7a175989367dd9445de87f62f4,,2026-06-03T22:58:52+08:00,https://mxdzlk.com/item/?page_num=197
2386002,item,,item,mxdzlk_item,https://mxdzlk.com/item/2386002/,https://static.mapleartale.com/images/item/2386002.png,assets/items/raw/2386002.png,downloaded,200,image/png,1428,2b84b24a09fb97f8704f4c0025d41721ab39f1954c8c6c9a69e536e7414f3a8b,,2026-06-03T22:58:53+08:00,https://mxdzlk.com/item/?page_num=197
2386003,item,,item,mxdzlk_item,https://mxdzlk.com/item/2386003/,https://static.mapleartale.com/images/item/2386003.png,assets/items/raw/2386003.png,downloaded,200,image/png,955,6352c8786c640de89c28a9d04e3838301f6cbc55ccdf3248476c2dbf2dfb3871,,2026-06-03T22:58:52+08:00,https://mxdzlk.com/item/?page_num=197
2386004,item,,item,mxdzlk_item,https://mxdzlk.com/item/2386004/,https://static.mapleartale.com/images/item/2386004.png,assets/items/raw/2386004.png,downloaded,200,image/png,1358,2f01ab9d9a03db09209eba43ccec60e8c22228b0bc226c7688a3cb88359cae50,,2026-06-03T22:58:53+08:00,https://mxdzlk.com/item/?page_num=197
2386005,item,,item,mxdzlk_item,https://mxdzlk.com/item/2386005/,https://static.mapleartale.com/images/item/2386005.png,assets/items/raw/2386005.png,downloaded,200,image/png,1240,693bf1197fd23f2916202be49fccee6a090c3ac44f83419698640e0e347d03ed,,2026-06-03T22:58:53+08:00,https://mxdzlk.com/item/?page_num=197
2386006,item,,item,mxdzlk_item,https://mxdzlk.com/item/2386006/,https://static.mapleartale.com/images/item/2386006.png,assets/items/raw/2386006.png,downloaded,200,image/png,1299,bda037da40a0d0bc25a5e440e0cbdfefa86a21fa690d96e9217ad055eb5104bf,,2026-06-03T22:58:53+08:00,https://mxdzlk.com/item/?page_num=197
2386007,item,,item,mxdzlk_item,https://mxdzlk.com/item/2386007/,https://static.mapleartale.com/images/item/2386007.png,assets/items/raw/2386007.png,downloaded,200,image/png,1101,49e4c3ec15ede8bc540c3a4cdd0a2a564590d8c60b3f76f70cbc34f75374cb66,,2026-06-03T22:58:54+08:00,https://mxdzlk.com/item/?page_num=197
2386008,item,,item,mxdzlk_item,https://mxdzlk.com/item/2386008/,https://static.mapleartale.com/images/item/2386008.png,assets/items/raw/2386008.png,downloaded,200,image/png,1259,a0a49deb0766587bbb6f8bcb2fa4d9ee73176d21ee4a5319a7fdb7b3dc89304b,,2026-06-03T22:58:53+08:00,https://mxdzlk.com/item/?page_num=197
2386009,item,,item,mxdzlk_item,https://mxdzlk.com/item/2386009/,https://static.mapleartale.com/images/item/2386009.png,assets/items/raw/2386009.png,downloaded,200,image/png,1467,f93603259390b1ffa763514a359c23690f7f31f5d6f108a2ab6beb1379a55645,,2026-06-03T22:58:53+08:00,https://mxdzlk.com/item/?page_num=197
2386010,item,,item,mxdzlk_item,https://mxdzlk.com/item/2386010/,https://static.mapleartale.com/images/item/2386010.png,assets/items/raw/2386010.png,downloaded,200,image/png,1400,a9dd46c8163b794c3db9254346a438d5668d7e5a18c2d06c6754e40a0296f46a,,2026-06-03T22:58:56+08:00,https://mxdzlk.com/item/?page_num=198
2386011,item,,item,mxdzlk_item,https://mxdzlk.com/item/2386011/,https://static.mapleartale.com/images/item/2386011.png,assets/items/raw/2386011.png,downloaded,200,image/png,1174,48aac6a2a0a531ed7cf16c2d1348fc40478b27efc692cf8b045c5cdb61341330,,2026-06-03T22:58:53+08:00,https://mxdzlk.com/item/?page_num=198
2386012,item,,item,mxdzlk_item,https://mxdzlk.com/item/2386012/,https://static.mapleartale.com/images/item/2386012.png,assets/items/raw/2386012.png,downloaded,200,image/png,989,b528e5d45d175282023b8f4e86090bcc194700f0f20b94d964b49b93345f320b,,2026-06-03T22:58:56+08:00,https://mxdzlk.com/item/?page_num=198
2386013,item,,item,mxdzlk_item,https://mxdzlk.com/item/2386013/,https://static.mapleartale.com/images/item/2386013.png,assets/items/raw/2386013.png,downloaded,200,image/png,1314,b27beb4594fcc2610b405ad67871821a524f2e785d04232b2b453374067048c2,,2026-06-03T22:58:55+08:00,https://mxdzlk.com/item/?page_num=198
2386014,item,,item,mxdzlk_item,https://mxdzlk.com/item/2386014/,https://static.mapleartale.com/images/item/2386014.png,assets/items/raw/2386014.png,downloaded,200,image/png,1045,538d1370a45e6647cdb513f7a23e9ba22e6e32f86bbd43af36db3dbf164cc2be,,2026-06-03T22:58:55+08:00,https://mxdzlk.com/item/?page_num=198
2386015,item,,item,mxdzlk_item,https://mxdzlk.com/item/2386015/,https://static.mapleartale.com/images/item/2386015.png,assets/items/raw/2386015.png,downloaded,200,image/png,1201,08f298b43832df65fbef254668b15c6155a22fd432022750283a1577eb44a5ef,,2026-06-03T22:58:54+08:00,https://mxdzlk.com/item/?page_num=198
2386016,item,,item,mxdzlk_item,https://mxdzlk.com/item/2386016/,https://static.mapleartale.com/images/item/2386016.png,assets/items/raw/2386016.png,downloaded,200,image/png,1201,0472d919d720d1ecd6e6c2b6267cc24b8d326636b161f7049214483a8f44ca31,,2026-06-03T22:58:55+08:00,https://mxdzlk.com/item/?page_num=198
2386017,item,,item,mxdzlk_item,https://mxdzlk.com/item/2386017/,https://static.mapleartale.com/images/item/2386017.png,assets/items/raw/2386017.png,downloaded,200,image/png,1363,67cbaed31e4295930a752827e687b8576e910a007542d0f8c1922fda53b2bf3b,,2026-06-03T22:58:58+08:00,https://mxdzlk.com/item/?page_num=198
2386018,item,,item,mxdzlk_item,https://mxdzlk.com/item/2386018/,https://static.mapleartale.com/images/item/2386018.png,assets/items/raw/2386018.png,downloaded,200,image/png,1319,1780a1bce9c5ac9151caebe43ff72af63f85acdd10a7b14cdb847ecd3d8c2784,,2026-06-03T22:58:58+08:00,https://mxdzlk.com/item/?page_num=198
2386019,item,,item,mxdzlk_item,https://mxdzlk.com/item/2386019/,https://static.mapleartale.com/images/item/2386019.png,assets/items/raw/2386019.png,downloaded,200,image/png,1132,09784a94e4abe5fb6ef8d4176f89ef594a5a5c2deeb440c2b1a24cfbfcede3eb,,2026-06-03T22:58:56+08:00,https://mxdzlk.com/item/?page_num=198
2386020,item,,item,mxdzlk_item,https://mxdzlk.com/item/2386020/,https://static.mapleartale.com/images/item/2386020.png,assets/items/raw/2386020.png,downloaded,200,image/png,824,e9dfc41b38a1990045c0834418410b437b2df0cd49675dd241fd25bda2bfb346,,2026-06-03T22:58:56+08:00,https://mxdzlk.com/item/?page_num=199
2386021,item,,item,mxdzlk_item,https://mxdzlk.com/item/2386021/,https://static.mapleartale.com/images/item/2386021.png,assets/items/raw/2386021.png,downloaded,200,image/png,1279,b74114ad1d48eb605441768d0a9bd0bbcee567a226fbb87bb1b3bd4f4f2d24cd,,2026-06-03T22:58:56+08:00,https://mxdzlk.com/item/?page_num=199
2386022,item,,item,mxdzlk_item,https://mxdzlk.com/item/2386022/,https://static.mapleartale.com/images/item/2386022.png,assets/items/raw/2386022.png,downloaded,200,image/png,1257,3018362eab97240e3c7a99a4d9eed059229718c8e0a45452bb7630195eb0f424,,2026-06-03T22:58:56+08:00,https://mxdzlk.com/item/?page_num=199
2386023,item,,item,mxdzlk_item,https://mxdzlk.com/item/2386023/,https://static.mapleartale.com/images/item/2386023.png,assets/items/raw/2386023.png,downloaded,200,image/png,1216,18f1e47d124056e4f3a4cec0f34fe5758e3dadafe48ab1c57bd203f693d06d73,,2026-06-03T22:58:57+08:00,https://mxdzlk.com/item/?page_num=199
2386024,item,,item,mxdzlk_item,https://mxdzlk.com/item/2386024/,https://static.mapleartale.com/images/item/2386024.png,assets/items/raw/2386024.png,downloaded,200,image/png,1191,7f0a3545711f7b64c8f3b78e8259badffa8e5327c288828ae4d524f488c153eb,,2026-06-03T22:58:57+08:00,https://mxdzlk.com/item/?page_num=199
2386025,item,,item,mxdzlk_item,https://mxdzlk.com/item/2386025/,https://static.mapleartale.com/images/item/2386025.png,assets/items/raw/2386025.png,downloaded,200,image/png,1316,944a757eea255cd7862e7f161fa49796b735f0f2e2533732b4c1a5203ce4a5d1,,2026-06-03T22:58:57+08:00,https://mxdzlk.com/item/?page_num=199
2386026,item,,item,mxdzlk_item,https://mxdzlk.com/item/2386026/,https://static.mapleartale.com/images/item/2386026.png,assets/items/raw/2386026.png,downloaded,200,image/png,1185,f1daf30eb75a728c9041f2b35e60d532ba34ab8cea497b17549ce78af67a10f6,,2026-06-03T22:58:57+08:00,https://mxdzlk.com/item/?page_num=199
2386027,item,,item,mxdzlk_item,https://mxdzlk.com/item/2386027/,https://static.mapleartale.com/images/item/2386027.png,assets/items/raw/2386027.png,downloaded,200,image/png,1143,84a3f3cf27cac44ecedf33eea1262b1b11f049398e512e7e63d34db5269658a2,,2026-06-03T22:58:57+08:00,https://mxdzlk.com/item/?page_num=199
2386028,item,,item,mxdzlk_item,https://mxdzlk.com/item/2386028/,https://static.mapleartale.com/images/item/2386028.png,assets/items/raw/2386028.png,downloaded,200,image/png,1031,c5e272a790497aad7a46de983bcde3d549fba43da73af021b8372277d78ca013,,2026-06-03T22:58:59+08:00,https://mxdzlk.com/item/?page_num=199
2386029,item,,item,mxdzlk_item,https://mxdzlk.com/item/2386029/,https://static.mapleartale.com/images/item/2386029.png,assets/items/raw/2386029.png,downloaded,200,image/png,1140,eaa635411b43d2a20d7a815cad3ddc0ec22fe523ddb68b615a025d9f81f7851c,,2026-06-03T22:59:00+08:00,https://mxdzlk.com/item/?page_num=199
2387000,item,,item,mxdzlk_item,https://mxdzlk.com/item/2387000/,https://static.mapleartale.com/images/item/2387000.png,assets/items/raw/2387000.png,downloaded,200,image/png,1218,a124344fd5214b723d3d7314f3ffbed5efabc18d92e7cd748f427e770a9d6bde,,2026-06-03T22:59:01+08:00,https://mxdzlk.com/item/?page_num=200
2387001,item,,item,mxdzlk_item,https://mxdzlk.com/item/2387001/,https://static.mapleartale.com/images/item/2387001.png,assets/items/raw/2387001.png,downloaded,200,image/png,1355,3eda9b8b44a8a7e82b5f635b927ae975ad9837aa1b8188296ae0bcb47c5db9a2,,2026-06-03T22:58:59+08:00,https://mxdzlk.com/item/?page_num=200
2387002,item,,item,mxdzlk_item,https://mxdzlk.com/item/2387002/,https://static.mapleartale.com/images/item/2387002.png,assets/items/raw/2387002.png,downloaded,200,image/png,1105,16856f9924a7a7ea94127509bd9f9196cd7f9415276e324dcc81f881f2f113fe,,2026-06-03T22:58:58+08:00,https://mxdzlk.com/item/?page_num=200
2387003,item,,item,mxdzlk_item,https://mxdzlk.com/item/2387003/,https://static.mapleartale.com/images/item/2387003.png,assets/items/raw/2387003.png,downloaded,200,image/png,1094,fd2f6ce3ffcdfe3330100a8768e82325936ff79f5ab10c3a3894decc82bddd37,,2026-06-03T22:58:59+08:00,https://mxdzlk.com/item/?page_num=200
2387004,item,,item,mxdzlk_item,https://mxdzlk.com/item/2387004/,https://static.mapleartale.com/images/item/2387004.png,assets/items/raw/2387004.png,downloaded,200,image/png,1288,ae4c0afe7e4dd5ec5ab9febfff1055634e7e9e0ff035c3eb935d4a72ad419e0b,,2026-06-03T22:58:59+08:00,https://mxdzlk.com/item/?page_num=200
2387005,item,,item,mxdzlk_item,https://mxdzlk.com/item/2387005/,https://static.mapleartale.com/images/item/2387005.png,assets/items/raw/2387005.png,downloaded,200,image/png,824,e9dfc41b38a1990045c0834418410b437b2df0cd49675dd241fd25bda2bfb346,,2026-06-03T22:59:01+08:00,https://mxdzlk.com/item/?page_num=200
2387006,item,,item,mxdzlk_item,https://mxdzlk.com/item/2387006/,https://static.mapleartale.com/images/item/2387006.png,assets/items/raw/2387006.png,downloaded,200,image/png,1230,da00b5f405e9879a0bbb5faa214544a8e4ed26fd374819e6d0f81c220b4e3bf3,,2026-06-03T22:59:00+08:00,https://mxdzlk.com/item/?page_num=200
2387007,item,,item,mxdzlk_item,https://mxdzlk.com/item/2387007/,https://static.mapleartale.com/images/item/2387007.png,assets/items/raw/2387007.png,downloaded,200,image/png,1207,d3c1924a0b97e7aca139bc428e94c47989233664a06b005508eba10c8de5b634,,2026-06-03T22:59:00+08:00,https://mxdzlk.com/item/?page_num=200
2387008,item,,item,mxdzlk_item,https://mxdzlk.com/item/2387008/,https://static.mapleartale.com/images/item/2387008.png,assets/items/raw/2387008.png,downloaded,200,image/png,1132,3ae2b93e533ccab5c4e5af8e3b8efbc0527f8cb4591f0ef0cf4354cc64f0859c,,2026-06-03T22:59:00+08:00,https://mxdzlk.com/item/?page_num=200
2387009,item,,item,mxdzlk_item,https://mxdzlk.com/item/2387009/,https://static.mapleartale.com/images/item/2387009.png,assets/items/raw/2387009.png,downloaded,200,image/png,1118,1915451cfe1c14d4b3677077214a6ce434ef15a6c3982a0b55e5f32bb75d39b9,,2026-06-03T22:59:01+08:00,https://mxdzlk.com/item/?page_num=200
2387010,item,,item,mxdzlk_item,https://mxdzlk.com/item/2387010/,https://static.mapleartale.com/images/item/2387010.png,assets/items/raw/2387010.png,downloaded,200,image/png,1202,c7178dbb7b11e55e0ed0bdc8f08a7efbb0af8f775329575d0867aa2e3c419c52,,2026-06-03T22:59:01+08:00,https://mxdzlk.com/item/?page_num=201
2387011,item,,item,mxdzlk_item,https://mxdzlk.com/item/2387011/,https://static.mapleartale.com/images/item/2387011.png,assets/items/raw/2387011.png,downloaded,200,image/png,1191,91e0e3d47d0b376b67eccaf5be984dcc02d308e29d70f74740581b4f1d0a9610,,2026-06-03T22:59:01+08:00,https://mxdzlk.com/item/?page_num=201
2387012,item,,item,mxdzlk_item,https://mxdzlk.com/item/2387012/,https://static.mapleartale.com/images/item/2387012.png,assets/items/raw/2387012.png,downloaded,200,image/png,1090,ccc4a6c5464d52f2fbc573c9cf23e1c70cb73dcf1b4e3e623175a656c7868f5a,,2026-06-03T22:59:05+08:00,https://mxdzlk.com/item/?page_num=201
2387013,item,,item,mxdzlk_item,https://mxdzlk.com/item/2387013/,https://static.mapleartale.com/images/item/2387013.png,assets/items/raw/2387013.png,downloaded,200,image/png,1060,56612e2f07ec4849f841b58c89e62d93c2f017acc10ea8f74aebb505e7f950e0,,2026-06-03T22:59:01+08:00,https://mxdzlk.com/item/?page_num=201
2387014,item,,item,mxdzlk_item,https://mxdzlk.com/item/2387014/,https://static.mapleartale.com/images/item/2387014.png,assets/items/raw/2387014.png,downloaded,200,image/png,1246,436343c4b3d17d37d7cdaca5f7119bc60c4f3b21afed9d3403ccdb950b53892e,,2026-06-03T22:59:02+08:00,https://mxdzlk.com/item/?page_num=201
2387015,item,,item,mxdzlk_item,https://mxdzlk.com/item/2387015/,https://static.mapleartale.com/images/item/2387015.png,assets/items/raw/2387015.png,downloaded,200,image/png,1217,0f1c44c7134f8808622eeaabfe597d6367d63afb627989a6854f14437380677b,,2026-06-03T22:59:02+08:00,https://mxdzlk.com/item/?page_num=201
2387016,item,,item,mxdzlk_item,https://mxdzlk.com/item/2387016/,https://static.mapleartale.com/images/item/2387016.png,assets/items/raw/2387016.png,downloaded,200,image/png,1226,c17ba3d302cdde506ff1dd9a9f05a2e16f4fe87dd7ffbfc4e1731368e61642f0,,2026-06-03T22:59:02+08:00,https://mxdzlk.com/item/?page_num=201
2387017,item,,item,mxdzlk_item,https://mxdzlk.com/item/2387017/,https://static.mapleartale.com/images/item/2387017.png,assets/items/raw/2387017.png,downloaded,200,image/png,1187,22d3d951f65dd06a0b733d0dec926128c32ec2c666243a89a44c1299d81e5055,,2026-06-03T22:59:02+08:00,https://mxdzlk.com/item/?page_num=201
2387018,item,,item,mxdzlk_item,https://mxdzlk.com/item/2387018/,https://static.mapleartale.com/images/item/2387018.png,assets/items/raw/2387018.png,downloaded,200,image/png,1311,4d6c9353ef12e5fdca1a673f5305cbec921e3ccb87f4a4d2b5ee7652722d9312,,2026-06-03T22:59:02+08:00,https://mxdzlk.com/item/?page_num=201
2387019,item,,item,mxdzlk_item,https://mxdzlk.com/item/2387019/,https://static.mapleartale.com/images/item/2387019.png,assets/items/raw/2387019.png,downloaded,200,image/png,1215,857aa1584c204e43a39a24755340fc8b28f862080b8901c1052840af55d54295,,2026-06-03T22:59:02+08:00,https://mxdzlk.com/item/?page_num=201
2387020,item,,item,mxdzlk_item,https://mxdzlk.com/item/2387020/,https://static.mapleartale.com/images/item/2387020.png,assets/items/raw/2387020.png,downloaded,200,image/png,1361,000397493532e7a83391e3fc5ed48f29aba31564db65b7e225c74f152f5c3adc,,2026-06-03T22:59:02+08:00,https://mxdzlk.com/item/?page_num=202
2388000,item,,item,mxdzlk_item,https://mxdzlk.com/item/2388000/,https://static.mapleartale.com/images/item/2388000.png,assets/items/raw/2388000.png,downloaded,200,image/png,1385,e356507d037c8f7c6d732f242b94f1ff4192af2a0feb639a8f85814e78392b97,,2026-06-03T22:59:02+08:00,https://mxdzlk.com/item/?page_num=202
2388001,item,,item,mxdzlk_item,https://mxdzlk.com/item/2388001/,https://static.mapleartale.com/images/item/2388001.png,assets/items/raw/2388001.png,downloaded,200,image/png,1034,ac61b6fdcd6712c75867b6e35345556d57b05d959432e98e75ab05a19734b905,,2026-06-03T22:59:03+08:00,https://mxdzlk.com/item/?page_num=202
2388002,item,,item,mxdzlk_item,https://mxdzlk.com/item/2388002/,https://static.mapleartale.com/images/item/2388002.png,assets/items/raw/2388002.png,downloaded,200,image/png,1275,7fe35547e3196dddc886478ae2c9681872db32e02e09ae92fd799e6614dddac5,,2026-06-03T22:59:03+08:00,https://mxdzlk.com/item/?page_num=202
2388003,item,,item,mxdzlk_item,https://mxdzlk.com/item/2388003/,https://static.mapleartale.com/images/item/2388003.png,assets/items/raw/2388003.png,downloaded,200,image/png,1210,ca0045b0a733cc55640952ad3109c32fddbe194d9099db9664897b10c8f676c8,,2026-06-03T22:59:03+08:00,https://mxdzlk.com/item/?page_num=202
2388004,item,,item,mxdzlk_item,https://mxdzlk.com/item/2388004/,https://static.mapleartale.com/images/item/2388004.png,assets/items/raw/2388004.png,downloaded,200,image/png,1277,4aa5660b1cc9bb8c2cc4f82d9f8afdb7e073b1f4b175ed701f3205c6ba80997e,,2026-06-03T22:59:03+08:00,https://mxdzlk.com/item/?page_num=202
2388005,item,,item,mxdzlk_item,https://mxdzlk.com/item/2388005/,https://static.mapleartale.com/images/item/2388005.png,assets/items/raw/2388005.png,downloaded,200,image/png,1574,7fdb4e00dad009dedf599d939cabe8bcd9738e762753114a3d80c1b456e977fe,,2026-06-03T22:59:04+08:00,https://mxdzlk.com/item/?page_num=202
2388006,item,,item,mxdzlk_item,https://mxdzlk.com/item/2388006/,https://static.mapleartale.com/images/item/2388006.png,assets/items/raw/2388006.png,downloaded,200,image/png,1088,9d97e1d96b3d9925dafadc9051d367e25856561f1eb1d6729b3cdba37c262574,,2026-06-03T22:59:05+08:00,https://mxdzlk.com/item/?page_num=202
2388007,item,,item,mxdzlk_item,https://mxdzlk.com/item/2388007/,https://static.mapleartale.com/images/item/2388007.png,assets/items/raw/2388007.png,downloaded,200,image/png,1402,8d72eb1e7553ba15dd594df6938e0c91d0d84226d4c9c14a5408bd39cb909ced,,2026-06-03T22:59:03+08:00,https://mxdzlk.com/item/?page_num=202
2388008,item,,item,mxdzlk_item,https://mxdzlk.com/item/2388008/,https://static.mapleartale.com/images/item/2388008.png,assets/items/raw/2388008.png,downloaded,200,image/png,1186,f310638f353145e0c15e6d961da8391b72e87685ba7a065dc8c30b28a9444298,,2026-06-03T22:59:04+08:00,https://mxdzlk.com/item/?page_num=202
2388009,item,,item,mxdzlk_item,https://mxdzlk.com/item/2388009/,https://static.mapleartale.com/images/item/2388009.png,assets/items/raw/2388009.png,downloaded,200,image/png,1166,8d510413945043dffe11986fd430d0844742b1cd026c570b2cf5bfcdf218c384,,2026-06-03T22:59:04+08:00,https://mxdzlk.com/item/?page_num=203
2388010,item,,item,mxdzlk_item,https://mxdzlk.com/item/2388010/,https://static.mapleartale.com/images/item/2388010.png,assets/items/raw/2388010.png,downloaded,200,image/png,1273,4710008537323a9f9526d413a97675887337c27ab01b252c887ca5be2d796f37,,2026-06-03T22:59:04+08:00,https://mxdzlk.com/item/?page_num=203
2388011,item,,item,mxdzlk_item,https://mxdzlk.com/item/2388011/,https://static.mapleartale.com/images/item/2388011.png,assets/items/raw/2388011.png,downloaded,200,image/png,1423,bbac0a58d7f2364f630f50b2dc18dcbb496c783449b008895732571f098aa4ad,,2026-06-03T22:59:05+08:00,https://mxdzlk.com/item/?page_num=203
2388012,item,,item,mxdzlk_item,https://mxdzlk.com/item/2388012/,https://static.mapleartale.com/images/item/2388012.png,assets/items/raw/2388012.png,downloaded,200,image/png,1352,a7ce05e607732f48d9b324339710b38da83f2e77b93d86db4fdd4754b7800fef,,2026-06-03T22:59:05+08:00,https://mxdzlk.com/item/?page_num=203
2388013,item,,item,mxdzlk_item,https://mxdzlk.com/item/2388013/,https://static.mapleartale.com/images/item/2388013.png,assets/items/raw/2388013.png,downloaded,200,image/png,1426,b765d269fcc0cd4d1f8db1e37b7c78ba597d14eaaf65a9621901a19109091ff3,,2026-06-03T22:59:05+08:00,https://mxdzlk.com/item/?page_num=203
2388014,item,,item,mxdzlk_item,https://mxdzlk.com/item/2388014/,https://static.mapleartale.com/images/item/2388014.png,assets/items/raw/2388014.png,downloaded,200,image/png,1375,31fa9c2e2df3908d387e39bf5f6da7070d92fa51929668d3bdde86044e0fa1f0,,2026-06-03T22:59:05+08:00,https://mxdzlk.com/item/?page_num=203
2388015,item,,item,mxdzlk_item,https://mxdzlk.com/item/2388015/,https://static.mapleartale.com/images/item/2388015.png,assets/items/raw/2388015.png,downloaded,200,image/png,1342,767de0df8ec042778d88a1a186ca191d4484af010c82081ac6a448c9b643eef2,,2026-06-03T22:59:06+08:00,https://mxdzlk.com/item/?page_num=203
2388016,item,,item,mxdzlk_item,https://mxdzlk.com/item/2388016/,https://static.mapleartale.com/images/item/2388016.png,assets/items/raw/2388016.png,downloaded,200,image/png,1190,e1e6876ceac84827ccc82aeaabe44f4fab507227634020f05cc360fe866a2b86,,2026-06-03T22:59:05+08:00,https://mxdzlk.com/item/?page_num=203
2388017,item,,item,mxdzlk_item,https://mxdzlk.com/item/2388017/,https://static.mapleartale.com/images/item/2388017.png,assets/items/raw/2388017.png,downloaded,200,image/png,1389,e56676b46dad233ac7c4ab90b9532a5059fac580d269ec2dcbb2648769cf0540,,2026-06-03T22:59:09+08:00,https://mxdzlk.com/item/?page_num=203
2388018,item,,item,mxdzlk_item,https://mxdzlk.com/item/2388018/,https://static.mapleartale.com/images/item/2388018.png,assets/items/raw/2388018.png,downloaded,200,image/png,1500,4b49630c60c0695d9bb4d6c7747b0ebbf1f4d5ca63b5dc9aea22504d0369798b,,2026-06-03T22:59:07+08:00,https://mxdzlk.com/item/?page_num=203
2388019,item,,item,mxdzlk_item,https://mxdzlk.com/item/2388019/,https://static.mapleartale.com/images/item/2388019.png,assets/items/raw/2388019.png,downloaded,200,image/png,1398,3ee3a7296f866ede4481840b2e868a2fb7d12782c3014e711dd239a9f7256d1c,,2026-06-03T22:59:06+08:00,https://mxdzlk.com/item/?page_num=204
2388020,item,,item,mxdzlk_item,https://mxdzlk.com/item/2388020/,https://static.mapleartale.com/images/item/2388020.png,assets/items/raw/2388020.png,downloaded,200,image/png,1018,eddf4440d7081e312194898364b249e7e3157483745c4c6ac2315c748ed434db,,2026-06-03T22:59:06+08:00,https://mxdzlk.com/item/?page_num=204
2388021,item,,item,mxdzlk_item,https://mxdzlk.com/item/2388021/,https://static.mapleartale.com/images/item/2388021.png,assets/items/raw/2388021.png,downloaded,200,image/png,1466,f5986f5a39c4eafd1391cee6d1a786cefc834f8725d15c382dfc3586a6a2ede6,,2026-06-03T22:59:06+08:00,https://mxdzlk.com/item/?page_num=204
2388022,item,,item,mxdzlk_item,https://mxdzlk.com/item/2388022/,https://static.mapleartale.com/images/item/2388022.png,assets/items/raw/2388022.png,downloaded,200,image/png,1509,834ed914df2bfc220921af22008741f240f0a1ad8af7a3a744c9c6284af3360e,,2026-06-03T22:59:09+08:00,https://mxdzlk.com/item/?page_num=204
2388023,item,,item,mxdzlk_item,https://mxdzlk.com/item/2388023/,https://static.mapleartale.com/images/item/2388023.png,assets/items/raw/2388023.png,downloaded,200,image/png,1388,d7d5ca3453c6a513d2ef188e0bb4fb452c465bd19abf66d8ec959d94803f95fa,,2026-06-03T22:59:10+08:00,https://mxdzlk.com/item/?page_num=204
2388024,item,,item,mxdzlk_item,https://mxdzlk.com/item/2388024/,https://static.mapleartale.com/images/item/2388024.png,assets/items/raw/2388024.png,downloaded,200,image/png,1175,076ded22da68486c71d6d7f21379ca16e3c821fd58fa78758e36f749bac393c6,,2026-06-03T22:59:07+08:00,https://mxdzlk.com/item/?page_num=204
2388025,item,,item,mxdzlk_item,https://mxdzlk.com/item/2388025/,https://static.mapleartale.com/images/item/2388025.png,assets/items/raw/2388025.png,downloaded,200,image/png,1315,8c5a7b9031f0ade4f1c8d2ea03618674bb78dcb36cece32727d35ab6e6999ac1,,2026-06-03T22:59:12+08:00,https://mxdzlk.com/item/?page_num=204
2388026,item,,item,mxdzlk_item,https://mxdzlk.com/item/2388026/,https://static.mapleartale.com/images/item/2388026.png,assets/items/raw/2388026.png,downloaded,200,image/png,1293,c5977bbbbe8896da68648e1b039c7dd80903302f1e52c64245c3be9d59bfd62d,,2026-06-03T22:59:09+08:00,https://mxdzlk.com/item/?page_num=204
2388027,item,,item,mxdzlk_item,https://mxdzlk.com/item/2388027/,https://static.mapleartale.com/images/item/2388027.png,assets/items/raw/2388027.png,downloaded,200,image/png,1268,9476eb4ccfd16247e0c66873e3d84a00f1dee33061bc70f25c79f0fd33c91ebe,,2026-06-03T22:59:08+08:00,https://mxdzlk.com/item/?page_num=204
2388028,item,,item,mxdzlk_item,https://mxdzlk.com/item/2388028/,https://static.mapleartale.com/images/item/2388028.png,assets/items/raw/2388028.png,downloaded,200,image/png,1180,097172a840182cc961bb93e7510ffb7ad164e75a2cd1400fd8abbb0040019275,,2026-06-03T22:59:08+08:00,https://mxdzlk.com/item/?page_num=204
2388029,item,,item,mxdzlk_item,https://mxdzlk.com/item/2388029/,https://static.mapleartale.com/images/item/2388029.png,assets/items/raw/2388029.png,downloaded,200,image/png,1382,151f5671cfc5f9be4efb11c351669f73f410bd167f1453f432b2a5749b2ccbf8,,2026-06-03T22:59:08+08:00,https://mxdzlk.com/item/?page_num=205
2388030,item,,item,mxdzlk_item,https://mxdzlk.com/item/2388030/,https://static.mapleartale.com/images/item/2388030.png,assets/items/raw/2388030.png,downloaded,200,image/png,1635,c254748a8d40c8abd7c757015afc702767ad05a0ad9428b86086fe95994f094c,,2026-06-03T22:59:10+08:00,https://mxdzlk.com/item/?page_num=205
2388031,item,,item,mxdzlk_item,https://mxdzlk.com/item/2388031/,https://static.mapleartale.com/images/item/2388031.png,assets/items/raw/2388031.png,downloaded,200,image/png,1263,82c8cd5f49c12795ac55f6e80fe8ec6a64b71377965d4c53f5dbc8626ced2e34,,2026-06-03T22:59:10+08:00,https://mxdzlk.com/item/?page_num=205
2388032,item,,item,mxdzlk_item,https://mxdzlk.com/item/2388032/,https://static.mapleartale.com/images/item/2388032.png,assets/items/raw/2388032.png,downloaded,200,image/png,1218,afca0a77d63d92053bc0351e2ba524dbcd89a01c9d430b1a42b9df90c70b6983,,2026-06-03T22:59:10+08:00,https://mxdzlk.com/item/?page_num=205
2388033,item,,item,mxdzlk_item,https://mxdzlk.com/item/2388033/,https://static.mapleartale.com/images/item/2388033.png,assets/items/raw/2388033.png,downloaded,200,image/png,1307,98b7561067a76638e9ecab624987d4cbeb92aaeed888877e0289fb80b6f1c584,,2026-06-03T22:59:11+08:00,https://mxdzlk.com/item/?page_num=205
2388034,item,,item,mxdzlk_item,https://mxdzlk.com/item/2388034/,https://static.mapleartale.com/images/item/2388034.png,assets/items/raw/2388034.png,downloaded,200,image/png,1033,e1bcb3e1341c3f1100fb9e397b37378cb907c94576649911ce2d07a21a90d69f,,2026-06-03T22:59:10+08:00,https://mxdzlk.com/item/?page_num=205
2388035,item,,item,mxdzlk_item,https://mxdzlk.com/item/2388035/,https://static.mapleartale.com/images/item/2388035.png,assets/items/raw/2388035.png,downloaded,200,image/png,1215,63c6b987c77e3c06c1c9bf028d85f77c86c1d45417b22af711e3662ee5349f0d,,2026-06-03T22:59:11+08:00,https://mxdzlk.com/item/?page_num=205
2388036,item,,item,mxdzlk_item,https://mxdzlk.com/item/2388036/,https://static.mapleartale.com/images/item/2388036.png,assets/items/raw/2388036.png,downloaded,200,image/png,1092,a9f520b7c5e35d1bc7f41459861801a1c7aae76d4c44c18515d593d71ac6391d,,2026-06-03T22:59:11+08:00,https://mxdzlk.com/item/?page_num=205
2388037,item,,item,mxdzlk_item,https://mxdzlk.com/item/2388037/,https://static.mapleartale.com/images/item/2388037.png,assets/items/raw/2388037.png,downloaded,200,image/png,824,e9dfc41b38a1990045c0834418410b437b2df0cd49675dd241fd25bda2bfb346,,2026-06-03T22:59:11+08:00,https://mxdzlk.com/item/?page_num=205
2388038,item,,item,mxdzlk_item,https://mxdzlk.com/item/2388038/,https://static.mapleartale.com/images/item/2388038.png,assets/items/raw/2388038.png,downloaded,200,image/png,824,e9dfc41b38a1990045c0834418410b437b2df0cd49675dd241fd25bda2bfb346,,2026-06-03T22:59:12+08:00,https://mxdzlk.com/item/?page_num=205
2388039,item,,item,mxdzlk_item,https://mxdzlk.com/item/2388039/,https://static.mapleartale.com/images/item/2388039.png,assets/items/raw/2388039.png,downloaded,200,image/png,1174,d01c67a88ad3506bc275037a30dc02aa05528e66f70cbcd32984110d36aa662d,,2026-06-03T22:59:13+08:00,https://mxdzlk.com/item/?page_num=206
2388040,item,,item,mxdzlk_item,https://mxdzlk.com/item/2388040/,https://static.mapleartale.com/images/item/2388040.png,assets/items/raw/2388040.png,downloaded,200,image/png,1355,b52428c54fbb836dcbb6223f416ece222ca239611ccae46b9d12df9cf21a5d8e,,2026-06-03T22:59:11+08:00,https://mxdzlk.com/item/?page_num=206
2388041,item,,item,mxdzlk_item,https://mxdzlk.com/item/2388041/,https://static.mapleartale.com/images/item/2388041.png,assets/items/raw/2388041.png,downloaded,200,image/png,1344,7993328d07f04ffd36a587c787577ce4e998778ff6232635cc162d2d8824a860,,2026-06-03T22:59:12+08:00,https://mxdzlk.com/item/?page_num=206
2388042,item,,item,mxdzlk_item,https://mxdzlk.com/item/2388042/,https://static.mapleartale.com/images/item/2388042.png,assets/items/raw/2388042.png,downloaded,200,image/png,1323,9e1d526e672b77dfd17cbb8864c68f6b06b2fcca96b19c9711e5fc6889e1d8a3,,2026-06-03T22:59:12+08:00,https://mxdzlk.com/item/?page_num=206
2388043,item,,item,mxdzlk_item,https://mxdzlk.com/item/2388043/,https://static.mapleartale.com/images/item/2388043.png,assets/items/raw/2388043.png,downloaded,200,image/png,1055,c4e30230496268f700c78e23ba4cb152dc6b926348f2d257f8b47716f2997b7d,,2026-06-03T22:59:12+08:00,https://mxdzlk.com/item/?page_num=206
2388044,item,,item,mxdzlk_item,https://mxdzlk.com/item/2388044/,https://static.mapleartale.com/images/item/2388044.png,assets/items/raw/2388044.png,downloaded,200,image/png,1306,827dda8786dd3d536dbf257985e93dfc8089820d7ede5b8e0a4d1efb809301d5,,2026-06-03T22:59:12+08:00,https://mxdzlk.com/item/?page_num=206
2388045,item,,item,mxdzlk_item,https://mxdzlk.com/item/2388045/,https://static.mapleartale.com/images/item/2388045.png,assets/items/raw/2388045.png,downloaded,200,image/png,1418,66463224afbd7cf2a05a9d4462b5052039980e7eacefebca16b688afd29b4a33,,2026-06-03T22:59:12+08:00,https://mxdzlk.com/item/?page_num=206
2388046,item,,item,mxdzlk_item,https://mxdzlk.com/item/2388046/,https://static.mapleartale.com/images/item/2388046.png,assets/items/raw/2388046.png,downloaded,200,image/png,1410,58ba08af930dd58834ba0433487797f97fcabff999b1138843a1fc34c27896d6,,2026-06-03T22:59:13+08:00,https://mxdzlk.com/item/?page_num=206
2388052,item,,item,mxdzlk_item,https://mxdzlk.com/item/2388052/,https://static.mapleartale.com/images/item/2388052.png,assets/items/raw/2388052.png,downloaded,200,image/png,1442,16fb2f3f8321121cf9b982a807d40167beedbd8fa5c56e542ffbad85e6a90df4,,2026-06-03T22:59:13+08:00,https://mxdzlk.com/item/?page_num=206
2388053,item,,item,mxdzlk_item,https://mxdzlk.com/item/2388053/,https://static.mapleartale.com/images/item/2388053.png,assets/items/raw/2388053.png,downloaded,200,image/png,1179,8c7c5a22592e07329cb2573b902c33eb5739b4d024d082263fc85577173e1d14,,2026-06-03T22:59:13+08:00,https://mxdzlk.com/item/?page_num=206
2388054,item,,item,mxdzlk_item,https://mxdzlk.com/item/2388054/,https://static.mapleartale.com/images/item/2388054.png,assets/items/raw/2388054.png,downloaded,200,image/png,1460,c83a2b6ad7c7383e8841f61bcee70bb82725c0546f58fb7aeb4348fb472aff5a,,2026-06-03T22:59:14+08:00,https://mxdzlk.com/item/?page_num=207
2388055,item,,item,mxdzlk_item,https://mxdzlk.com/item/2388055/,https://static.mapleartale.com/images/item/2388055.png,assets/items/raw/2388055.png,downloaded,200,image/png,1284,088442d6802132e14e79876c398445d7d09ebe7eee03aa5b26db617a46505f1e,,2026-06-03T22:59:13+08:00,https://mxdzlk.com/item/?page_num=207
2388067,item,,item,mxdzlk_item,https://mxdzlk.com/item/2388067/,https://static.mapleartale.com/images/item/2388067.png,assets/items/raw/2388067.png,downloaded,200,image/png,1244,2ef2e3b07a2a9857a349280b1d24d448d491f9bae704d6f47c5dfb4f75bbac22,,2026-06-03T22:59:15+08:00,https://mxdzlk.com/item/?page_num=207
2388068,item,,item,mxdzlk_item,https://mxdzlk.com/item/2388068/,https://static.mapleartale.com/images/item/2388068.png,assets/items/raw/2388068.png,downloaded,200,image/png,1361,a27470f5abe7e3cbd2358e42609f0ffa4d5ceda27c8103581f8937d4e4c1b177,,2026-06-03T22:59:13+08:00,https://mxdzlk.com/item/?page_num=207
2388069,item,,item,mxdzlk_item,https://mxdzlk.com/item/2388069/,https://static.mapleartale.com/images/item/2388069.png,assets/items/raw/2388069.png,downloaded,200,image/png,1174,b9a5b1535ec06ee076475b02ea0dd56483f3c8da667abaf22457ace41eca10ba,,2026-06-03T22:59:16+08:00,https://mxdzlk.com/item/?page_num=207
2388070,item,,item,mxdzlk_item,https://mxdzlk.com/item/2388070/,https://static.mapleartale.com/images/item/2388070.png,assets/items/raw/2388070.png,downloaded,200,image/png,1337,a314c4d28bd0ba513d0394d44e5234c299dcb8485d12991294a97a8128bd038c,,2026-06-03T22:59:15+08:00,https://mxdzlk.com/item/?page_num=207
2400000,item,,item,mxdzlk_item,https://mxdzlk.com/item/2400000/,https://static.mapleartale.com/images/item/2400000.png,assets/items/raw/2400000.png,downloaded,200,image/png,892,337b2c0c44eca3737376e9a93cbd2084f43805c582802ca53580aee8b1d4166a,,2026-06-03T22:59:14+08:00,https://mxdzlk.com/item/?page_num=207
2410000,item,,item,mxdzlk_item,https://mxdzlk.com/item/2410000/,https://static.mapleartale.com/images/item/2410000.png,assets/items/raw/2410000.png,downloaded,200,image/png,521,6ca08700c46f3c81b337c7e2891ce6c46be060726a389ec73467b6a945d48a11,,2026-06-03T22:59:16+08:00,https://mxdzlk.com/item/?page_num=207
2410001,item,,item,mxdzlk_item,https://mxdzlk.com/item/2410001/,https://static.mapleartale.com/images/item/2410001.png,assets/items/raw/2410001.png,downloaded,200,image/png,924,1b7c04c423ce1db0deabf76e2eb7723ad6a4041d0990d7fd047acbbb552547ea,,2026-06-03T22:59:15+08:00,https://mxdzlk.com/item/?page_num=207
2410002,item,,item,mxdzlk_item,https://mxdzlk.com/item/2410002/,https://static.mapleartale.com/images/item/2410002.png,assets/items/raw/2410002.png,downloaded,200,image/png,964,17858f962b1c469ca9fdbadba17375a35a44520ae61a9cddff654ef109f002ce,,2026-06-03T22:59:15+08:00,https://mxdzlk.com/item/?page_num=207
2410003,item,,item,mxdzlk_item,https://mxdzlk.com/item/2410003/,https://static.mapleartale.com/images/item/2410003.png,assets/items/raw/2410003.png,downloaded,200,image/png,955,bb2e74a8cb22cbeb2703ea7c58f5b575cbd76f78ecf32d303cf2f438cde34df8,,2026-06-03T22:59:15+08:00,https://mxdzlk.com/item/?page_num=208
2420001,item,,item,mxdzlk_item,https://mxdzlk.com/item/2420001/,https://static.mapleartale.com/images/item/2420001.png,,missing,404,,,,HTTPError: HTTP Error 404: Not Found,2026-06-03T22:59:16+08:00,https://mxdzlk.com/item/?page_num=208
2420002,item,,item,mxdzlk_item,https://mxdzlk.com/item/2420002/,https://static.mapleartale.com/images/item/2420002.png,,missing,404,,,,HTTPError: HTTP Error 404: Not Found,2026-06-03T22:59:16+08:00,https://mxdzlk.com/item/?page_num=208
2420003,item,,item,mxdzlk_item,https://mxdzlk.com/item/2420003/,https://static.mapleartale.com/images/item/2420003.png,,missing,404,,,,HTTPError: HTTP Error 404: Not Found,2026-06-03T22:59:16+08:00,https://mxdzlk.com/item/?page_num=208
2430000,item,,item,mxdzlk_item,https://mxdzlk.com/item/2430000/,https://static.mapleartale.com/images/item/2430000.png,assets/items/raw/2430000.png,downloaded,200,image/png,717,0ba9eca04d2dcb5d54c3157ee8760772ff84c1d0dbba11aead26683a6f119aa2,,2026-06-03T22:59:16+08:00,https://mxdzlk.com/item/?page_num=208
2430001,item,,item,mxdzlk_item,https://mxdzlk.com/item/2430001/,https://static.mapleartale.com/images/item/2430001.png,assets/items/raw/2430001.png,downloaded,200,image/png,717,0ba9eca04d2dcb5d54c3157ee8760772ff84c1d0dbba11aead26683a6f119aa2,,2026-06-03T22:59:16+08:00,https://mxdzlk.com/item/?page_num=208
2430002,item,,item,mxdzlk_item,https://mxdzlk.com/item/2430002/,https://static.mapleartale.com/images/item/2430002.png,assets/items/raw/2430002.png,downloaded,200,image/png,717,0ba9eca04d2dcb5d54c3157ee8760772ff84c1d0dbba11aead26683a6f119aa2,,2026-06-03T22:59:16+08:00,https://mxdzlk.com/item/?page_num=208
2430003,item,,item,mxdzlk_item,https://mxdzlk.com/item/2430003/,https://static.mapleartale.com/images/item/2430003.png,assets/items/raw/2430003.png,downloaded,200,image/png,679,e2e074ac494f1a70da24e759d9171ab9e7f884ae9b90706c51dacfddf7f5372f,,2026-06-03T22:59:17+08:00,https://mxdzlk.com/item/?page_num=208
2430010,item,,item,mxdzlk_item,https://mxdzlk.com/item/2430010/,https://static.mapleartale.com/images/item/2430010.png,assets/items/raw/2430010.png,downloaded,200,image/png,1121,7b6751b4c1ae3f358f399e7338d00fd7bd55e60dbec10857115c28fe37603c0b,,2026-06-03T22:59:17+08:00,https://mxdzlk.com/item/?page_num=208
2430013,item,,item,mxdzlk_item,https://mxdzlk.com/item/2430013/,https://static.mapleartale.com/images/item/2430013.png,assets/items/raw/2430013.png,downloaded,200,image/png,576,a90f04e17c1127db45ac7c09c8b549faeb4f0eebce59fb066e917acf36d8b712,,2026-06-03T22:59:17+08:00,https://mxdzlk.com/item/?page_num=208
2430014,item,,item,mxdzlk_item,https://mxdzlk.com/item/2430014/,https://static.mapleartale.com/images/item/2430014.png,assets/items/raw/2430014.png,downloaded,200,image/png,541,5a46ef79e5fd66c2b3b9f534b887604ebd77e6dc2a95dccb3ca456e7aa10d5ba,,2026-06-03T22:59:20+08:00,https://mxdzlk.com/item/?page_num=209
2430015,item,,item,mxdzlk_item,https://mxdzlk.com/item/2430015/,https://static.mapleartale.com/images/item/2430015.png,assets/items/raw/2430015.png,downloaded,200,image/png,800,962c831eaf4e3007e1546c238f746bc68d4a99a84607cd436be1f39690455c58,,2026-06-03T22:59:17+08:00,https://mxdzlk.com/item/?page_num=209
3010000,item,,item_type_3,mxdzlk_item_type_3,https://mxdzlk.com/item/3010000/,https://static.mapleartale.com/images/item/3010000.png,assets/items/raw/3010000.png,exists,200,image/png,639,fbe82acf061e888b9fcaf6d27a163ccf5648a85a019631904fd2429e6182544b,,2026-06-03T22:59:16+08:00,https://mxdzlk.com/item/?item_type=3
3010001,item,,item_type_3,mxdzlk_item_type_3,https://mxdzlk.com/item/3010001/,https://static.mapleartale.com/images/item/3010001.png,assets/items/raw/3010001.png,exists,200,image/png,591,2559ffb5c910912c51706c263adb6b48f7e684de83b8797e031b960194f1e2d1,,2026-06-03T22:59:16+08:00,https://mxdzlk.com/item/?item_type=3
3010002,item,,item_type_3,mxdzlk_item_type_3,https://mxdzlk.com/item/3010002/,https://static.mapleartale.com/images/item/3010002.png,assets/items/raw/3010002.png,exists,200,image/png,812,97270f45dfda4191a27be1ecd1e93bb98f5f3d37d3865416808ef31c936c2bc8,,2026-06-03T22:59:16+08:00,https://mxdzlk.com/item/?item_type=3
3010003,item,,item_type_3,mxdzlk_item_type_3,https://mxdzlk.com/item/3010003/,https://static.mapleartale.com/images/item/3010003.png,assets/items/raw/3010003.png,exists,200,image/png,804,2a6b94dd580ebdb7b6282de79b086ad9ae21115452d8d8591d52e6213555e0bb,,2026-06-03T22:59:16+08:00,https://mxdzlk.com/item/?item_type=3
3010004,item,,item_type_3,mxdzlk_item_type_3,https://mxdzlk.com/item/3010004/,https://static.mapleartale.com/images/item/3010004.png,assets/items/raw/3010004.png,exists,200,image/png,681,456be5e2a13b0e0248875f4b07d2dc5f5b093f8023c7253dbb9f12836696ed8a,,2026-06-03T22:59:16+08:00,https://mxdzlk.com/item/?item_type=3
3010005,item,,item_type_3,mxdzlk_item_type_3,https://mxdzlk.com/item/3010005/,https://static.mapleartale.com/images/item/3010005.png,assets/items/raw/3010005.png,exists,200,image/png,688,cd8f44b2c6940f54bda4694cc914c55411f261b4869399211c7bde632bde09ba,,2026-06-03T22:59:16+08:00,https://mxdzlk.com/item/?item_type=3
3010006,item,,item_type_3,mxdzlk_item_type_3,https://mxdzlk.com/item/3010006/,https://static.mapleartale.com/images/item/3010006.png,assets/items/raw/3010006.png,exists,200,image/png,889,6172fe948c9b713903acc3b2d339cb0a4c6f0079a7d6ea1a20eb97d4c7e19684,,2026-06-03T22:59:16+08:00,https://mxdzlk.com/item/?item_type=3
3010007,item,,item_type_3,mxdzlk_item_type_3,https://mxdzlk.com/item/3010007/,https://static.mapleartale.com/images/item/3010007.png,assets/items/raw/3010007.png,exists,200,image/png,666,da6c8b42efdbc7aafec2c8912cc0622d6a07ee63ef8949abc154dcd91c545474,,2026-06-03T22:59:16+08:00,https://mxdzlk.com/item/?item_type=3
3010008,item,,item_type_3,mxdzlk_item_type_3,https://mxdzlk.com/item/3010008/,https://static.mapleartale.com/images/item/3010008.png,assets/items/raw/3010008.png,exists,200,image/png,661,4d4aee6bf8b40eb760fb559d075069ebeb78f96224564f01a4f47d17a34c3e36,,2026-06-03T22:59:16+08:00,https://mxdzlk.com/item/?item_type=3
3010009,item,,item_type_3,mxdzlk_item_type_3,https://mxdzlk.com/item/3010009/,https://static.mapleartale.com/images/item/3010009.png,assets/items/raw/3010009.png,exists,200,image/png,718,c91a93b6f74d57fd09c44505d392cd199ef3cc14223633692e2805039183a7b4,,2026-06-03T22:59:16+08:00,https://mxdzlk.com/item/?item_type=3
4000000,item,,item_type_4,mxdzlk_item_type_4,https://mxdzlk.com/item/4000000/,https://static.mapleartale.com/images/item/4000000.png,assets/items/raw/4000000.png,exists,200,image/png,525,01ad2bc0119439df5bd039870c8b32ac63d8f5c0c7af0e04b9a2bc21470e8f03,,2026-06-03T22:59:16+08:00,https://mxdzlk.com/item/?item_type=4
4000001,item,,item_type_4,mxdzlk_item_type_4,https://mxdzlk.com/item/4000001/,https://static.mapleartale.com/images/item/4000001.png,assets/items/raw/4000001.png,exists,200,image/png,674,51ec2ea83036e894e5145fd3bebb1b3b4b2d4738055dbba45dadda09a4d94e49,,2026-06-03T22:59:16+08:00,https://mxdzlk.com/item/?item_type=4
4000002,item,,item_type_4,mxdzlk_item_type_4,https://mxdzlk.com/item/4000002/,https://static.mapleartale.com/images/item/4000002.png,assets/items/raw/4000002.png,exists,200,image/png,608,11cd16e852c7641322caba3f50bd05a1cf6333e5d7ab28ef2579613ab4d3c3f5,,2026-06-03T22:59:16+08:00,https://mxdzlk.com/item/?item_type=4
4000003,item,,item_type_4,mxdzlk_item_type_4,https://mxdzlk.com/item/4000003/,https://static.mapleartale.com/images/item/4000003.png,assets/items/raw/4000003.png,exists,200,image/png,399,d8a57d46cab4398cd8d0a70ffc24a841c0c1cad9eea4c73107fd1844c0c58d3b,,2026-06-03T22:59:16+08:00,https://mxdzlk.com/item/?item_type=4
4000004,item,,item_type_4,mxdzlk_item_type_4,https://mxdzlk.com/item/4000004/,https://static.mapleartale.com/images/item/4000004.png,assets/items/raw/4000004.png,exists,200,image/png,629,8e99a350379386881dc90e647f8cb02fa21e51d13f6b80ccb3a9ead227728329,,2026-06-03T22:59:16+08:00,https://mxdzlk.com/item/?item_type=4
4000005,item,,item_type_4,mxdzlk_item_type_4,https://mxdzlk.com/item/4000005/,https://static.mapleartale.com/images/item/4000005.png,assets/items/raw/4000005.png,exists,200,image/png,714,dd7b4a9f3488b96df11db4bffb585c3b42d8cc561d8e0104c4bc04d90b1b4eec,,2026-06-03T22:59:16+08:00,https://mxdzlk.com/item/?item_type=4
4000006,item,,item_type_4,mxdzlk_item_type_4,https://mxdzlk.com/item/4000006/,https://static.mapleartale.com/images/item/4000006.png,assets/items/raw/4000006.png,exists,200,image/png,748,7db6b32f08600c99c599deffa70e217c7847298b36a247f4db6e280ee5956814,,2026-06-03T22:59:16+08:00,https://mxdzlk.com/item/?item_type=4
4000007,item,,item_type_4,mxdzlk_item_type_4,https://mxdzlk.com/item/4000007/,https://static.mapleartale.com/images/item/4000007.png,assets/items/raw/4000007.png,exists,200,image/png,928,55b96b7f2f5161681383bea9b451324ea9ed86dd8a94f2f97c38f5c953417aa0,,2026-06-03T22:59:16+08:00,https://mxdzlk.com/item/?item_type=4
4000008,item,,item_type_4,mxdzlk_item_type_4,https://mxdzlk.com/item/4000008/,https://static.mapleartale.com/images/item/4000008.png,assets/items/raw/4000008.png,exists,200,image/png,671,e0290f6759ddf70dc2ca1f933a64cf8c08bb1f715d200afbf1dfcd4b10df4449,,2026-06-03T22:59:16+08:00,https://mxdzlk.com/item/?item_type=4
4000009,item,,item_type_4,mxdzlk_item_type_4,https://mxdzlk.com/item/4000009/,https://static.mapleartale.com/images/item/4000009.png,assets/items/raw/4000009.png,exists,200,image/png,626,bfa8c983019c9a048d168ff549e346594676089aff8ba7a7e1cf4bb1d038ea6d,,2026-06-03T22:59:16+08:00,https://mxdzlk.com/item/?item_type=4
5000000,item,,item_type_5,mxdzlk_item_type_5,https://mxdzlk.com/item/5000000/,https://static.mapleartale.com/images/item/5000000.png,assets/items/raw/5000000.png,exists,200,image/png,597,5ff34a03b05230c415f145fcb7517337b749d7ca48dd2b5977fad6a8d6805415,,2026-06-03T22:59:16+08:00,https://mxdzlk.com/item/?item_type=5
5000001,item,,item_type_5,mxdzlk_item_type_5,https://mxdzlk.com/item/5000001/,https://static.mapleartale.com/images/item/5000001.png,assets/items/raw/5000001.png,exists,200,image/png,558,97b854459841aa169d756387d4dc86bcc0ea03e2e1ad61817c4649b56404b94f,,2026-06-03T22:59:16+08:00,https://mxdzlk.com/item/?item_type=5
5000002,item,,item_type_5,mxdzlk_item_type_5,https://mxdzlk.com/item/5000002/,https://static.mapleartale.com/images/item/5000002.png,assets/items/raw/5000002.png,exists,200,image/png,608,06031e2f46c260f735548870fac7ab38119bd76b43e061e478a26bb5c3225581,,2026-06-03T22:59:16+08:00,https://mxdzlk.com/item/?item_type=5
5000003,item,,item_type_5,mxdzlk_item_type_5,https://mxdzlk.com/item/5000003/,https://static.mapleartale.com/images/item/5000003.png,assets/items/raw/5000003.png,exists,200,image/png,613,f171dca748160fc5fb6dbf0266eade30daf24658e3b6cb7b63f5f378e07e1009,,2026-06-03T22:59:16+08:00,https://mxdzlk.com/item/?item_type=5
5000004,item,,item_type_5,mxdzlk_item_type_5,https://mxdzlk.com/item/5000004/,https://static.mapleartale.com/images/item/5000004.png,assets/items/raw/5000004.png,exists,200,image/png,589,2d9308ea4d38488607e3f71c06775538aded4c6c71047860e69dd41974930ca8,,2026-06-03T22:59:16+08:00,https://mxdzlk.com/item/?item_type=5
5000005,item,,item_type_5,mxdzlk_item_type_5,https://mxdzlk.com/item/5000005/,https://static.mapleartale.com/images/item/5000005.png,assets/items/raw/5000005.png,exists,200,image/png,550,538f0ef0f1f77d50d454dbb9bbf98b8417fe3091fc8e91b59bc1bce01460e81d,,2026-06-03T22:59:16+08:00,https://mxdzlk.com/item/?item_type=5
5000006,item,,item_type_5,mxdzlk_item_type_5,https://mxdzlk.com/item/5000006/,https://static.mapleartale.com/images/item/5000006.png,assets/items/raw/5000006.png,exists,200,image/png,610,df638d091f237dca521059b1e1acb212387e820fe4923994dc30a86f90066015,,2026-06-03T22:59:16+08:00,https://mxdzlk.com/item/?item_type=5
5000007,item,,item_type_5,mxdzlk_item_type_5,https://mxdzlk.com/item/5000007/,https://static.mapleartale.com/images/item/5000007.png,assets/items/raw/5000007.png,exists,200,image/png,572,f3e3c10f59ddf6e3ad9cea2aac9e997dbe62512b61d40b132e9a630bba536d57,,2026-06-03T22:59:16+08:00,https://mxdzlk.com/item/?item_type=5
5000008,item,,item_type_5,mxdzlk_item_type_5,https://mxdzlk.com/item/5000008/,https://static.mapleartale.com/images/item/5000008.png,assets/items/raw/5000008.png,exists,200,image/png,584,4010a8c1253f577e0159bb6ce0b8ce89865716828cd9de184bf5747db5a5af29,,2026-06-03T22:59:16+08:00,https://mxdzlk.com/item/?item_type=5
5000009,item,,item_type_5,mxdzlk_item_type_5,https://mxdzlk.com/item/5000009/,https://static.mapleartale.com/images/item/5000009.png,assets/items/raw/5000009.png,exists,200,image/png,552,3ea4ced9296ab255ea955bcc9d7d1008d984c6896183dcfc075b20c4141d1475,,2026-06-03T22:59:16+08:00,https://mxdzlk.com/item/?item_type=5
