id,kind,name,item_type,source,page_url,image_url,file_path,status,http_status,content_type,size_bytes,sha256,error,downloaded_at,discovered_from
100100,monster,蜗牛,,mxdzlk_monster,https://mxdzlk.com/monster/100100/,https://static.mapleartale.com/images/mob/100100.png,assets/monsters/raw/100100.png,exists,,,892,2aaf83bf006c45549ca54b8b17f3d6ee7e148103837a9650e989cac8099997ab,,2026-06-03T21:21:57+08:00,https://mxdzlk.com/monster/
100101,monster,蓝蜗牛,,mxdzlk_monster,https://mxdzlk.com/monster/100101/,https://static.mapleartale.com/images/mob/100101.png,assets/monsters/raw/100101.png,exists,,,948,49ab4add2ba2db5f5888f81a36e3e8baf70cbb02f7723c57c7e1eaef32e74605,,2026-06-03T21:21:57+08:00,https://mxdzlk.com/monster/
100120,monster,提诺,,mxdzlk_monster,https://mxdzlk.com/monster/100120/,https://static.mapleartale.com/images/mob/100120.png,assets/monsters/raw/100120.png,exists,,,502,875d82b3433c369f06224bcb3539e44fdb0eb9db44cdce6b05b296c2b607dd91,,2026-06-03T21:21:57+08:00,https://mxdzlk.com/monster/
100121,monster,提布,,mxdzlk_monster,https://mxdzlk.com/monster/100121/,https://static.mapleartale.com/images/mob/100121.png,assets/monsters/raw/100121.png,exists,,,819,f7117497da4a52d916263b1ab4eb4bca1b7cee134efa2b2eeba55766daa971f0,,2026-06-03T21:21:57+08:00,https://mxdzlk.com/monster/
100122,monster,提姆,,mxdzlk_monster,https://mxdzlk.com/monster/100122/,https://static.mapleartale.com/images/mob/100122.png,assets/monsters/raw/100122.png,exists,,,820,57dd4a64e628d02d4e2e41983683ebd16f0cd472cd83641b7bbfca394593eff5,,2026-06-03T21:21:57+08:00,https://mxdzlk.com/monster/
100123,monster,提鲁,,mxdzlk_monster,https://mxdzlk.com/monster/100123/,https://static.mapleartale.com/images/mob/100123.png,assets/monsters/raw/100123.png,exists,,,1311,4f7253624c3ad557337b9438dbb03c8ae60f521b2e3d150a70d0fa38d1268d48,,2026-06-03T21:21:57+08:00,https://mxdzlk.com/monster/
100124,monster,提古尔,,mxdzlk_monster,https://mxdzlk.com/monster/100124/,https://static.mapleartale.com/images/mob/100124.png,assets/monsters/raw/100124.png,exists,,,1612,ae7ef6eb53404b243fba439f3fe264ecd53ada70997458626a33c57e4b5b0531,,2026-06-03T21:21:57+08:00,https://mxdzlk.com/monster/
100130,monster,雪精灵,,mxdzlk_monster,https://mxdzlk.com/monster/100130/,https://static.mapleartale.com/images/mob/100130.png,assets/monsters/raw/100130.png,exists,,,603,18eec75dc5464ea64d1df2c05c8b3dab7b5eb7001dec45f7c5ebe2413ba29dd9,,2026-06-03T21:21:57+08:00,https://mxdzlk.com/monster/
100131,monster,香肠嘴雪精灵,,mxdzlk_monster,https://mxdzlk.com/monster/100131/,https://static.mapleartale.com/images/mob/100131.png,assets/monsters/raw/100131.png,exists,,,784,23dc0f98484b93bd8695ffc6fb523bf12e8d8ec80c6eede4262625f18a4b0550,,2026-06-03T21:21:57+08:00,https://mxdzlk.com/monster/
100132,monster,囧囧雪精灵,,mxdzlk_monster,https://mxdzlk.com/monster/100132/,https://static.mapleartale.com/images/mob/100132.png,assets/monsters/raw/100132.png,exists,,,1159,e02e16fad1b9589bec47e6fff776080850bdf84e03c6c7224e5320d8e374faaa,,2026-06-03T21:21:57+08:00,https://mxdzlk.com/monster/
100133,monster,趴趴雪精灵,,mxdzlk_monster,https://mxdzlk.com/monster/100133/,https://static.mapleartale.com/images/mob/100133.png,assets/monsters/raw/100133.png,exists,,,1361,bfd6c3f585c0318844404086c48c4267131b6aac2e13c9a1aa3132c1cce8a303,,2026-06-03T21:21:58+08:00,https://mxdzlk.com/monster/?page_num=2
100134,monster,呆呆雪精灵,,mxdzlk_monster,https://mxdzlk.com/monster/100134/,https://static.mapleartale.com/images/mob/100134.png,assets/monsters/raw/100134.png,exists,,,1778,8eae6c72a698828c0badf80af7c967428553080ef44ce7dfc9e4cc4a3594eb29,,2026-06-03T21:21:58+08:00,https://mxdzlk.com/monster/?page_num=2
120100,monster,蘑菇仔,,mxdzlk_monster,https://mxdzlk.com/monster/120100/,https://static.mapleartale.com/images/mob/120100.png,assets/monsters/raw/120100.png,exists,,,735,1180b5fdc301ad8c41226f53cb24e5964fb5b699832c23e4d5cc6e61baebae52,,2026-06-03T21:21:58+08:00,https://mxdzlk.com/monster/?page_num=2
130100,monster,木妖,,mxdzlk_monster,https://mxdzlk.com/monster/130100/,https://static.mapleartale.com/images/mob/130100.png,assets/monsters/raw/130100.png,exists,,,1484,69e6a96c8a275c261eab521db85c6cda1d9bf829d0ead65f454661c8ce69315d,,2026-06-03T21:21:58+08:00,https://mxdzlk.com/monster/?page_num=2
130101,monster,红蜗牛,,mxdzlk_monster,https://mxdzlk.com/monster/130101/,https://static.mapleartale.com/images/mob/130101.png,assets/monsters/raw/130101.png,exists,,,955,d24b2bcb5a0eda5746eae5d72af2c0ed31b0227d2bb5b96b05850337ee8f53e2,,2026-06-03T21:21:58+08:00,https://mxdzlk.com/monster/?page_num=2
210100,monster,绿水灵,,mxdzlk_monster,https://mxdzlk.com/monster/210100/,https://static.mapleartale.com/images/mob/210100.png,assets/monsters/raw/210100.png,exists,,,1884,788a173a6e92383942931a6f38a79b9d169640231e31ba6f1ee32dd081aff4a7,,2026-06-03T21:21:58+08:00,https://mxdzlk.com/monster/?page_num=2
1110100,monster,绿蘑菇,,mxdzlk_monster,https://mxdzlk.com/monster/1110100/,https://static.mapleartale.com/images/mob/1110100.png,assets/monsters/raw/1110100.png,exists,,,1480,339304930b8f0f36b84c7fb441352696c0a3befe6ae406ef2e938bce0caad3ce,,2026-06-03T21:21:58+08:00,https://mxdzlk.com/monster/?page_num=2
1110101,monster,黑木妖,,mxdzlk_monster,https://mxdzlk.com/monster/1110101/,https://static.mapleartale.com/images/mob/1110101.png,assets/monsters/raw/1110101.png,exists,,,1498,6a2dd18f71d2625b866b09d1ed42607a558a1e222e8b30ba7757d43cfa861a2e,,2026-06-03T21:21:58+08:00,https://mxdzlk.com/monster/?page_num=2
1110130,monster,绝望的绿蘑菇,,mxdzlk_monster,https://mxdzlk.com/monster/1110130/,https://static.mapleartale.com/images/mob/1110130.png,assets/monsters/raw/1110130.png,exists,,,1595,6bb8b011a2bc66696b27ac6afd784a0a27f4436b8335e7156b59d4a6106ad504,,2026-06-03T21:21:58+08:00,https://mxdzlk.com/monster/?page_num=2
1120100,monster,三眼章鱼,,mxdzlk_monster,https://mxdzlk.com/monster/1120100/,https://static.mapleartale.com/images/mob/1120100.png,assets/monsters/raw/1120100.png,exists,,,1571,cba5117534921932971fd890fe2aefde63cdbd5725f7698231dbd769b7a9ea17,,2026-06-03T21:21:58+08:00,https://mxdzlk.com/monster/?page_num=2
1130100,monster,斧木妖,,mxdzlk_monster,https://mxdzlk.com/monster/1130100/,https://static.mapleartale.com/images/mob/1130100.png,assets/monsters/raw/1130100.png,exists,,,1825,6aadc6f966ad7d649d10b29621363918c2c5528abf489a336538cab17f307f9e,,2026-06-03T21:21:58+08:00,https://mxdzlk.com/monster/?page_num=3
1140100,monster,古木妖,,mxdzlk_monster,https://mxdzlk.com/monster/1140100/,https://static.mapleartale.com/images/mob/1140100.png,assets/monsters/raw/1140100.png,exists,,,2011,5b3afa943ec2b6ec04d76c2c48c519780a18111977cad966b18a14c343ed2c80,,2026-06-03T21:21:58+08:00,https://mxdzlk.com/monster/?page_num=3
1140130,monster,开心的古木妖,,mxdzlk_monster,https://mxdzlk.com/monster/1140130/,https://static.mapleartale.com/images/mob/1140130.png,assets/monsters/raw/1140130.png,exists,,,2143,a61e64fa8bc8875fd2dcd2026c8aa001385c248e2da92d1eab0f7e29105ac73e,,2026-06-03T21:21:58+08:00,https://mxdzlk.com/monster/?page_num=3
1210100,monster,猪猪,,mxdzlk_monster,https://mxdzlk.com/monster/1210100/,https://static.mapleartale.com/images/mob/1210100.png,assets/monsters/raw/1210100.png,exists,,,1521,733bb97eb767d6abe4f6cf790aa33834870e2c965599c36222d4a869a316dcb9,,2026-06-03T21:21:58+08:00,https://mxdzlk.com/monster/?page_num=3
1210101,monster,漂漂猪,,mxdzlk_monster,https://mxdzlk.com/monster/1210101/,https://static.mapleartale.com/images/mob/1210101.png,assets/monsters/raw/1210101.png,exists,,,1903,c4fc95a3798df99f34cc9582cfc12ae634f167120de0798cfbd0488b9433846e,,2026-06-03T21:21:58+08:00,https://mxdzlk.com/monster/?page_num=3
1210102,monster,花蘑菇,,mxdzlk_monster,https://mxdzlk.com/monster/1210102/,https://static.mapleartale.com/images/mob/1210102.png,assets/monsters/raw/1210102.png,exists,,,2074,481fb8795d5186e1a32d6378e66d2bbb4534d589f5ed877e31c8a62d786ea977,,2026-06-03T21:21:58+08:00,https://mxdzlk.com/monster/?page_num=3
1210103,monster,蓝水灵,,mxdzlk_monster,https://mxdzlk.com/monster/1210103/,https://static.mapleartale.com/images/mob/1210103.png,assets/monsters/raw/1210103.png,exists,,,1809,c81bc49aa3cb78cfec4b909e29cdedc195dbe14153e913e2fd1de47677d77aa3,,2026-06-03T21:21:58+08:00,https://mxdzlk.com/monster/?page_num=3
2100100,monster,母沙沙兔,,mxdzlk_monster,https://mxdzlk.com/monster/2100100/,https://static.mapleartale.com/images/mob/2100100.png,assets/monsters/raw/2100100.png,exists,,,1258,eb6b898fea3cae48211334a5976aa8726c7c97321689ad6ec33ac450cf5e4d23,,2026-06-03T21:21:58+08:00,https://mxdzlk.com/monster/?page_num=3
2100101,monster,公沙沙兔,,mxdzlk_monster,https://mxdzlk.com/monster/2100101/,https://static.mapleartale.com/images/mob/2100101.png,assets/monsters/raw/2100101.png,exists,,,1181,3febee2047fa4a8c04a775169afc89cfa217f23b6247f88fa5ac8a9014b3a284,,2026-06-03T21:21:58+08:00,https://mxdzlk.com/monster/?page_num=3
2100102,monster,仙人掌宝宝,,mxdzlk_monster,https://mxdzlk.com/monster/2100102/,https://static.mapleartale.com/images/mob/2100102.png,assets/monsters/raw/2100102.png,exists,,,1234,22accd32bff9c0f7485bd7184368ed826f3eca8106994191f985dc52e55360f1,,2026-06-03T21:21:58+08:00,https://mxdzlk.com/monster/?page_num=3
2100103,monster,仙人掌妈妈,,mxdzlk_monster,https://mxdzlk.com/monster/2100103/,https://static.mapleartale.com/images/mob/2100103.png,assets/monsters/raw/2100103.png,exists,,,2036,df9b819363f3d2582918b619fd5388552ca0126879651eecc34f431fd582df10,,2026-06-03T21:21:58+08:00,https://mxdzlk.com/monster/?page_num=4
2100104,monster,仙人掌爸爸,,mxdzlk_monster,https://mxdzlk.com/monster/2100104/,https://static.mapleartale.com/images/mob/2100104.png,assets/monsters/raw/2100104.png,exists,,,2094,8c1d7a461ed18eab7c6abcf0f1cd75e3d40c2411457a97e732048d7e803818cc,,2026-06-03T21:21:58+08:00,https://mxdzlk.com/monster/?page_num=4
2100105,monster,沙漠蛇先生,,mxdzlk_monster,https://mxdzlk.com/monster/2100105/,https://static.mapleartale.com/images/mob/2100105.png,assets/monsters/raw/2100105.png,exists,,,1356,6d8ccbf5772bd2937f142ca5b61ffbe9cd60aa844773c900d418e917f064dcb1,,2026-06-03T21:21:58+08:00,https://mxdzlk.com/monster/?page_num=4
2100106,monster,耳罩壁虎,,mxdzlk_monster,https://mxdzlk.com/monster/2100106/,https://static.mapleartale.com/images/mob/2100106.png,assets/monsters/raw/2100106.png,exists,,,1801,347ae592b134aa12fac476a59528d3fb6f08b0cc0e96bc389bef66ad5d9fc220,,2026-06-03T21:21:58+08:00,https://mxdzlk.com/monster/?page_num=4
2100107,monster,围巾壁虎,,mxdzlk_monster,https://mxdzlk.com/monster/2100107/,https://static.mapleartale.com/images/mob/2100107.png,assets/monsters/raw/2100107.png,exists,,,1644,32f4786a724e77e92f5bbd848dc526867a8c010663cc48b7670654dc4bae0a37,,2026-06-03T21:21:58+08:00,https://mxdzlk.com/monster/?page_num=4
2100108,monster,丁满,,mxdzlk_monster,https://mxdzlk.com/monster/2100108/,https://static.mapleartale.com/images/mob/2100108.png,assets/monsters/raw/2100108.png,exists,,,1337,d830b2fe46a7f3710d1ff4e412ae8e0e677a1453eae91eb93ac82f9e237683c7,,2026-06-03T21:21:58+08:00,https://mxdzlk.com/monster/?page_num=4
2110200,monster,刺蘑菇,,mxdzlk_monster,https://mxdzlk.com/monster/2110200/,https://static.mapleartale.com/images/mob/2110200.png,assets/monsters/raw/2110200.png,exists,,,1686,2c090786f386c7be5f0747bee99bd76fbc3451e66a92f94a3da1cd836b080d93,,2026-06-03T21:21:58+08:00,https://mxdzlk.com/monster/?page_num=4
2110300,monster,沙漠土拨鼠,,mxdzlk_monster,https://mxdzlk.com/monster/2110300/,https://static.mapleartale.com/images/mob/2110300.png,assets/monsters/raw/2110300.png,exists,,,1343,a35a0e270c21ccad42ba2b15e0ef254846e555ccac8d5adaf4044dc6259aee4e,,2026-06-03T21:21:58+08:00,https://mxdzlk.com/monster/?page_num=4
2110301,monster,沙漠毒蝎,,mxdzlk_monster,https://mxdzlk.com/monster/2110301/,https://static.mapleartale.com/images/mob/2110301.png,assets/monsters/raw/2110301.png,exists,,,1837,5aa3130e5ce192c3e082467a6ca985d4665e568f655a7b35db73a9b66396eda7,,2026-06-03T21:21:58+08:00,https://mxdzlk.com/monster/?page_num=4
2130100,monster,黑斧木妖,,mxdzlk_monster,https://mxdzlk.com/monster/2130100/,https://static.mapleartale.com/images/mob/2130100.png,assets/monsters/raw/2130100.png,exists,,,1829,4362200597ad03bcd1a35801b3ae2f32a362fcbb4b2c68e356affb127c828aed,,2026-06-03T21:21:58+08:00,https://mxdzlk.com/monster/?page_num=4
2130103,monster,青蛇,,mxdzlk_monster,https://mxdzlk.com/monster/2130103/,https://static.mapleartale.com/images/mob/2130103.png,assets/monsters/raw/2130103.png,exists,,,481,f49edc70bf966d6141d21bad15332cccf841527c40cd0e3d5a54e4c28493acad,,2026-06-03T21:21:58+08:00,https://mxdzlk.com/monster/?page_num=5
2220000,monster,红蜗牛王,,mxdzlk_monster,https://mxdzlk.com/monster/2220000/,https://static.mapleartale.com/images/mob/2220000.png,assets/monsters/raw/2220000.png,exists,,,3709,312eec10f25c27d1387b299e325cae23672c5817a57ef05bdf1e61da13c09d4b,,2026-06-03T21:21:58+08:00,https://mxdzlk.com/monster/?page_num=5
2220100,monster,蓝蘑菇,,mxdzlk_monster,https://mxdzlk.com/monster/2220100/,https://static.mapleartale.com/images/mob/2220100.png,assets/monsters/raw/2220100.png,exists,,,2040,f14fc5dae2ba5f44e2e871ec57b4d167d372ed5c799d878b43f651336ce5ea63,,2026-06-03T21:21:58+08:00,https://mxdzlk.com/monster/?page_num=5
2230100,monster,火独眼兽,,mxdzlk_monster,https://mxdzlk.com/monster/2230100/,https://static.mapleartale.com/images/mob/2230100.png,assets/monsters/raw/2230100.png,exists,,,1720,2fc00763a52d1d7524c22e265b29b89ea6afcb0d2725c2d876885f33b388dbd1,,2026-06-03T21:21:58+08:00,https://mxdzlk.com/monster/?page_num=5
2230101,monster,僵尸蘑菇,,mxdzlk_monster,https://mxdzlk.com/monster/2230101/,https://static.mapleartale.com/images/mob/2230101.png,assets/monsters/raw/2230101.png,exists,,,2169,bd524afac94739707c2d03209d3c2dfd6755d739a467317ccf723a599557c25b,,2026-06-03T21:21:58+08:00,https://mxdzlk.com/monster/?page_num=5
2230102,monster,野猪,,mxdzlk_monster,https://mxdzlk.com/monster/2230102/,https://static.mapleartale.com/images/mob/2230102.png,assets/monsters/raw/2230102.png,exists,,,1164,8af77fc62f8135bb8710812dc3cba098686b33318abc7a90df4f4ff0f4a72b80,,2026-06-03T21:21:58+08:00,https://mxdzlk.com/monster/?page_num=5
2230103,monster,绿蜘蛛,,mxdzlk_monster,https://mxdzlk.com/monster/2230103/,https://static.mapleartale.com/images/mob/2230103.png,assets/monsters/raw/2230103.png,exists,,,1179,be27dbd184b256de8fabca25b95352a0227ab2dce7b53b66eda8aed520b792a2,,2026-06-03T21:21:58+08:00,https://mxdzlk.com/monster/?page_num=5
2230104,monster,红蜘蛛,,mxdzlk_monster,https://mxdzlk.com/monster/2230104/,https://static.mapleartale.com/images/mob/2230104.png,assets/monsters/raw/2230104.png,exists,,,1183,0259ed3ed3e9ea9e2a0751f2775776308dee596bf6f1291063ca2aee4d1acd55,,2026-06-03T21:21:58+08:00,https://mxdzlk.com/monster/?page_num=5
2230105,monster,小海马,,mxdzlk_monster,https://mxdzlk.com/monster/2230105/,https://static.mapleartale.com/images/mob/2230105.png,assets/monsters/raw/2230105.png,exists,,,1074,4d51715d33931177cb2e08cced87c38ec92580d570c3cd9953922cd04c5d0d81,,2026-06-03T21:21:58+08:00,https://mxdzlk.com/monster/?page_num=5
2230106,monster,大海马,,mxdzlk_monster,https://mxdzlk.com/monster/2230106/,https://static.mapleartale.com/images/mob/2230106.png,assets/monsters/raw/2230106.png,exists,,,1380,136b702d8380b12d5976bbcd47977bdda4a6cd6dc4812563de694c3b867dfffd,,2026-06-03T21:21:58+08:00,https://mxdzlk.com/monster/?page_num=5
2230107,monster,独角小丑鱼,,mxdzlk_monster,https://mxdzlk.com/monster/2230107/,https://static.mapleartale.com/images/mob/2230107.png,assets/monsters/raw/2230107.png,exists,,,1259,64f27f9aa67c2ab8c6a3a2ed954df78b2694eccc8a704867de20f50da29e12b1,,2026-06-03T21:21:58+08:00,https://mxdzlk.com/monster/?page_num=6
2230108,monster,海胆,,mxdzlk_monster,https://mxdzlk.com/monster/2230108/,https://static.mapleartale.com/images/mob/2230108.png,assets/monsters/raw/2230108.png,exists,,,500,ed31d7c9aa865453653d8b41bf5c40962369727ebfa088ed07abc345b431ef9d,,2026-06-03T21:21:58+08:00,https://mxdzlk.com/monster/?page_num=6
2230109,monster,蓝泡泡翻车鱼,,mxdzlk_monster,https://mxdzlk.com/monster/2230109/,https://static.mapleartale.com/images/mob/2230109.png,assets/monsters/raw/2230109.png,exists,,,2319,0c7d27d010da01ca916d03fc552d6a25bf4f61bc730d263b5b21945570aab7ad,,2026-06-03T21:21:58+08:00,https://mxdzlk.com/monster/?page_num=6
2230110,monster,木面怪人,,mxdzlk_monster,https://mxdzlk.com/monster/2230110/,https://static.mapleartale.com/images/mob/2230110.png,assets/monsters/raw/2230110.png,exists,,,2750,a931aaf26908ada15870ccc8980b0ef12b0acfe9d703725e244ff016df25c33f,,2026-06-03T21:21:58+08:00,https://mxdzlk.com/monster/?page_num=6
2230111,monster,石面怪人,,mxdzlk_monster,https://mxdzlk.com/monster/2230111/,https://static.mapleartale.com/images/mob/2230111.png,assets/monsters/raw/2230111.png,exists,,,2402,93e90f84f5d9b3d5997a79a3a74d88f9e012212f50d2284d65ef8c714497ddc9,,2026-06-03T21:21:58+08:00,https://mxdzlk.com/monster/?page_num=6
2230131,monster,生气的僵尸蘑菇,,mxdzlk_monster,https://mxdzlk.com/monster/2230131/,https://static.mapleartale.com/images/mob/2230131.png,assets/monsters/raw/2230131.png,exists,,,2171,58cfe0942cec791d46cd7229aebb5fd34a128e0f602f2a60aa3a28f2d5744753,,2026-06-03T21:21:58+08:00,https://mxdzlk.com/monster/?page_num=6
2230200,monster,花花青鲇鱼,,mxdzlk_monster,https://mxdzlk.com/monster/2230200/,https://static.mapleartale.com/images/mob/2230200.png,assets/monsters/raw/2230200.png,exists,,,1756,49b9b368425a30e3a4f1f1531dd0ba510299fdad6c3246d3799143780b975056,,2026-06-03T21:21:58+08:00,https://mxdzlk.com/monster/?page_num=6
2300100,monster,蝙蝠,,mxdzlk_monster,https://mxdzlk.com/monster/2300100/,https://static.mapleartale.com/images/mob/2300100.png,assets/monsters/raw/2300100.png,exists,,,598,e554abfad9eab9e0750ca4a7b825abe917b0be3ab1a74f7ed363292a37d14e5a,,2026-06-03T21:21:58+08:00,https://mxdzlk.com/monster/?page_num=6
3000000,monster,石球,,mxdzlk_monster,https://mxdzlk.com/monster/3000000/,https://static.mapleartale.com/images/mob/3000000.png,assets/monsters/raw/3000000.png,exists,,,700,3c87acd44094c4f7ad0dca92fab66adebb93becbcf7a7aa754b94f8bf60c3bf5,,2026-06-03T21:21:58+08:00,https://mxdzlk.com/monster/?page_num=6
3000001,monster,蝴蝶精,,mxdzlk_monster,https://mxdzlk.com/monster/3000001/,https://static.mapleartale.com/images/mob/3000001.png,assets/monsters/raw/3000001.png,exists,,,1135,c76754c498dc042b348b6eb3335f00255ff01d5c4b0819c1199f4c47509c4777,,2026-06-03T21:21:59+08:00,https://mxdzlk.com/monster/?page_num=6
3000002,monster,蝴蝶精,,mxdzlk_monster,https://mxdzlk.com/monster/3000002/,https://static.mapleartale.com/images/mob/3000002.png,assets/monsters/raw/3000002.png,exists,,,1135,c76754c498dc042b348b6eb3335f00255ff01d5c4b0819c1199f4c47509c4777,,2026-06-03T21:21:59+08:00,https://mxdzlk.com/monster/?page_num=7
3000003,monster,蝴蝶精,,mxdzlk_monster,https://mxdzlk.com/monster/3000003/,https://static.mapleartale.com/images/mob/3000003.png,assets/monsters/raw/3000003.png,exists,,,1135,c76754c498dc042b348b6eb3335f00255ff01d5c4b0819c1199f4c47509c4777,,2026-06-03T21:21:59+08:00,https://mxdzlk.com/monster/?page_num=7
3000004,monster,蝴蝶精,,mxdzlk_monster,https://mxdzlk.com/monster/3000004/,https://static.mapleartale.com/images/mob/3000004.png,assets/monsters/raw/3000004.png,exists,,,1135,c76754c498dc042b348b6eb3335f00255ff01d5c4b0819c1199f4c47509c4777,,2026-06-03T21:21:59+08:00,https://mxdzlk.com/monster/?page_num=7
3000005,monster,玩具棕熊,,mxdzlk_monster,https://mxdzlk.com/monster/3000005/,https://static.mapleartale.com/images/mob/3000005.png,assets/monsters/raw/3000005.png,exists,,,1188,61e63c627afb8b801074ebdb81045903da06b2a5ac22f7745e8c55e6e637e91f,,2026-06-03T21:21:59+08:00,https://mxdzlk.com/monster/?page_num=7
3000006,monster,大龙虾,,mxdzlk_monster,https://mxdzlk.com/monster/3000006/,https://static.mapleartale.com/images/mob/3000006.png,assets/monsters/raw/3000006.png,exists,,,1864,d298209b20f345f4004a580da3e67eadab538d6745e5c02cd0c3c26ed7010f2c,,2026-06-03T21:21:59+08:00,https://mxdzlk.com/monster/?page_num=7
3100101,monster,沙漠矮人,,mxdzlk_monster,https://mxdzlk.com/monster/3100101/,https://static.mapleartale.com/images/mob/3100101.png,assets/monsters/raw/3100101.png,exists,,,2033,5f925bc9e601ef4e706e6cd55a6151fc7b1712727d6d0896961e7a74626cc318,,2026-06-03T21:21:59+08:00,https://mxdzlk.com/monster/?page_num=7
3100102,monster,秃鹫先生,,mxdzlk_monster,https://mxdzlk.com/monster/3100102/,https://static.mapleartale.com/images/mob/3100102.png,assets/monsters/raw/3100102.png,exists,,,1981,5f4833cf7c98b405678c505f130106573e63d8526c2c5396b9d72fdcf4b97096,,2026-06-03T21:21:59+08:00,https://mxdzlk.com/monster/?page_num=7
3110100,monster,鳄鱼,,mxdzlk_monster,https://mxdzlk.com/monster/3110100/,https://static.mapleartale.com/images/mob/3110100.png,assets/monsters/raw/3110100.png,exists,,,1211,9b78989c7710e9b9cc0ff0f581c94d5434ca8be5d10b27aaddc9a7dee99bf1c3,,2026-06-03T21:21:59+08:00,https://mxdzlk.com/monster/?page_num=7
3110101,monster,玩具粉熊,,mxdzlk_monster,https://mxdzlk.com/monster/3110101/,https://static.mapleartale.com/images/mob/3110101.png,assets/monsters/raw/3110101.png,exists,,,1279,7a26a64666002fc815800387784a0e516ab978cc1d14fb9d3f75d058778be586,,2026-06-03T21:21:59+08:00,https://mxdzlk.com/monster/?page_num=7
3110102,monster,玩具白鼠,,mxdzlk_monster,https://mxdzlk.com/monster/3110102/,https://static.mapleartale.com/images/mob/3110102.png,assets/monsters/raw/3110102.png,exists,,,684,597900ca261c40635434497b0d2bacadac4b20d7294fee973446b778020e33e9,,2026-06-03T21:21:59+08:00,https://mxdzlk.com/monster/?page_num=7
3110300,monster,魔方,,mxdzlk_monster,https://mxdzlk.com/monster/3110300/,https://static.mapleartale.com/images/mob/3110300.png,assets/monsters/raw/3110300.png,exists,,,826,6cabfa1f73894197a7ae1b661b93240f53f91c0ff8efaeb82ae95baa892aa987,,2026-06-03T21:21:59+08:00,https://mxdzlk.com/monster/?page_num=8
3110301,monster,红色沙漠矮人,,mxdzlk_monster,https://mxdzlk.com/monster/3110301/,https://static.mapleartale.com/images/mob/3110301.png,assets/monsters/raw/3110301.png,exists,,,2818,7e15e5636a840f87fb740c34114b833cd55b2a453694b8d114c8f6ddb24bf909,,2026-06-03T21:21:59+08:00,https://mxdzlk.com/monster/?page_num=8
3110302,monster,黑妖苗苗,,mxdzlk_monster,https://mxdzlk.com/monster/3110302/,https://static.mapleartale.com/images/mob/3110302.png,assets/monsters/raw/3110302.png,exists,,,883,3ed87e0c93c872718e9bb4eff59b6e1ab5540f6728954ac97e349898fac8d6fa,,2026-06-03T21:21:59+08:00,https://mxdzlk.com/monster/?page_num=8
3110303,monster,黑妖苗苗兄弟,,mxdzlk_monster,https://mxdzlk.com/monster/3110303/,https://static.mapleartale.com/images/mob/3110303.png,assets/monsters/raw/3110303.png,exists,,,1909,720ace60fb039515fdf7723a40ac7027edae135d407ac4eabee739e29bcf24f0,,2026-06-03T21:21:59+08:00,https://mxdzlk.com/monster/?page_num=8
3210100,monster,火野猪,,mxdzlk_monster,https://mxdzlk.com/monster/3210100/,https://static.mapleartale.com/images/mob/3210100.png,assets/monsters/raw/3210100.png,exists,,,1443,9639f12a938f44a79bd2b78e507ea47c04442ccfcf71c4d03f458ae204097423,,2026-06-03T21:21:59+08:00,https://mxdzlk.com/monster/?page_num=8
3210200,monster,幼红独角狮,,mxdzlk_monster,https://mxdzlk.com/monster/3210200/,https://static.mapleartale.com/images/mob/3210200.png,assets/monsters/raw/3210200.png,exists,,,1017,17a9d461c6e67d838d10529d6c068cf4ff6732f80581dd5c8ded321b069b977f,,2026-06-03T21:21:59+08:00,https://mxdzlk.com/monster/?page_num=8
3210201,monster,幼黄独角狮,,mxdzlk_monster,https://mxdzlk.com/monster/3210201/,https://static.mapleartale.com/images/mob/3210201.png,assets/monsters/raw/3210201.png,exists,,,1033,f12194aca9420ff978a36320e9e955e96e198bd70279d83de671359e3f30062d,,2026-06-03T21:21:59+08:00,https://mxdzlk.com/monster/?page_num=8
3210202,monster,幼蓝独角狮,,mxdzlk_monster,https://mxdzlk.com/monster/3210202/,https://static.mapleartale.com/images/mob/3210202.png,assets/monsters/raw/3210202.png,exists,,,1020,c0647faff07c8504665b9aea475c68bd79b4f7ea1f62269b1698548f186c01f0,,2026-06-03T21:21:59+08:00,https://mxdzlk.com/monster/?page_num=8
3210203,monster,玩具熊猫,,mxdzlk_monster,https://mxdzlk.com/monster/3210203/,https://static.mapleartale.com/images/mob/3210203.png,assets/monsters/raw/3210203.png,exists,,,1087,662152b54dd43f0aef4c8ed60c625c1edad32d1a200f0732fd92ab070f2d8eab,,2026-06-03T21:21:59+08:00,https://mxdzlk.com/monster/?page_num=8
3210204,monster,玩具鸭,,mxdzlk_monster,https://mxdzlk.com/monster/3210204/,https://static.mapleartale.com/images/mob/3210204.png,assets/monsters/raw/3210204.png,exists,,,1406,69d2518d8a26538dab3164ac915346a003fa1fd20741f6143059360d30244824,,2026-06-03T21:21:59+08:00,https://mxdzlk.com/monster/?page_num=8
3210205,monster,玩具黑鼠,,mxdzlk_monster,https://mxdzlk.com/monster/3210205/,https://static.mapleartale.com/images/mob/3210205.png,assets/monsters/raw/3210205.png,exists,,,853,aaf673699d2d99531dcd4efdb69153d15aca2f3295d74b97c109ad331cbe4c96,,2026-06-03T21:21:59+08:00,https://mxdzlk.com/monster/?page_num=9
3210206,monster,直升机,,mxdzlk_monster,https://mxdzlk.com/monster/3210206/,https://static.mapleartale.com/images/mob/3210206.png,assets/monsters/raw/3210206.png,exists,,,918,252f19a2912956c1d42d0fb7cc03758aa26f49736e69771bb348beebc4e6d2a6,,2026-06-03T21:21:59+08:00,https://mxdzlk.com/monster/?page_num=9
3210207,monster,计时啾啾,,mxdzlk_monster,https://mxdzlk.com/monster/3210207/,https://static.mapleartale.com/images/mob/3210207.png,assets/monsters/raw/3210207.png,exists,,,610,a15bfc2ad37d875b8dc4c9378c4f1cc3f2560feede5b1bceecd1538975c076ec,,2026-06-03T21:21:59+08:00,https://mxdzlk.com/monster/?page_num=9
3210208,monster,水老鼠,,mxdzlk_monster,https://mxdzlk.com/monster/3210208/,https://static.mapleartale.com/images/mob/3210208.png,assets/monsters/raw/3210208.png,exists,,,942,a862f419f44f971b5857a55c58877a38992f3873f59f6936bc966a36838f2020,,2026-06-03T21:21:59+08:00,https://mxdzlk.com/monster/?page_num=9
3210450,monster,潜水企鹅,,mxdzlk_monster,https://mxdzlk.com/monster/3210450/,https://static.mapleartale.com/images/mob/3210450.png,assets/monsters/raw/3210450.png,exists,,,1139,3ee822958199b740e478f964c775ae668f42e11306f1553a12f0bbbe95e4322a,,2026-06-03T21:21:59+08:00,https://mxdzlk.com/monster/?page_num=9
3210800,monster,猴子,,mxdzlk_monster,https://mxdzlk.com/monster/3210800/,https://static.mapleartale.com/images/mob/3210800.png,assets/monsters/raw/3210800.png,exists,,,1287,53ddb7e569389a988bb05d0cb5454cd1ba76b166793aff906cad5439bbefdf96,,2026-06-03T21:21:59+08:00,https://mxdzlk.com/monster/?page_num=9
3220000,monster,树妖王,,mxdzlk_monster,https://mxdzlk.com/monster/3220000/,https://static.mapleartale.com/images/mob/3220000.png,assets/monsters/raw/3220000.png,exists,,,6703,c93c521b6a99d8c5f48337faf0ddd56d44a4117eeb0e7b3a71cdfb749533b949,,2026-06-03T21:21:59+08:00,https://mxdzlk.com/monster/?page_num=9
3220001,monster,大宇,,mxdzlk_monster,https://mxdzlk.com/monster/3220001/,https://static.mapleartale.com/images/mob/3220001.png,assets/monsters/raw/3220001.png,exists,,,4058,f5aa8582aff560740e08083539091ac5f5e13fb2d606c63e36e7049787497af5,,2026-06-03T21:21:59+08:00,https://mxdzlk.com/monster/?page_num=9
3230100,monster,风独眼兽,,mxdzlk_monster,https://mxdzlk.com/monster/3230100/,https://static.mapleartale.com/images/mob/3230100.png,assets/monsters/raw/3230100.png,exists,,,1950,9fe45e772d16d97924971cab3164d44d5e0cdab549901b57d2fa0d579f3056d4,,2026-06-03T21:21:59+08:00,https://mxdzlk.com/monster/?page_num=9
3230101,monster,小幽灵,,mxdzlk_monster,https://mxdzlk.com/monster/3230101/,https://static.mapleartale.com/images/mob/3230101.png,assets/monsters/raw/3230101.png,exists,,,783,ce4fe93cbb850d853875f0aedace42b6402a15b9ebd731625785eb12b88a8cd2,,2026-06-03T21:21:59+08:00,https://mxdzlk.com/monster/?page_num=9
3230102,monster,红螃蟹,,mxdzlk_monster,https://mxdzlk.com/monster/3230102/,https://static.mapleartale.com/images/mob/3230102.png,assets/monsters/raw/3230102.png,exists,,,1537,c4eb46115d15e23513167ba1b608a262d44b779c19eb20e0f958b3eb63c87d9a,,2026-06-03T21:21:59+08:00,https://mxdzlk.com/monster/?page_num=10
3230103,monster,吹泡泡鱼皇,,mxdzlk_monster,https://mxdzlk.com/monster/3230103/,https://static.mapleartale.com/images/mob/3230103.png,assets/monsters/raw/3230103.png,exists,,,1273,016f987c24cc8d74398ccb5344a94eb7740e28efc59bde0c8c5918bac05e9c43,,2026-06-03T21:21:59+08:00,https://mxdzlk.com/monster/?page_num=10
3230104,monster,胖球鱼,,mxdzlk_monster,https://mxdzlk.com/monster/3230104/,https://static.mapleartale.com/images/mob/3230104.png,assets/monsters/raw/3230104.png,exists,,,1508,21781accc7f2376a0cde2e5249801cb8cbbf7dbe4d94d2b485e5cec5a40ededb,,2026-06-03T21:21:59+08:00,https://mxdzlk.com/monster/?page_num=10
3230200,monster,星光精灵,,mxdzlk_monster,https://mxdzlk.com/monster/3230200/,https://static.mapleartale.com/images/mob/3230200.png,assets/monsters/raw/3230200.png,exists,,,1021,06fe72d4e13b52eac752fde92c0337025423fffdfe99ecce593aa0803e4d2bfa,,2026-06-03T21:21:59+08:00,https://mxdzlk.com/monster/?page_num=10
3230300,monster,幼魔精灵,,mxdzlk_monster,https://mxdzlk.com/monster/3230300/,https://static.mapleartale.com/images/mob/3230300.png,assets/monsters/raw/3230300.png,exists,,,1423,7492af8c0ba4248f5b01835506f7588dc94e6d18834d32943e916243856912d1,,2026-06-03T21:21:59+08:00,https://mxdzlk.com/monster/?page_num=10
3230301,monster,幼魔精灵2,,mxdzlk_monster,https://mxdzlk.com/monster/3230301/,https://static.mapleartale.com/images/mob/3230301.png,assets/monsters/raw/3230301.png,exists,,,1423,7492af8c0ba4248f5b01835506f7588dc94e6d18834d32943e916243856912d1,,2026-06-03T21:21:59+08:00,https://mxdzlk.com/monster/?page_num=10
3230302,monster,吹泡泡双鱼,,mxdzlk_monster,https://mxdzlk.com/monster/3230302/,https://static.mapleartale.com/images/mob/3230302.png,assets/monsters/raw/3230302.png,exists,,,872,ea8619e597aadae1782ff7c1ff25f9d049fddd499e57991a3ccd6df91aca9dda,,2026-06-03T21:21:59+08:00,https://mxdzlk.com/monster/?page_num=10
3230303,monster,玩具战机,,mxdzlk_monster,https://mxdzlk.com/monster/3230303/,https://static.mapleartale.com/images/mob/3230303.png,assets/monsters/raw/3230303.png,exists,,,1091,f0256ff80267e797cbc43bf1d62d96d0414282b03a1cfadb69e0f7f1c577b0ab,,2026-06-03T21:21:59+08:00,https://mxdzlk.com/monster/?page_num=10
3230304,monster,运输机,,mxdzlk_monster,https://mxdzlk.com/monster/3230304/,https://static.mapleartale.com/images/mob/3230304.png,assets/monsters/raw/3230304.png,exists,,,958,0cf7396cecab065aadb555839028df11b3d751ba38c3d8767ec2b685763c9939,,2026-06-03T21:21:59+08:00,https://mxdzlk.com/monster/?page_num=10
3230305,monster,木马骑兵,,mxdzlk_monster,https://mxdzlk.com/monster/3230305/,https://static.mapleartale.com/images/mob/3230305.png,assets/monsters/raw/3230305.png,exists,,,3464,3502d651f117e7225bc2bd5f0b14b4a905df0fc27e1febf7fe5a283b2190503d,,2026-06-03T21:21:59+08:00,https://mxdzlk.com/monster/?page_num=10
3230306,monster,小恶魔,,mxdzlk_monster,https://mxdzlk.com/monster/3230306/,https://static.mapleartale.com/images/mob/3230306.png,assets/monsters/raw/3230306.png,exists,,,1087,b7c2618dd6979acba7101c374840a754ef44980a8cd652a436478193ebf546c2,,2026-06-03T21:21:59+08:00,https://mxdzlk.com/monster/?page_num=11
3230307,monster,飞行雀,,mxdzlk_monster,https://mxdzlk.com/monster/3230307/,https://static.mapleartale.com/images/mob/3230307.png,assets/monsters/raw/3230307.png,exists,,,988,42be3236fec324f493879c17aa4f597f4f06e9ab7d769ffae778835f79dbf00f,,2026-06-03T21:21:59+08:00,https://mxdzlk.com/monster/?page_num=11
3230308,monster,空军雀,,mxdzlk_monster,https://mxdzlk.com/monster/3230308/,https://static.mapleartale.com/images/mob/3230308.png,assets/monsters/raw/3230308.png,exists,,,1005,a53d79d72b5ee970e2ae699674c63da8939eee9020eed9fa414cf485a03cbc85,,2026-06-03T21:21:59+08:00,https://mxdzlk.com/monster/?page_num=11
3230400,monster,打鼓兔子,,mxdzlk_monster,https://mxdzlk.com/monster/3230400/,https://static.mapleartale.com/images/mob/3230400.png,assets/monsters/raw/3230400.png,exists,,,987,6a746bcaaf0d0d5578ddd2bae8d623632fc7442b9105279e6398e7ee39ae19d4,,2026-06-03T21:21:59+08:00,https://mxdzlk.com/monster/?page_num=11
3230405,monster,小海豹,,mxdzlk_monster,https://mxdzlk.com/monster/3230405/,https://static.mapleartale.com/images/mob/3230405.png,assets/monsters/raw/3230405.png,exists,,,687,84a9c05d73e6016fd9f9c3e7009d6fa893893a2ddafa9a79c6ae42846bb846be,,2026-06-03T21:21:59+08:00,https://mxdzlk.com/monster/?page_num=11
3300000,monster,得意的蘑菇仔,,mxdzlk_monster,https://mxdzlk.com/monster/3300000/,https://static.mapleartale.com/images/mob/3300000.png,assets/monsters/raw/3300000.png,exists,,,936,9f9771001e48f6a18114a7446dec46aa114efd4f3d5b1f96fb92e5aee40b1051,,2026-06-03T21:21:59+08:00,https://mxdzlk.com/monster/?page_num=11
3300001,monster,紫色毒蘑菇,,mxdzlk_monster,https://mxdzlk.com/monster/3300001/,https://static.mapleartale.com/images/mob/3300001.png,assets/monsters/raw/3300001.png,exists,,,1621,167dc6ad1735c9a3c7ff8822e0867307c0a60af8d9691cdf1d07697fd8455110,,2026-06-03T21:21:59+08:00,https://mxdzlk.com/monster/?page_num=11
3300002,monster,中毒的猪猪,,mxdzlk_monster,https://mxdzlk.com/monster/3300002/,https://static.mapleartale.com/images/mob/3300002.png,assets/monsters/raw/3300002.png,exists,,,1336,50e6c1931fcc6a1cf41a971c961dccdfbf0e4a8e5f181b593e61ccf4dd1a0ee7,,2026-06-03T21:21:59+08:00,https://mxdzlk.com/monster/?page_num=11
3300003,monster,戴头盔的企鹅兵,,mxdzlk_monster,https://mxdzlk.com/monster/3300003/,https://static.mapleartale.com/images/mob/3300003.png,assets/monsters/raw/3300003.png,exists,,,1917,3148f6dc36a61dc3baca708575024064a5fdea2502a522c9aae71acd59ef7212,,2026-06-03T21:22:00+08:00,https://mxdzlk.com/monster/?page_num=11
3300004,monster,亲卫队企鹅兵,,mxdzlk_monster,https://mxdzlk.com/monster/3300004/,https://static.mapleartale.com/images/mob/3300004.png,assets/monsters/raw/3300004.png,exists,,,1761,ebd5d718fa5dd89e4122ce75eba47a4d55300b0c54e1fd1b39eb316d75b27d66,,2026-06-03T21:22:00+08:00,https://mxdzlk.com/monster/?page_num=11
3300005,monster,灰雪人与企鹅王,,mxdzlk_monster,https://mxdzlk.com/monster/3300005/,https://static.mapleartale.com/images/mob/3300005.png,assets/monsters/raw/3300005.png,exists,,,6240,ddacd6e3b3c6e973355e80b0274a6ea41f765813b547c8555ec845ff5909a6d2,,2026-06-03T21:22:00+08:00,https://mxdzlk.com/monster/?page_num=12
3300006,monster,金雪人与企鹅王,,mxdzlk_monster,https://mxdzlk.com/monster/3300006/,https://static.mapleartale.com/images/mob/3300006.png,assets/monsters/raw/3300006.png,exists,,,6250,38e038b59690e092301f9e1bf122541a320cf8d8f507c86061519f10bdbef76a,,2026-06-03T21:22:00+08:00,https://mxdzlk.com/monster/?page_num=12
3300007,monster,白雪人与企鹅王,,mxdzlk_monster,https://mxdzlk.com/monster/3300007/,https://static.mapleartale.com/images/mob/3300007.png,assets/monsters/raw/3300007.png,exists,,,6243,831e4674445d969b8d30666204dd5c6003ae863200c6010600aeaf5b29249b1e,,2026-06-03T21:22:00+08:00,https://mxdzlk.com/monster/?page_num=12
3300008,monster,蘑菇大臣,,mxdzlk_monster,https://mxdzlk.com/monster/3300008/,https://static.mapleartale.com/images/mob/3300008.png,assets/monsters/raw/3300008.png,exists,,,4294,132c7712a7ca5f745e6273062f83225aaecb1fe42b9b15f7e09f1b620ad73b2c,,2026-06-03T21:22:00+08:00,https://mxdzlk.com/monster/?page_num=12
4090000,monster,铁甲猪,,mxdzlk_monster,https://mxdzlk.com/monster/4090000/,https://static.mapleartale.com/images/mob/4090000.png,assets/monsters/raw/4090000.png,exists,,,1696,5396d76bba0129c0c77b419c1a28068dd032d20b0cc19b0a2d5e6e39d82f07c0,,2026-06-03T21:22:00+08:00,https://mxdzlk.com/monster/?page_num=12
4110300,monster,螺母,,mxdzlk_monster,https://mxdzlk.com/monster/4110300/,https://static.mapleartale.com/images/mob/4110300.png,assets/monsters/raw/4110300.png,exists,,,876,dc7879f451c6de00b03120fe9ea1995dcdcd933e0b475a62a829bf0cae407a91,,2026-06-03T21:22:00+08:00,https://mxdzlk.com/monster/?page_num=12
4110301,monster,强化版螺母,,mxdzlk_monster,https://mxdzlk.com/monster/4110301/,https://static.mapleartale.com/images/mob/4110301.png,assets/monsters/raw/4110301.png,exists,,,1260,d062fdbe918410e97b3acced6bf1b07698eca6492adbe034fd0d13c95e905ba5,,2026-06-03T21:22:00+08:00,https://mxdzlk.com/monster/?page_num=12
4110302,monster,蓝变异螺母,,mxdzlk_monster,https://mxdzlk.com/monster/4110302/,https://static.mapleartale.com/images/mob/4110302.png,assets/monsters/raw/4110302.png,exists,,,1594,9cae91016fd3684a89d9e2fa24814b71720c6a45a283181fbed0fc38075e5c87,,2026-06-03T21:22:00+08:00,https://mxdzlk.com/monster/?page_num=12
4130100,monster,土龙,,mxdzlk_monster,https://mxdzlk.com/monster/4130100/,https://static.mapleartale.com/images/mob/4130100.png,assets/monsters/raw/4130100.png,exists,,,3445,8b21f418833672a354f128c58d7cd18f1a4e90492eabdd1ccbd079a826d514a4,,2026-06-03T21:22:00+08:00,https://mxdzlk.com/monster/?page_num=12
4130101,monster,乌龟,,mxdzlk_monster,https://mxdzlk.com/monster/4130101/,https://static.mapleartale.com/images/mob/4130101.png,assets/monsters/raw/4130101.png,exists,,,1240,f5092d561943f5733277e2af86cab58fd0eee5d0796d3d3c4868611fb1264afb,,2026-06-03T21:22:00+08:00,https://mxdzlk.com/monster/?page_num=12
4130102,monster,黑食人花,,mxdzlk_monster,https://mxdzlk.com/monster/4130102/,https://static.mapleartale.com/images/mob/4130102.png,assets/monsters/raw/4130102.png,exists,,,1382,3fc607be137f75c5893ad3ed00356d8c205c0da64c57a768abd357bdad4b0be0,,2026-06-03T21:22:00+08:00,https://mxdzlk.com/monster/?page_num=13
4130103,monster,战甲吹泡泡鱼,,mxdzlk_monster,https://mxdzlk.com/monster/4130103/,https://static.mapleartale.com/images/mob/4130103.png,assets/monsters/raw/4130103.png,exists,,,7189,92509787359371dc1ba8c7c8557ad9448d9190212b4a96f4c7252018a2b77ed7,,2026-06-03T21:22:00+08:00,https://mxdzlk.com/monster/?page_num=13
4130104,monster,邪恶食人花,,mxdzlk_monster,https://mxdzlk.com/monster/4130104/,https://static.mapleartale.com/images/mob/4130104.png,assets/monsters/raw/4130104.png,exists,,,1382,3fc607be137f75c5893ad3ed00356d8c205c0da64c57a768abd357bdad4b0be0,,2026-06-03T21:22:00+08:00,https://mxdzlk.com/monster/?page_num=13
4220000,monster,歇尔夫,,mxdzlk_monster,https://mxdzlk.com/monster/4220000/,https://static.mapleartale.com/images/mob/4220000.png,assets/monsters/raw/4220000.png,exists,,,7010,f61d4bfc1893504840325ff0470c754cb7608f360d57e34921e78bea000c6b9f,,2026-06-03T21:22:00+08:00,https://mxdzlk.com/monster/?page_num=13
4220001,monster,歇尔夫,,mxdzlk_monster,https://mxdzlk.com/monster/4220001/,https://static.mapleartale.com/images/mob/4220001.png,assets/monsters/raw/4220001.png,exists,,,3993,75c15aa4ce37a0aad2370b4e61123d2bfa0f6a6eb5dfad046f3b1eaef15ee257,,2026-06-03T21:22:00+08:00,https://mxdzlk.com/monster/?page_num=13
4230100,monster,冰独眼兽,,mxdzlk_monster,https://mxdzlk.com/monster/4230100/,https://static.mapleartale.com/images/mob/4230100.png,assets/monsters/raw/4230100.png,exists,,,1883,fa7dccbce3f8e365cdaceccb14682538726625566cfa39199483e66cee3d2400,,2026-06-03T21:22:00+08:00,https://mxdzlk.com/monster/?page_num=13
4230101,monster,僵尸猴,,mxdzlk_monster,https://mxdzlk.com/monster/4230101/,https://static.mapleartale.com/images/mob/4230101.png,assets/monsters/raw/4230101.png,exists,,,1656,08bcf29bc84c4c98bd37c6ad669e3b35e6c66fd05207503cd2ae0de0bf437410,,2026-06-03T21:22:00+08:00,https://mxdzlk.com/monster/?page_num=13
4230102,monster,大幽灵,,mxdzlk_monster,https://mxdzlk.com/monster/4230102/,https://static.mapleartale.com/images/mob/4230102.png,assets/monsters/raw/4230102.png,exists,,,1640,0e74393f8295a40b5130419590e83c1d0b88f08c347818683023a7ccead51eed,,2026-06-03T21:22:00+08:00,https://mxdzlk.com/monster/?page_num=13
4230103,monster,铁甲猪,,mxdzlk_monster,https://mxdzlk.com/monster/4230103/,https://static.mapleartale.com/images/mob/4230103.png,assets/monsters/raw/4230103.png,exists,,,1696,5396d76bba0129c0c77b419c1a28068dd032d20b0cc19b0a2d5e6e39d82f07c0,,2026-06-03T21:22:00+08:00,https://mxdzlk.com/monster/?page_num=13
4230104,monster,青螃蟹,,mxdzlk_monster,https://mxdzlk.com/monster/4230104/,https://static.mapleartale.com/images/mob/4230104.png,assets/monsters/raw/4230104.png,exists,,,1542,5e5d5ef1b2e4dc2c57e2cf7b73db555dbf1c3a3431ada100c18977613a04e73d,,2026-06-03T21:22:00+08:00,https://mxdzlk.com/monster/?page_num=13
4230105,monster,食人花,,mxdzlk_monster,https://mxdzlk.com/monster/4230105/,https://static.mapleartale.com/images/mob/4230105.png,assets/monsters/raw/4230105.png,exists,,,1292,c3379a813fd17d72bb38416fc47901327bb0062d179b3c8b2ec3a79b156248d2,,2026-06-03T21:22:00+08:00,https://mxdzlk.com/monster/?page_num=14
4230106,monster,月光精灵,,mxdzlk_monster,https://mxdzlk.com/monster/4230106/,https://static.mapleartale.com/images/mob/4230106.png,assets/monsters/raw/4230106.png,exists,,,1012,afa82636893e3ec246e27e3a869094f6b0d62c0b3711d98c8256137feaa03eee,,2026-06-03T21:22:00+08:00,https://mxdzlk.com/monster/?page_num=14
4230107,monster,独眼蝙蝠,,mxdzlk_monster,https://mxdzlk.com/monster/4230107/,https://static.mapleartale.com/images/mob/4230107.png,assets/monsters/raw/4230107.png,exists,,,624,4234ef325be702a1f1a268b2b769f7cb08120112affcc8ffbe94a47ffe49e76a,,2026-06-03T21:22:00+08:00,https://mxdzlk.com/monster/?page_num=14
4230108,monster,小猎犬,,mxdzlk_monster,https://mxdzlk.com/monster/4230108/,https://static.mapleartale.com/images/mob/4230108.png,assets/monsters/raw/4230108.png,exists,,,744,2f4c10ecdb7ee79074475fb3c30af1062cea524df30f2b1adfdc4146a6cb8d52,,2026-06-03T21:22:00+08:00,https://mxdzlk.com/monster/?page_num=14
4230109,monster,黄积木怪,,mxdzlk_monster,https://mxdzlk.com/monster/4230109/,https://static.mapleartale.com/images/mob/4230109.png,assets/monsters/raw/4230109.png,exists,,,5687,6a705d04e48db1d7e3beab3773aed08db22e231864cc9feed52100c944197735,,2026-06-03T21:22:00+08:00,https://mxdzlk.com/monster/?page_num=14
4230110,monster,青积木怪,,mxdzlk_monster,https://mxdzlk.com/monster/4230110/,https://static.mapleartale.com/images/mob/4230110.png,assets/monsters/raw/4230110.png,exists,,,6680,43dc34729e0c1508c8713c31b9ffa4d86ab8b786c71889ca0091d811aed797ac,,2026-06-03T21:22:00+08:00,https://mxdzlk.com/monster/?page_num=14
4230111,monster,女机器人,,mxdzlk_monster,https://mxdzlk.com/monster/4230111/,https://static.mapleartale.com/images/mob/4230111.png,assets/monsters/raw/4230111.png,exists,,,2653,e8bceffe93b9eccb76c234bb63174f593863d7f8ffe7b56a132ae778556c7767,,2026-06-03T21:22:00+08:00,https://mxdzlk.com/monster/?page_num=14
4230112,monster,男机器人,,mxdzlk_monster,https://mxdzlk.com/monster/4230112/,https://static.mapleartale.com/images/mob/4230112.png,assets/monsters/raw/4230112.png,exists,,,2650,b04226afeecd7fd3fceef1957289ff8a7762f67b02e133317e8b92fc6fa6cc9a,,2026-06-03T21:22:00+08:00,https://mxdzlk.com/monster/?page_num=14
4230113,monster,闹钟啾啾,,mxdzlk_monster,https://mxdzlk.com/monster/4230113/,https://static.mapleartale.com/images/mob/4230113.png,assets/monsters/raw/4230113.png,exists,,,1685,a16f4e832f5102be71775694c18fdcb313242cdcf5537e3e9effd255133d5269,,2026-06-03T21:22:00+08:00,https://mxdzlk.com/monster/?page_num=14
4230114,monster,恶魔之父,,mxdzlk_monster,https://mxdzlk.com/monster/4230114/,https://static.mapleartale.com/images/mob/4230114.png,assets/monsters/raw/4230114.png,exists,,,2069,21754567994a334671a49edefdee67bb9082a47fea1cb91d7ba3ec50ec3230b2,,2026-06-03T21:22:00+08:00,https://mxdzlk.com/monster/?page_num=14
4230115,monster,恶魔之母,,mxdzlk_monster,https://mxdzlk.com/monster/4230115/,https://static.mapleartale.com/images/mob/4230115.png,assets/monsters/raw/4230115.png,exists,,,2299,1609f2fa9807b6f1e00a54f99cc47a2bd5b486315a197de6d2aa5c690afce70f,,2026-06-03T21:22:00+08:00,https://mxdzlk.com/monster/?page_num=15
4230116,monster,白外星人卫兵,,mxdzlk_monster,https://mxdzlk.com/monster/4230116/,https://static.mapleartale.com/images/mob/4230116.png,assets/monsters/raw/4230116.png,exists,,,1503,c17848e699985d67ba69bcdfca18ac91a73d6bb0fecf2e8c4ad47f5e200a6b54,,2026-06-03T21:22:00+08:00,https://mxdzlk.com/monster/?page_num=15
4230117,monster,白外星人队长,,mxdzlk_monster,https://mxdzlk.com/monster/4230117/,https://static.mapleartale.com/images/mob/4230117.png,assets/monsters/raw/4230117.png,exists,,,1887,ed3cf3f50086b91836324c6b26c9b291ea1fd6cbc2c02017c229539ab9113c1c,,2026-06-03T21:22:00+08:00,https://mxdzlk.com/monster/?page_num=15
4230118,monster,白外星人长官,,mxdzlk_monster,https://mxdzlk.com/monster/4230118/,https://static.mapleartale.com/images/mob/4230118.png,assets/monsters/raw/4230118.png,exists,,,1820,e3786497f3db7f5381413ef1561c632ddb4aef5cc5b82a28b01602b0787236dd,,2026-06-03T21:22:00+08:00,https://mxdzlk.com/monster/?page_num=15
4230119,monster,外星章鱼枪,,mxdzlk_monster,https://mxdzlk.com/monster/4230119/,https://static.mapleartale.com/images/mob/4230119.png,assets/monsters/raw/4230119.png,exists,,,2195,912dad16005fe0a32fba4bb2423349318400493e3858552da8655b4db4898146,,2026-06-03T21:22:00+08:00,https://mxdzlk.com/monster/?page_num=15
4230120,monster,外星章鱼坦克,,mxdzlk_monster,https://mxdzlk.com/monster/4230120/,https://static.mapleartale.com/images/mob/4230120.png,assets/monsters/raw/4230120.png,exists,,,2368,5cf096b2b7416fbb61315dc737de761d2acf05dc3b8cbca568e74c45db28255e,,2026-06-03T21:22:00+08:00,https://mxdzlk.com/monster/?page_num=15
4230121,monster,外星章鱼激光棒,,mxdzlk_monster,https://mxdzlk.com/monster/4230121/,https://static.mapleartale.com/images/mob/4230121.png,assets/monsters/raw/4230121.png,exists,,,2962,aa9689be05d4dd26377322bdf76172d49c17c7101c006a02f88f1c322c296e44,,2026-06-03T21:22:00+08:00,https://mxdzlk.com/monster/?page_num=15
4230122,monster,食人花,,mxdzlk_monster,https://mxdzlk.com/monster/4230122/,https://static.mapleartale.com/images/mob/4230122.png,assets/monsters/raw/4230122.png,exists,,,1292,c3379a813fd17d72bb38416fc47901327bb0062d179b3c8b2ec3a79b156248d2,,2026-06-03T21:22:00+08:00,https://mxdzlk.com/monster/?page_num=15
4230123,monster,小海象,,mxdzlk_monster,https://mxdzlk.com/monster/4230123/,https://static.mapleartale.com/images/mob/4230123.png,assets/monsters/raw/4230123.png,exists,,,1918,b3dea94b4ddbfb1fabbb4e41d414f448939a7119e0dd62cb8e33b32fb679fd09,,2026-06-03T21:22:00+08:00,https://mxdzlk.com/monster/?page_num=15
4230124,monster,小海狮,,mxdzlk_monster,https://mxdzlk.com/monster/4230124/,https://static.mapleartale.com/images/mob/4230124.png,assets/monsters/raw/4230124.png,exists,,,1765,c25747d5b64d9c5f04b23b94e3cf2317bdb7289ecac33e96eb238995f51fcfa6,,2026-06-03T21:22:00+08:00,https://mxdzlk.com/monster/?page_num=15
4230125,monster,骷髅犬,,mxdzlk_monster,https://mxdzlk.com/monster/4230125/,https://static.mapleartale.com/images/mob/4230125.png,assets/monsters/raw/4230125.png,exists,,,1440,1214312d95648dc11e46c99e591ce406f0bb788fcf3e8ab0df57f81ca76b4b4a,,2026-06-03T21:22:00+08:00,https://mxdzlk.com/monster/?page_num=16
4230126,monster,木乃伊犬,,mxdzlk_monster,https://mxdzlk.com/monster/4230126/,https://static.mapleartale.com/images/mob/4230126.png,assets/monsters/raw/4230126.png,exists,,,1644,713a553e9aa35db9bfb6b068793f39c531a5a68f38d4b66627445fa193380ee4,,2026-06-03T21:22:00+08:00,https://mxdzlk.com/monster/?page_num=16
4230200,monster,蓝刺豚,,mxdzlk_monster,https://mxdzlk.com/monster/4230200/,https://static.mapleartale.com/images/mob/4230200.png,assets/monsters/raw/4230200.png,exists,,,1124,04dbf0377278cb0a65446ca3692df421f55f2c3c23db1773a938ecbc3a04aaf1,,2026-06-03T21:22:00+08:00,https://mxdzlk.com/monster/?page_num=16
4230201,monster,紫刺豚,,mxdzlk_monster,https://mxdzlk.com/monster/4230201/,https://static.mapleartale.com/images/mob/4230201.png,assets/monsters/raw/4230201.png,exists,,,1109,c7cae564648996e1fc0f485438fe3d977f8d2a5e3a17fb32c20ad369231563af,,2026-06-03T21:22:00+08:00,https://mxdzlk.com/monster/?page_num=16
4230300,monster,月妙,,mxdzlk_monster,https://mxdzlk.com/monster/4230300/,https://static.mapleartale.com/images/mob/4230300.png,assets/monsters/raw/4230300.png,exists,,,1284,094b7de1790ad24ac5f6d12cc66dcab951a1468ef13c29fff2778cf273c4d9df,,2026-06-03T21:22:00+08:00,https://mxdzlk.com/monster/?page_num=16
4230400,monster,钢甲猪,,mxdzlk_monster,https://mxdzlk.com/monster/4230400/,https://static.mapleartale.com/images/mob/4230400.png,assets/monsters/raw/4230400.png,exists,,,1869,3998d9fc55421d32ea81ff097b2db6440c6b0d22fd7dd965a891730601a2c233,,2026-06-03T21:22:00+08:00,https://mxdzlk.com/monster/?page_num=16
4230500,monster,松松,,mxdzlk_monster,https://mxdzlk.com/monster/4230500/,https://static.mapleartale.com/images/mob/4230500.png,assets/monsters/raw/4230500.png,exists,,,1736,662a38ad25282ab3204c2fb0eb2e47c352d3544593e0c5e32e002efdaac94ca8,,2026-06-03T21:22:00+08:00,https://mxdzlk.com/monster/?page_num=16
4230501,monster,豪猪,,mxdzlk_monster,https://mxdzlk.com/monster/4230501/,https://static.mapleartale.com/images/mob/4230501.png,assets/monsters/raw/4230501.png,exists,,,1332,003ff2b0a9db86d7d03d56d0c5adb4a79b294f1891f3166fe0cdf39c7cd4989e,,2026-06-03T21:22:00+08:00,https://mxdzlk.com/monster/?page_num=16
4230502,monster,灰豪猪,,mxdzlk_monster,https://mxdzlk.com/monster/4230502/,https://static.mapleartale.com/images/mob/4230502.png,assets/monsters/raw/4230502.png,exists,,,1380,55ea263badb46e2013ead29c8be570b3994a5d05d00377dda8a5328f23e58c68,,2026-06-03T21:22:00+08:00,https://mxdzlk.com/monster/?page_num=16
4230503,monster,青花蛇,,mxdzlk_monster,https://mxdzlk.com/monster/4230503/,https://static.mapleartale.com/images/mob/4230503.png,assets/monsters/raw/4230503.png,exists,,,1867,12e4e3f93f1e0cde247f4d5079be1d57cd963664144812398deaff2b7bf4f42d,,2026-06-03T21:22:01+08:00,https://mxdzlk.com/monster/?page_num=16
4230504,monster,红花蛇,,mxdzlk_monster,https://mxdzlk.com/monster/4230504/,https://static.mapleartale.com/images/mob/4230504.png,assets/monsters/raw/4230504.png,exists,,,1256,0fdd3ee034b2fc7f3689c8ec123b76b9c4861f7b698a82b86144fbff9f0797f4,,2026-06-03T21:22:01+08:00,https://mxdzlk.com/monster/?page_num=17
4230505,monster,坛子,,mxdzlk_monster,https://mxdzlk.com/monster/4230505/,https://static.mapleartale.com/images/mob/4230505.png,assets/monsters/raw/4230505.png,exists,,,1546,7c27d7282d5aca44bb8e3917fbed4f2f0c7ea1bc642a91d8e277946d88406233,,2026-06-03T21:22:01+08:00,https://mxdzlk.com/monster/?page_num=17
4230506,monster,山参坛子,,mxdzlk_monster,https://mxdzlk.com/monster/4230506/,https://static.mapleartale.com/images/mob/4230506.png,assets/monsters/raw/4230506.png,exists,,,1874,c55f6d44b81a915279c73356782032e6829c57e0c3520b96626d456d08096077,,2026-06-03T21:22:01+08:00,https://mxdzlk.com/monster/?page_num=17
4230600,monster,沙漠巨人,,mxdzlk_monster,https://mxdzlk.com/monster/4230600/,https://static.mapleartale.com/images/mob/4230600.png,assets/monsters/raw/4230600.png,exists,,,7743,96bbe3acba4f9e29ba5e6ad6037d15c167e9a4c2af7dc216f761cb2379ad691c,,2026-06-03T21:22:01+08:00,https://mxdzlk.com/monster/?page_num=17
4240000,monster,白外星人司令,,mxdzlk_monster,https://mxdzlk.com/monster/4240000/,https://static.mapleartale.com/images/mob/4240000.png,assets/monsters/raw/4240000.png,exists,,,2749,5168cadb1c37659d3c1cdcdd0d13cb256435b7b6d199f508251b1063b3ff4658,,2026-06-03T21:22:01+08:00,https://mxdzlk.com/monster/?page_num=17
4250000,monster,苔藓蜗牛,,mxdzlk_monster,https://mxdzlk.com/monster/4250000/,https://static.mapleartale.com/images/mob/4250000.png,assets/monsters/raw/4250000.png,exists,,,3505,aced38200a442279edbc4a7c952c7266eb0d7d8afb2340f8fd3ce4847d30a2c4,,2026-06-03T21:22:01+08:00,https://mxdzlk.com/monster/?page_num=17
4250001,monster,苔藓木妖,,mxdzlk_monster,https://mxdzlk.com/monster/4250001/,https://static.mapleartale.com/images/mob/4250001.png,assets/monsters/raw/4250001.png,exists,,,4493,ddb26ab54a23e5f8e908edcf506705619d69c46ddfc873e5b08bd11409896ae4,,2026-06-03T21:22:01+08:00,https://mxdzlk.com/monster/?page_num=17
5090000,monster,谢尔德,,mxdzlk_monster,https://mxdzlk.com/monster/5090000/,https://static.mapleartale.com/images/mob/5090000.png,assets/monsters/raw/5090000.png,exists,,,3663,1c7366f1d9403eb4b8657962f831e6036e5ca6d80becd3a8e30e321eb8cc13ec,,2026-06-03T21:22:01+08:00,https://mxdzlk.com/monster/?page_num=17
5090001,monster,仙人玩偶,,mxdzlk_monster,https://mxdzlk.com/monster/5090001/,https://static.mapleartale.com/images/mob/5090001.png,assets/monsters/raw/5090001.png,exists,,,3033,ccc11bc50cc509240ec944cc61208adce79bd6806c9eed424ad869e054a45c0b,,2026-06-03T21:22:01+08:00,https://mxdzlk.com/monster/?page_num=17
5100000,monster,小白雪人,,mxdzlk_monster,https://mxdzlk.com/monster/5100000/,https://static.mapleartale.com/images/mob/5100000.png,assets/monsters/raw/5100000.png,exists,,,692,4dab772ee1d79c9931b125011011903d91e73bd794b226e45145f0ce8fc5ec85,,2026-06-03T21:22:01+08:00,https://mxdzlk.com/monster/?page_num=17
5100001,monster,变形小白雪人,,mxdzlk_monster,https://mxdzlk.com/monster/5100001/,https://static.mapleartale.com/images/mob/5100001.png,assets/monsters/raw/5100001.png,exists,,,692,4dab772ee1d79c9931b125011011903d91e73bd794b226e45145f0ce8fc5ec85,,2026-06-03T21:22:01+08:00,https://mxdzlk.com/monster/?page_num=18
5100002,monster,火精灵,,mxdzlk_monster,https://mxdzlk.com/monster/5100002/,https://static.mapleartale.com/images/mob/5100002.png,assets/monsters/raw/5100002.png,exists,,,760,6e9c0470c3b3c803cb7bc37cf80008476d9557d60011506c5129d747c2f1d33d,,2026-06-03T21:22:01+08:00,https://mxdzlk.com/monster/?page_num=18
5100003,monster,小虎,,mxdzlk_monster,https://mxdzlk.com/monster/5100003/,https://static.mapleartale.com/images/mob/5100003.png,assets/monsters/raw/5100003.png,exists,,,2113,fbaaa991dfaf86557d31323c0fdbcbb0435e07ae471844df4c5e28a0056c0045,,2026-06-03T21:22:01+08:00,https://mxdzlk.com/monster/?page_num=18
5100004,monster,三尾狐,,mxdzlk_monster,https://mxdzlk.com/monster/5100004/,https://static.mapleartale.com/images/mob/5100004.png,assets/monsters/raw/5100004.png,exists,,,2070,f9c7279d3e74b10f28f79d05a60008a910c3192dc5dc9fa8c32fc558f62b568a,,2026-06-03T21:22:01+08:00,https://mxdzlk.com/monster/?page_num=18
5100005,monster,虎精,,mxdzlk_monster,https://mxdzlk.com/monster/5100005/,https://static.mapleartale.com/images/mob/5100005.png,assets/monsters/raw/5100005.png,exists,,,3178,78941f453290b416978aa254b2a5007ae639c5798a1085c4eb1f8d200aee5a49,,2026-06-03T21:22:01+08:00,https://mxdzlk.com/monster/?page_num=18
5110300,monster,红变异螺母,,mxdzlk_monster,https://mxdzlk.com/monster/5110300/,https://static.mapleartale.com/images/mob/5110300.png,assets/monsters/raw/5110300.png,exists,,,1617,c128451f9d18e54727801003a6673fe18cdb7c2bf6b834d818b5fc2a81fbb871,,2026-06-03T21:22:01+08:00,https://mxdzlk.com/monster/?page_num=18
5110301,monster,洛伊德,,mxdzlk_monster,https://mxdzlk.com/monster/5110301/,https://static.mapleartale.com/images/mob/5110301.png,assets/monsters/raw/5110301.png,exists,,,1053,73bcfa39fd325ace43ad99761241f430926793afb5ef58fe9ac8dbf4f403b4a7,,2026-06-03T21:22:01+08:00,https://mxdzlk.com/monster/?page_num=18
5110302,monster,氯化洛伊德,,mxdzlk_monster,https://mxdzlk.com/monster/5110302/,https://static.mapleartale.com/images/mob/5110302.png,assets/monsters/raw/5110302.png,exists,,,1813,d14c73fd0111b12f2ef8a79d5a8b1d9ff5203f04cddb288967d6c897724144a2,,2026-06-03T21:22:01+08:00,https://mxdzlk.com/monster/?page_num=18
5120000,monster,日光精灵,,mxdzlk_monster,https://mxdzlk.com/monster/5120000/,https://static.mapleartale.com/images/mob/5120000.png,assets/monsters/raw/5120000.png,exists,,,1042,e7dd1306a607d597ac079fb5c2886e5f1017101fb684b7f6cffda3d51eb8c094,,2026-06-03T21:22:01+08:00,https://mxdzlk.com/monster/?page_num=18
5120001,monster,红独角狮,,mxdzlk_monster,https://mxdzlk.com/monster/5120001/,https://static.mapleartale.com/images/mob/5120001.png,assets/monsters/raw/5120001.png,exists,,,1613,79c6efdfa7fa02a5e83a56354a3448f009bf394bab84285b9e08f61a7c75d05a,,2026-06-03T21:22:01+08:00,https://mxdzlk.com/monster/?page_num=18
5120002,monster,黄独角狮,,mxdzlk_monster,https://mxdzlk.com/monster/5120002/,https://static.mapleartale.com/images/mob/5120002.png,assets/monsters/raw/5120002.png,exists,,,1689,bd46c4d9eb674c05872e78322a60a9f0060723d5c9acf879c0152ed0f516f2d3,,2026-06-03T21:22:01+08:00,https://mxdzlk.com/monster/?page_num=19
5120003,monster,蓝独角狮,,mxdzlk_monster,https://mxdzlk.com/monster/5120003/,https://static.mapleartale.com/images/mob/5120003.png,assets/monsters/raw/5120003.png,exists,,,1657,8c4ac0f31a71c0c625d1733221b85d34a518476e824c8ac456ca1a5f439a8efe,,2026-06-03T21:22:01+08:00,https://mxdzlk.com/monster/?page_num=19
5120100,monster,外星章鱼闪电棒,,mxdzlk_monster,https://mxdzlk.com/monster/5120100/,https://static.mapleartale.com/images/mob/5120100.png,assets/monsters/raw/5120100.png,exists,,,4968,c28b90d8d15bfab3a627ce4cc976d24af0fec18f497f759d0be868aaaf6368bd,,2026-06-03T21:22:01+08:00,https://mxdzlk.com/monster/?page_num=19
5120500,monster,棕熊,,mxdzlk_monster,https://mxdzlk.com/monster/5120500/,https://static.mapleartale.com/images/mob/5120500.png,assets/monsters/raw/5120500.png,exists,,,2723,874fd154f3d6a9e695d25ae1097acc4979a4a1b4c22e6e2f9f657c3c46c0cd1f,,2026-06-03T21:22:01+08:00,https://mxdzlk.com/monster/?page_num=19
5120501,monster,桔梗精,,mxdzlk_monster,https://mxdzlk.com/monster/5120501/,https://static.mapleartale.com/images/mob/5120501.png,assets/monsters/raw/5120501.png,exists,,,1755,41c445a2e4ac95e982cb142be4966aed1f97b95a7b6506ef86d45b2450730760,,2026-06-03T21:22:01+08:00,https://mxdzlk.com/monster/?page_num=19
5120502,monster,老山参精,,mxdzlk_monster,https://mxdzlk.com/monster/5120502/,https://static.mapleartale.com/images/mob/5120502.png,assets/monsters/raw/5120502.png,exists,,,2064,b17d41eb6f78bb3c1df9efcc95e612a29ab95e799ca23b1c0d60149a379ec2fb,,2026-06-03T21:22:01+08:00,https://mxdzlk.com/monster/?page_num=19
5120503,monster,训练用稻草娃娃,,mxdzlk_monster,https://mxdzlk.com/monster/5120503/,https://static.mapleartale.com/images/mob/5120503.png,assets/monsters/raw/5120503.png,exists,,,2610,7918663adbf88a25a466bacf18225d7cf773ab8553747162b5234d64c76cff61,,2026-06-03T21:22:01+08:00,https://mxdzlk.com/monster/?page_num=19
5120504,monster,训练用木娃娃,,mxdzlk_monster,https://mxdzlk.com/monster/5120504/,https://static.mapleartale.com/images/mob/5120504.png,assets/monsters/raw/5120504.png,exists,,,2769,4f933f64da1720a2fc4aee5d33118ac52bab111b9bc4e3419ac4782eeb0a9c26,,2026-06-03T21:22:01+08:00,https://mxdzlk.com/monster/?page_num=19
5120505,monster,天鹿,,mxdzlk_monster,https://mxdzlk.com/monster/5120505/,https://static.mapleartale.com/images/mob/5120505.png,assets/monsters/raw/5120505.png,exists,,,2421,776a36dd8431a0c5ed10325f29f9381fd79cd89574fe5872297acad22ed297db,,2026-06-03T21:22:01+08:00,https://mxdzlk.com/monster/?page_num=19
5120506,monster,秘籍,,mxdzlk_monster,https://mxdzlk.com/monster/5120506/,https://static.mapleartale.com/images/mob/5120506.png,assets/monsters/raw/5120506.png,exists,,,2354,23b0be402d968da78db55b662996cdb6ae6b05c47d939b030086c833d65d0513,,2026-06-03T21:22:01+08:00,https://mxdzlk.com/monster/?page_num=19
5130100,monster,青龙,,mxdzlk_monster,https://mxdzlk.com/monster/5130100/,https://static.mapleartale.com/images/mob/5130100.png,assets/monsters/raw/5130100.png,exists,,,3446,3ae9b60f0ef9f6e23c23e7aae061ba50be83010e1837fcd0be0e152627a79943,,2026-06-03T21:22:01+08:00,https://mxdzlk.com/monster/?page_num=20
5130101,monster,石头人,,mxdzlk_monster,https://mxdzlk.com/monster/5130101/,https://static.mapleartale.com/images/mob/5130101.png,assets/monsters/raw/5130101.png,exists,,,8881,11a5dd41b5d8647dd0fb1f0941f7511d5d2ae54ec29f94148df090a77f28d4d5,,2026-06-03T21:22:01+08:00,https://mxdzlk.com/monster/?page_num=20
5130102,monster,黑石头人,,mxdzlk_monster,https://mxdzlk.com/monster/5130102/,https://static.mapleartale.com/images/mob/5130102.png,assets/monsters/raw/5130102.png,exists,,,8646,10bf756e02faa74096854d935899a584d92240ce16414b684cffc9b04058a5cc,,2026-06-03T21:22:01+08:00,https://mxdzlk.com/monster/?page_num=20
5130103,monster,黑鳄鱼,,mxdzlk_monster,https://mxdzlk.com/monster/5130103/,https://static.mapleartale.com/images/mob/5130103.png,assets/monsters/raw/5130103.png,exists,,,1208,45bcd499fdae45427c1b560442f7e67c66c4cd4e59a48addcdeba010e78e2820,,2026-06-03T21:22:01+08:00,https://mxdzlk.com/monster/?page_num=20
5130104,monster,野狼,,mxdzlk_monster,https://mxdzlk.com/monster/5130104/,https://static.mapleartale.com/images/mob/5130104.png,assets/monsters/raw/5130104.png,exists,,,1790,8f5d945a5bbecceeb4334dccacfaf20c4d83d213c2e956f6a814a2ac8115af1e,,2026-06-03T21:22:01+08:00,https://mxdzlk.com/monster/?page_num=20
5130105,monster,小黑雪人,,mxdzlk_monster,https://mxdzlk.com/monster/5130105/,https://static.mapleartale.com/images/mob/5130105.png,assets/monsters/raw/5130105.png,exists,,,711,180e6e89098568b0a4fc5624f00a11287dce7374cb57d91df003f710e9f78ea1,,2026-06-03T21:22:01+08:00,https://mxdzlk.com/monster/?page_num=20
5130106,monster,变形小黑雪人,,mxdzlk_monster,https://mxdzlk.com/monster/5130106/,https://static.mapleartale.com/images/mob/5130106.png,assets/monsters/raw/5130106.png,exists,,,711,180e6e89098568b0a4fc5624f00a11287dce7374cb57d91df003f710e9f78ea1,,2026-06-03T21:22:01+08:00,https://mxdzlk.com/monster/?page_num=20
5130107,monster,僵尸,,mxdzlk_monster,https://mxdzlk.com/monster/5130107/,https://static.mapleartale.com/images/mob/5130107.png,assets/monsters/raw/5130107.png,exists,,,3681,448070a04a5ba7ccb76f569e207d1024731968261e564f3854fa59f78695112d,,2026-06-03T21:22:01+08:00,https://mxdzlk.com/monster/?page_num=20
5130108,monster,矿山僵尸,,mxdzlk_monster,https://mxdzlk.com/monster/5130108/,https://static.mapleartale.com/images/mob/5130108.png,assets/monsters/raw/5130108.png,exists,,,3622,4aa8740cf925eed00333b73b28dd93ab0af5f60cb0590e8c102864216b60ea64,,2026-06-03T21:22:01+08:00,https://mxdzlk.com/monster/?page_num=20
5140000,monster,白狼,,mxdzlk_monster,https://mxdzlk.com/monster/5140000/,https://static.mapleartale.com/images/mob/5140000.png,assets/monsters/raw/5140000.png,exists,,,1810,14eeb4da45c8dfec2177762d75589d1770df79c9f901921da05b3a1963cd6744,,2026-06-03T21:22:01+08:00,https://mxdzlk.com/monster/?page_num=20
5150000,monster,混种石头人,,mxdzlk_monster,https://mxdzlk.com/monster/5150000/,https://static.mapleartale.com/images/mob/5150000.png,assets/monsters/raw/5150000.png,exists,,,8763,5e0f6c36ec8abb59fc8db76a3bcf7f29c226ecf643c0653f17a54bd68fbc301e,,2026-06-03T21:22:01+08:00,https://mxdzlk.com/monster/?page_num=21
5150001,monster,骷髅士兵,,mxdzlk_monster,https://mxdzlk.com/monster/5150001/,https://static.mapleartale.com/images/mob/5150001.png,assets/monsters/raw/5150001.png,exists,,,2475,638016aa7a521227f4c0950a36a2fc19702ed6c00c12a0a00b38276dbbe82fa1,,2026-06-03T21:22:01+08:00,https://mxdzlk.com/monster/?page_num=21
5200000,monster,小石球,,mxdzlk_monster,https://mxdzlk.com/monster/5200000/,https://static.mapleartale.com/images/mob/5200000.png,assets/monsters/raw/5200000.png,exists,,,411,cee44009ab45fbe9f34a22c41e8b17c1387e8fd5746167ca3466ee455414bf53,,2026-06-03T21:22:01+08:00,https://mxdzlk.com/monster/?page_num=21
5200001,monster,冰石球,,mxdzlk_monster,https://mxdzlk.com/monster/5200001/,https://static.mapleartale.com/images/mob/5200001.png,assets/monsters/raw/5200001.png,exists,,,714,0868af9d86400a90e028ff099a318d5464d215ff1f8334e90f649e02165824d0,,2026-06-03T21:22:01+08:00,https://mxdzlk.com/monster/?page_num=21
5200002,monster,火石球,,mxdzlk_monster,https://mxdzlk.com/monster/5200002/,https://static.mapleartale.com/images/mob/5200002.png,assets/monsters/raw/5200002.png,exists,,,705,3408b8cac38693125bb5b6cee27d6d6a976cffc5760fd34cd509af6cf5da085b,,2026-06-03T21:22:01+08:00,https://mxdzlk.com/monster/?page_num=21
5220000,monster,巨居蟹,,mxdzlk_monster,https://mxdzlk.com/monster/5220000/,https://static.mapleartale.com/images/mob/5220000.png,assets/monsters/raw/5220000.png,exists,,,22072,8f9d7259e1a6f84bc84733ef22a3c24c9f1bd7a4c2e2f6e406f4e8b029274f7a,,2026-06-03T21:22:01+08:00,https://mxdzlk.com/monster/?page_num=21
5220001,monster,巨居蟹,,mxdzlk_monster,https://mxdzlk.com/monster/5220001/,https://static.mapleartale.com/images/mob/5220001.png,assets/monsters/raw/5220001.png,exists,,,11869,34963a05cdd64d216c1875ef10203f9f271034f231c1dd253c45fa330d0f03c2,,2026-06-03T21:22:01+08:00,https://mxdzlk.com/monster/?page_num=21
5220002,monster,浮士德,,mxdzlk_monster,https://mxdzlk.com/monster/5220002/,https://static.mapleartale.com/images/mob/5220002.png,assets/monsters/raw/5220002.png,exists,,,11255,68e1b540394ee20059de3febaa784f1b72cfe7e5eb5dc6fcfbec42a82f35e8ec,,2026-06-03T21:22:02+08:00,https://mxdzlk.com/monster/?page_num=21
5220003,monster,提莫,,mxdzlk_monster,https://mxdzlk.com/monster/5220003/,https://static.mapleartale.com/images/mob/5220003.png,assets/monsters/raw/5220003.png,exists,,,4931,668a23d1297df40ebe84a7bc7602c6db210df8dc40cc9e92c01b06f3627931fc,,2026-06-03T21:22:02+08:00,https://mxdzlk.com/monster/?page_num=21
5250000,monster,苔藓蘑菇,,mxdzlk_monster,https://mxdzlk.com/monster/5250000/,https://static.mapleartale.com/images/mob/5250000.png,assets/monsters/raw/5250000.png,exists,,,3538,51563118b9ac6bf921a7bb4440f38cad18033c04240cb1f4ebeed3ecf6708fdf,,2026-06-03T21:22:02+08:00,https://mxdzlk.com/monster/?page_num=21
5250001,monster,石头虫,,mxdzlk_monster,https://mxdzlk.com/monster/5250001/,https://static.mapleartale.com/images/mob/5250001.png,assets/monsters/raw/5250001.png,exists,,,3305,e2feb572872c7f706472695725e0f7b66fdcd21e3eb92ed4f04061a7e3e4f604,,2026-06-03T21:22:02+08:00,https://mxdzlk.com/monster/?page_num=22
5250002,monster,原始野猪,,mxdzlk_monster,https://mxdzlk.com/monster/5250002/,https://static.mapleartale.com/images/mob/5250002.png,assets/monsters/raw/5250002.png,exists,,,3704,5d8fc98e33f3c47338ff941f6286ec69d0c20ec5ca19d93dcf33907738c04eaf,,2026-06-03T21:22:02+08:00,https://mxdzlk.com/monster/?page_num=22
5300000,monster,小白雪鬼,,mxdzlk_monster,https://mxdzlk.com/monster/5300000/,https://static.mapleartale.com/images/mob/5300000.png,assets/monsters/raw/5300000.png,exists,,,468,3d9d118ae367c83d6a3efb6856677393a2b6ef31997a6f55915ee794dcff9cb0,,2026-06-03T21:22:02+08:00,https://mxdzlk.com/monster/?page_num=22
5300001,monster,小黑雪鬼,,mxdzlk_monster,https://mxdzlk.com/monster/5300001/,https://static.mapleartale.com/images/mob/5300001.png,assets/monsters/raw/5300001.png,exists,,,480,0bd149fcb546c9ffc5e8dd96af8ef3c559811f471f4106fbdfc05c8898f47e73,,2026-06-03T21:22:02+08:00,https://mxdzlk.com/monster/?page_num=22
5300100,monster,巫婆,,mxdzlk_monster,https://mxdzlk.com/monster/5300100/,https://static.mapleartale.com/images/mob/5300100.png,assets/monsters/raw/5300100.png,exists,,,1903,0879cee6442a73172ba99a36f91f047097c6c06101a622afcb2373f52789b637,,2026-06-03T21:22:02+08:00,https://mxdzlk.com/monster/?page_num=22
5400000,monster,小企鹅王,,mxdzlk_monster,https://mxdzlk.com/monster/5400000/,https://static.mapleartale.com/images/mob/5400000.png,assets/monsters/raw/5400000.png,exists,,,522,79b0ff9b66f99096de422b5f12dcdfe4303b4127a731d80401efbba99f39ccb2,,2026-06-03T21:22:02+08:00,https://mxdzlk.com/monster/?page_num=22
6090000,monster,黑山老妖,,mxdzlk_monster,https://mxdzlk.com/monster/6090000/,https://static.mapleartale.com/images/mob/6090000.png,assets/monsters/raw/6090000.png,exists,,,3796,cb837ea1a44bee75313bf1c372014782497cbfef8fd8fc0009c45fe9bcddb9bb,,2026-06-03T21:22:02+08:00,https://mxdzlk.com/monster/?page_num=22
6090001,monster,雪山魔女,,mxdzlk_monster,https://mxdzlk.com/monster/6090001/,https://static.mapleartale.com/images/mob/6090001.png,assets/monsters/raw/6090001.png,exists,,,7306,5efa4157991982aa470b3c6fd6843ebdb3290c1cdc7a0f1e865a97b6a78c239c,,2026-06-03T21:22:02+08:00,https://mxdzlk.com/monster/?page_num=22
6090002,monster,青竹武士,,mxdzlk_monster,https://mxdzlk.com/monster/6090002/,https://static.mapleartale.com/images/mob/6090002.png,assets/monsters/raw/6090002.png,exists,,,2844,a56eb7034f220eaad43268687fab2a10bc5bf7ec080f3fe41e6f634917c494ba,,2026-06-03T21:22:02+08:00,https://mxdzlk.com/monster/?page_num=22
6090003,monster,书生鬼,,mxdzlk_monster,https://mxdzlk.com/monster/6090003/,https://static.mapleartale.com/images/mob/6090003.png,assets/monsters/raw/6090003.png,exists,,,9841,718822132815650fc91f9dd3d736af4a8f988cfca1702b5078cfafebcf6923e3,,2026-06-03T21:22:02+08:00,https://mxdzlk.com/monster/?page_num=22
6090004,monster,陆陆猫,,mxdzlk_monster,https://mxdzlk.com/monster/6090004/,https://static.mapleartale.com/images/mob/6090004.png,assets/monsters/raw/6090004.png,exists,,,2570,5a33acd5d2c1ced478155050b2cbc5158a98d5aae76158154c7e14c81d208576,,2026-06-03T21:22:02+08:00,https://mxdzlk.com/monster/?page_num=23
6110300,monster,哈闷,,mxdzlk_monster,https://mxdzlk.com/monster/6110300/,https://static.mapleartale.com/images/mob/6110300.png,assets/monsters/raw/6110300.png,exists,,,993,dfe066930aec2585e3775c1f6a2d82c79b67b4cebd566402562f8c3610b2c5cb,,2026-06-03T21:22:02+08:00,https://mxdzlk.com/monster/?page_num=23
6110301,monster,赛一特,,mxdzlk_monster,https://mxdzlk.com/monster/6110301/,https://static.mapleartale.com/images/mob/6110301.png,assets/monsters/raw/6110301.png,exists,,,3313,633f8eab214f55950bb0663952fd38b5b0af1c247b7f3fbb86ab346c3de9dcfb,,2026-06-03T21:22:02+08:00,https://mxdzlk.com/monster/?page_num=23
6130100,monster,赤龙,,mxdzlk_monster,https://mxdzlk.com/monster/6130100/,https://static.mapleartale.com/images/mob/6130100.png,assets/monsters/raw/6130100.png,exists,,,3457,918c3f4a54079c228c89136e89a9af6e9342950d7a159cc5092a42f8e9f544d5,,2026-06-03T21:22:02+08:00,https://mxdzlk.com/monster/?page_num=23
6130101,monster,蘑菇王,,mxdzlk_monster,https://mxdzlk.com/monster/6130101/,https://static.mapleartale.com/images/mob/6130101.png,assets/monsters/raw/6130101.png,exists,,,4343,307ff3aabaa26faadd6832639b7b7343ce368207eb027fb15a78a961fc7d98c9,,2026-06-03T21:22:02+08:00,https://mxdzlk.com/monster/?page_num=23
6130103,monster,企鹅王,,mxdzlk_monster,https://mxdzlk.com/monster/6130103/,https://static.mapleartale.com/images/mob/6130103.png,assets/monsters/raw/6130103.png,exists,,,1068,87676156f11f1ffee6ec064af0d2c869b0904547b405a7d86d50882a2669d63d,,2026-06-03T21:22:02+08:00,https://mxdzlk.com/monster/?page_num=23
6130104,monster,魔精灵,,mxdzlk_monster,https://mxdzlk.com/monster/6130104/,https://static.mapleartale.com/images/mob/6130104.png,assets/monsters/raw/6130104.png,exists,,,2222,97c805a5bb657e261449d073687441e1ce41108c0bfbacae4bd2b82f6be6a08b,,2026-06-03T21:22:02+08:00,https://mxdzlk.com/monster/?page_num=23
6130200,monster,黄小丑,,mxdzlk_monster,https://mxdzlk.com/monster/6130200/,https://static.mapleartale.com/images/mob/6130200.png,assets/monsters/raw/6130200.png,exists,,,3269,d6c4bfbf2664b31ac84f25f490360f57d89350d15e2dccee6b4b0decd7669afe,,2026-06-03T21:22:02+08:00,https://mxdzlk.com/monster/?page_num=23
6130201,monster,小鬼怪,,mxdzlk_monster,https://mxdzlk.com/monster/6130201/,https://static.mapleartale.com/images/mob/6130201.png,assets/monsters/raw/6130201.png,exists,,,613,d5d8c97c5fadc7b26fd30598641a16b379534651a4bbbbeebb82c872651fb0ba,,2026-06-03T21:22:02+08:00,https://mxdzlk.com/monster/?page_num=23
6130203,monster,柔道猫熊,,mxdzlk_monster,https://mxdzlk.com/monster/6130203/,https://static.mapleartale.com/images/mob/6130203.png,assets/monsters/raw/6130203.png,exists,,,2824,7ee2abcbcac76b3e6e365d05fd1b1613c159fd4ae5f24fdd52d30cc3700fdf13,,2026-06-03T21:22:02+08:00,https://mxdzlk.com/monster/?page_num=23
6130204,monster,鳄鳄,,mxdzlk_monster,https://mxdzlk.com/monster/6130204/,https://static.mapleartale.com/images/mob/6130204.png,assets/monsters/raw/6130204.png,exists,,,3805,0cbb8b3f858d1528ad44ff175beb3c10832fc2b15dc639af33dff5d59136c9c9,,2026-06-03T21:22:02+08:00,https://mxdzlk.com/monster/?page_num=24
6130207,monster,猿公,,mxdzlk_monster,https://mxdzlk.com/monster/6130207/,https://static.mapleartale.com/images/mob/6130207.png,assets/monsters/raw/6130207.png,exists,,,1918,83a6ff94944a3bca45bd30ca075e45ccd8b6b248f7b4666e8f92a37198131bcc,,2026-06-03T21:22:02+08:00,https://mxdzlk.com/monster/?page_num=24
6130208,monster,克鲁,,mxdzlk_monster,https://mxdzlk.com/monster/6130208/,https://static.mapleartale.com/images/mob/6130208.png,assets/monsters/raw/6130208.png,exists,,,3399,dc886d62e6db79070640d6d5c96ec2e613f360e09971340ae7c55372d0077ab0,,2026-06-03T21:22:02+08:00,https://mxdzlk.com/monster/?page_num=24
6130209,monster,妙仙,,mxdzlk_monster,https://mxdzlk.com/monster/6130209/,https://static.mapleartale.com/images/mob/6130209.png,assets/monsters/raw/6130209.png,exists,,,2656,40e143c76fc5481923c225ff9a196b4ffc19266a08af03441b6d5129442bd79f,,2026-06-03T21:22:02+08:00,https://mxdzlk.com/monster/?page_num=24
6220000,monster,多尔,,mxdzlk_monster,https://mxdzlk.com/monster/6220000/,https://static.mapleartale.com/images/mob/6220000.png,assets/monsters/raw/6220000.png,exists,,,7059,61984d85585c9e046e7eb22346988b7444585a531effbd5c43be8889a3cdef57,,2026-06-03T21:22:02+08:00,https://mxdzlk.com/monster/?page_num=24
6220001,monster,朱诺,,mxdzlk_monster,https://mxdzlk.com/monster/6220001/,https://static.mapleartale.com/images/mob/6220001.png,assets/monsters/raw/6220001.png,exists,,,5193,cc56f703ec604c616115ffaef10a4186f4e7a3d3c320419e80c95d9633b8edab,,2026-06-03T21:22:02+08:00,https://mxdzlk.com/monster/?page_num=24
6230100,monster,怪猫,,mxdzlk_monster,https://mxdzlk.com/monster/6230100/,https://static.mapleartale.com/images/mob/6230100.png,assets/monsters/raw/6230100.png,exists,,,3669,bd3f992970827afadfa5684e9b27608b4a31563765d5ef4173bebfcf3d62b91d,,2026-06-03T21:22:02+08:00,https://mxdzlk.com/monster/?page_num=24
6230200,monster,黑企鹅王,,mxdzlk_monster,https://mxdzlk.com/monster/6230200/,https://static.mapleartale.com/images/mob/6230200.png,assets/monsters/raw/6230200.png,exists,,,1047,f71cbb62a6bc99c9e4dd734a197f1e9f1f452c91b8246e5de044556c4014d4a4,,2026-06-03T21:22:02+08:00,https://mxdzlk.com/monster/?page_num=24
6230300,monster,红小丑,,mxdzlk_monster,https://mxdzlk.com/monster/6230300/,https://static.mapleartale.com/images/mob/6230300.png,assets/monsters/raw/6230300.png,exists,,,3221,8ebe1d34dc714fad647a0df4a66f83b7e8c7e875c351b29724ac4ea24f01cc3d,,2026-06-03T21:22:02+08:00,https://mxdzlk.com/monster/?page_num=24
6230400,monster,恶灵附身的娃娃,,mxdzlk_monster,https://mxdzlk.com/monster/6230400/,https://static.mapleartale.com/images/mob/6230400.png,assets/monsters/raw/6230400.png,exists,,,4665,6786198f39173a132b76bf87dcd2885a072d69d06f2a0a2a29cec880193fe530,,2026-06-03T21:22:02+08:00,https://mxdzlk.com/monster/?page_num=24
6230401,monster,黑色小飞狮,,mxdzlk_monster,https://mxdzlk.com/monster/6230401/,https://static.mapleartale.com/images/mob/6230401.png,assets/monsters/raw/6230401.png,exists,,,1156,91bd849f1ffef5136173b7a4dc3d74ccd878c05bf96330091455f6db8ad6852f,,2026-06-03T21:22:02+08:00,https://mxdzlk.com/monster/?page_num=25
6230500,monster,大恶灵附身的娃娃,,mxdzlk_monster,https://mxdzlk.com/monster/6230500/,https://static.mapleartale.com/images/mob/6230500.png,assets/monsters/raw/6230500.png,exists,,,9029,3549e9893ebd3452ad7c73ec914bb2a1c1b8da64c90afc5a24411f2e1c2fbc6c,,2026-06-03T21:22:02+08:00,https://mxdzlk.com/monster/?page_num=25
6230600,monster,冰龙,,mxdzlk_monster,https://mxdzlk.com/monster/6230600/,https://static.mapleartale.com/images/mob/6230600.png,assets/monsters/raw/6230600.png,exists,,,3666,b135cf6937910d0839c5cd5ad71271cdc2a0e4116132b58d8d93c29e5d241104,,2026-06-03T21:22:02+08:00,https://mxdzlk.com/monster/?page_num=25
6230601,monster,黑恐龙,,mxdzlk_monster,https://mxdzlk.com/monster/6230601/,https://static.mapleartale.com/images/mob/6230601.png,assets/monsters/raw/6230601.png,exists,,,3714,76b0fb403dd0c6aa7fa49f7b7c63860ab4ed07e525e3076df1e65a57167dfa84,,2026-06-03T21:22:02+08:00,https://mxdzlk.com/monster/?page_num=25
6230602,monster,骷髅士官,,mxdzlk_monster,https://mxdzlk.com/monster/6230602/,https://static.mapleartale.com/images/mob/6230602.png,assets/monsters/raw/6230602.png,exists,,,2828,37a557791801eaf1e3b0b842e159e39bc082b4eaa11f8dcaec40cc175f2c9358,,2026-06-03T21:22:02+08:00,https://mxdzlk.com/monster/?page_num=25
6300000,monster,白雪人,,mxdzlk_monster,https://mxdzlk.com/monster/6300000/,https://static.mapleartale.com/images/mob/6300000.png,assets/monsters/raw/6300000.png,exists,,,3625,ab1f1a01f955215bde2729d790ab6e69e5f42ca3b1cc0d06b495912ed44889f8,,2026-06-03T21:22:02+08:00,https://mxdzlk.com/monster/?page_num=25
6300003,monster,石像鬼将,,mxdzlk_monster,https://mxdzlk.com/monster/6300003/,https://static.mapleartale.com/images/mob/6300003.png,assets/monsters/raw/6300003.png,exists,,,11395,0e45234142924804972cbd0f17d602de350dd6d7c78275c1a034739ae4d14d5c,,2026-06-03T21:22:02+08:00,https://mxdzlk.com/monster/?page_num=25
6300004,monster,帕兹,,mxdzlk_monster,https://mxdzlk.com/monster/6300004/,https://static.mapleartale.com/images/mob/6300004.png,assets/monsters/raw/6300004.png,exists,,,5497,593a766722fc086a8d5ebeb0f9f4ba743f36489800410a7eaed95074d4507dc3,,2026-06-03T21:22:02+08:00,https://mxdzlk.com/monster/?page_num=25
6300005,monster,僵尸蘑菇王,,mxdzlk_monster,https://mxdzlk.com/monster/6300005/,https://static.mapleartale.com/images/mob/6300005.png,assets/monsters/raw/6300005.png,exists,,,3899,999f660c8ffbf50e3eef407ec25a2fdd0259aaae8e3dc1c26279a6a54becf987,,2026-06-03T21:22:02+08:00,https://mxdzlk.com/monster/?page_num=25
6300100,monster,时之鬼兵,,mxdzlk_monster,https://mxdzlk.com/monster/6300100/,https://static.mapleartale.com/images/mob/6300100.png,assets/monsters/raw/6300100.png,exists,,,5881,3fb22648a0bda1a97470215096bf6f8fc8d0f209c6d46cebafac4f5a5e75b09e,,2026-06-03T21:22:02+08:00,https://mxdzlk.com/monster/?page_num=25
6400000,monster,黑雪人,,mxdzlk_monster,https://mxdzlk.com/monster/6400000/,https://static.mapleartale.com/images/mob/6400000.png,assets/monsters/raw/6400000.png,exists,,,3649,5cb2e6f4a12a179af5fc4a4d1fd0975f2ae2acd6f1327b9aaa69f6476aa4b481,,2026-06-03T21:22:02+08:00,https://mxdzlk.com/monster/?page_num=26
6400003,monster,石像鬼王,,mxdzlk_monster,https://mxdzlk.com/monster/6400003/,https://static.mapleartale.com/images/mob/6400003.png,assets/monsters/raw/6400003.png,exists,,,13811,1eababd54f9faf3ad1ebabb26ffb0e0b15f1d9b119e1a3cdbee5c2d687fb32bb,,2026-06-03T21:22:02+08:00,https://mxdzlk.com/monster/?page_num=26
6400004,monster,帕兹王,,mxdzlk_monster,https://mxdzlk.com/monster/6400004/,https://static.mapleartale.com/images/mob/6400004.png,assets/monsters/raw/6400004.png,exists,,,17426,110a124bd71a6ccb4040163a5b1ac81f05f0315e15aad7eed336c3e36368db0f,,2026-06-03T21:22:02+08:00,https://mxdzlk.com/monster/?page_num=26
6400100,monster,时之鬼将,,mxdzlk_monster,https://mxdzlk.com/monster/6400100/,https://static.mapleartale.com/images/mob/6400100.png,assets/monsters/raw/6400100.png,exists,,,5885,4ce0df965d7a27457e23a7166622583c37084d73591e255d8214b21adc642493,,2026-06-03T21:22:02+08:00,https://mxdzlk.com/monster/?page_num=26
7090000,monster,自动警备系统,,mxdzlk_monster,https://mxdzlk.com/monster/7090000/,https://static.mapleartale.com/images/mob/7090000.png,assets/monsters/raw/7090000.png,exists,,,5324,7b644277daef31b81c2fd1a1c052dc540cdd37ab290e6b52b1052d8a87985b0e,,2026-06-03T21:22:02+08:00,https://mxdzlk.com/monster/?page_num=26
7110300,monster,D．洛伊,,mxdzlk_monster,https://mxdzlk.com/monster/7110300/,https://static.mapleartale.com/images/mob/7110300.png,assets/monsters/raw/7110300.png,exists,,,6935,bc5d43cf32f67d968f59b5c29d06c145216a85add51cccab424bbc251ee40031,,2026-06-03T21:22:02+08:00,https://mxdzlk.com/monster/?page_num=26
7110301,monster,哈闷气球,,mxdzlk_monster,https://mxdzlk.com/monster/7110301/,https://static.mapleartale.com/images/mob/7110301.png,assets/monsters/raw/7110301.png,exists,,,2154,19887dcb1be485fc8febdf6770405a8b4249cd0cf755064557326fd52bc33efc,,2026-06-03T21:22:02+08:00,https://mxdzlk.com/monster/?page_num=26
7130000,monster,黑色飞狮,,mxdzlk_monster,https://mxdzlk.com/monster/7130000/,https://static.mapleartale.com/images/mob/7130000.png,assets/monsters/raw/7130000.png,exists,,,1752,84debec73e66a562081729e61353ac93c6b0c235db477b5ce90edd7df3892fd8,,2026-06-03T21:22:02+08:00,https://mxdzlk.com/monster/?page_num=26
7130001,monster,猎犬,,mxdzlk_monster,https://mxdzlk.com/monster/7130001/,https://static.mapleartale.com/images/mob/7130001.png,assets/monsters/raw/7130001.png,exists,,,3259,5552ba2dc104229b8b0d856f720445231b8eb1129334ff1ca2398a9ce8f60bd8,,2026-06-03T21:22:03+08:00,https://mxdzlk.com/monster/?page_num=26
7130002,monster,橡木甲虫,,mxdzlk_monster,https://mxdzlk.com/monster/7130002/,https://static.mapleartale.com/images/mob/7130002.png,assets/monsters/raw/7130002.png,exists,,,1880,d3acc93a889b5bd26d176e77477edb7d30c3191649271821e1309531bfc3e443,,2026-06-03T21:22:03+08:00,https://mxdzlk.com/monster/?page_num=26
7130003,monster,金属甲虫,,mxdzlk_monster,https://mxdzlk.com/monster/7130003/,https://static.mapleartale.com/images/mob/7130003.png,assets/monsters/raw/7130003.png,exists,,,2023,0aa202afdd8ec5a09dd8b17018ddb930faa0da714aa9dcf61b6238c31517acc8,,2026-06-03T21:22:03+08:00,https://mxdzlk.com/monster/?page_num=27
7130004,monster,变种侏儒怪,,mxdzlk_monster,https://mxdzlk.com/monster/7130004/,https://static.mapleartale.com/images/mob/7130004.png,assets/monsters/raw/7130004.png,exists,,,2975,aa62b8d0d468f15d1ccf5d7a7ad8d97ff75cadccf04c751cd9ca31b245d8a088,,2026-06-03T21:22:03+08:00,https://mxdzlk.com/monster/?page_num=27
7130010,monster,死灵,,mxdzlk_monster,https://mxdzlk.com/monster/7130010/,https://static.mapleartale.com/images/mob/7130010.png,assets/monsters/raw/7130010.png,exists,,,9626,f4d9cbeb76a9ab60bb69efce4f9dbdb0a2f51fed6e0b086df5f20630eee9fb14,,2026-06-03T21:22:03+08:00,https://mxdzlk.com/monster/?page_num=27
7130100,monster,月牙牛魔王,,mxdzlk_monster,https://mxdzlk.com/monster/7130100/,https://static.mapleartale.com/images/mob/7130100.png,assets/monsters/raw/7130100.png,exists,,,5765,357fbfe50ddcfa6deb8a7214612929a88fd34b5016cee180055337217440ebce,,2026-06-03T21:22:03+08:00,https://mxdzlk.com/monster/?page_num=27
7130101,monster,长枪牛魔王,,mxdzlk_monster,https://mxdzlk.com/monster/7130101/,https://static.mapleartale.com/images/mob/7130101.png,assets/monsters/raw/7130101.png,exists,,,5634,07cdb6a006c931f8dec8c19918d222773e3fb3743d2ebba9e585636cf936435f,,2026-06-03T21:22:03+08:00,https://mxdzlk.com/monster/?page_num=27
7130102,monster,企鹅王与白雪人,,mxdzlk_monster,https://mxdzlk.com/monster/7130102/,https://static.mapleartale.com/images/mob/7130102.png,assets/monsters/raw/7130102.png,exists,,,5250,a25e4c762c6ab753abfc310c9cafb33b359fddc2b63af0227fd336c028cbab9e,,2026-06-03T21:22:03+08:00,https://mxdzlk.com/monster/?page_num=27
7130103,monster,骷髅指挥官,,mxdzlk_monster,https://mxdzlk.com/monster/7130103/,https://static.mapleartale.com/images/mob/7130103.png,assets/monsters/raw/7130103.png,exists,,,5193,8d4f24cc3921cd644c5a9f6c388b745000c583be749e7c88cc2eca94b4823121,,2026-06-03T21:22:03+08:00,https://mxdzlk.com/monster/?page_num=27
7130104,monster,凯丁,,mxdzlk_monster,https://mxdzlk.com/monster/7130104/,https://static.mapleartale.com/images/mob/7130104.png,assets/monsters/raw/7130104.png,exists,,,3752,a6c678b1bbff046691244f1f7dec83b996de437385e7d23ca8a15a7480567267,,2026-06-03T21:22:03+08:00,https://mxdzlk.com/monster/?page_num=27
7130200,monster,狼人,,mxdzlk_monster,https://mxdzlk.com/monster/7130200/,https://static.mapleartale.com/images/mob/7130200.png,assets/monsters/raw/7130200.png,exists,,,6344,2501d9d3610cec4c968985eae422d26b125a91f305a1b8f083f615fa6ae6787f,,2026-06-03T21:22:03+08:00,https://mxdzlk.com/monster/?page_num=27
7130300,monster,死灵王,,mxdzlk_monster,https://mxdzlk.com/monster/7130300/,https://static.mapleartale.com/images/mob/7130300.png,assets/monsters/raw/7130300.png,exists,,,11394,5dcd3165bef580d2ceda09744eb5d6cd1484b98929d44e361b6dec9ed7e4e08f,,2026-06-03T21:22:03+08:00,https://mxdzlk.com/monster/?page_num=27
7130400,monster,黄色鬼怪,,mxdzlk_monster,https://mxdzlk.com/monster/7130400/,https://static.mapleartale.com/images/mob/7130400.png,assets/monsters/raw/7130400.png,exists,,,6846,ca4998a99386f9b937fe78edb28cc783904fcd36fcbf21eca8808033e58931ae,,2026-06-03T21:22:03+08:00,https://mxdzlk.com/monster/?page_num=28
7130401,monster,蓝色鬼怪,,mxdzlk_monster,https://mxdzlk.com/monster/7130401/,https://static.mapleartale.com/images/mob/7130401.png,assets/monsters/raw/7130401.png,exists,,,6725,7532fc66cbbcd015a44118246c24bc9c0d58643728d630e7e76ba9c959aa1e05,,2026-06-03T21:22:03+08:00,https://mxdzlk.com/monster/?page_num=28
7130402,monster,绿色鬼怪,,mxdzlk_monster,https://mxdzlk.com/monster/7130402/,https://static.mapleartale.com/images/mob/7130402.png,assets/monsters/raw/7130402.png,exists,,,6722,f6c2aef2c244f71510fe6f8899eb9494f055edfc3230374f56d4eaad8dce88c8,,2026-06-03T21:22:03+08:00,https://mxdzlk.com/monster/?page_num=28
7130500,monster,莱西,,mxdzlk_monster,https://mxdzlk.com/monster/7130500/,https://static.mapleartale.com/images/mob/7130500.png,assets/monsters/raw/7130500.png,exists,,,1253,f8b181e39f0a9b23332cbc29216d80aeca207fa8d6d73fc645361853b4f8350d,,2026-06-03T21:22:03+08:00,https://mxdzlk.com/monster/?page_num=28
7130501,monster,黑暗莱西,,mxdzlk_monster,https://mxdzlk.com/monster/7130501/,https://static.mapleartale.com/images/mob/7130501.png,assets/monsters/raw/7130501.png,exists,,,1230,5374ebd496738cff3fcc0b6a823f04ab81984fdfaf7e663012c1743987dc6070,,2026-06-03T21:22:03+08:00,https://mxdzlk.com/monster/?page_num=28
7130600,monster,侏儒怪,,mxdzlk_monster,https://mxdzlk.com/monster/7130600/,https://static.mapleartale.com/images/mob/7130600.png,assets/monsters/raw/7130600.png,exists,,,2110,687e388d3f5cd60ab7d7a9f2a2fc2a59396522cd993083d6e9c78794f3a3a38e,,2026-06-03T21:22:03+08:00,https://mxdzlk.com/monster/?page_num=28
7130601,monster,邪恶侏儒怪,,mxdzlk_monster,https://mxdzlk.com/monster/7130601/,https://static.mapleartale.com/images/mob/7130601.png,assets/monsters/raw/7130601.png,exists,,,2130,67e9ae820b226bd148e2f951b46f71b5e03ee1fe683bf5a8d348c43571464a01,,2026-06-03T21:22:03+08:00,https://mxdzlk.com/monster/?page_num=28
7140000,monster,蓝帽海贼,,mxdzlk_monster,https://mxdzlk.com/monster/7140000/,https://static.mapleartale.com/images/mob/7140000.png,assets/monsters/raw/7140000.png,exists,,,11001,94135fb67e3fc49b63daa5154443a93dc274efe8a874f59fec814a53aa7b83b8,,2026-06-03T21:22:03+08:00,https://mxdzlk.com/monster/?page_num=28
7160000,monster,绿帽海贼,,mxdzlk_monster,https://mxdzlk.com/monster/7160000/,https://static.mapleartale.com/images/mob/7160000.png,assets/monsters/raw/7160000.png,exists,,,12086,3e1a1f6c517f0f30674fba0da8214c39f683a3a8dd149d296a9a9ddf7b83193e,,2026-06-03T21:22:03+08:00,https://mxdzlk.com/monster/?page_num=28
7220000,monster,肯德熊,,mxdzlk_monster,https://mxdzlk.com/monster/7220000/,https://static.mapleartale.com/images/mob/7220000.png,assets/monsters/raw/7220000.png,exists,,,8415,1e1417964d9e1457691a76030eb69a6e7485acdf87d0c01ca89b6fe1725178e3,,2026-06-03T21:22:03+08:00,https://mxdzlk.com/monster/?page_num=28
7220001,monster,九尾狐,,mxdzlk_monster,https://mxdzlk.com/monster/7220001/,https://static.mapleartale.com/images/mob/7220001.png,assets/monsters/raw/7220001.png,exists,,,7282,7d683598023a2824c753d7030b084e9f8fd7364cdba9a3197c7cf77d81eac1e3,,2026-06-03T21:22:03+08:00,https://mxdzlk.com/monster/?page_num=29
7220002,monster,妖怪禅师,,mxdzlk_monster,https://mxdzlk.com/monster/7220002/,https://static.mapleartale.com/images/mob/7220002.png,assets/monsters/raw/7220002.png,exists,,,9699,cf5703506d28a7af190fe6d86e3b90e4b51cd06863c07a5d299e0cee272f1d93,,2026-06-03T21:22:03+08:00,https://mxdzlk.com/monster/?page_num=29
8090000,monster,迪特和罗伊,,mxdzlk_monster,https://mxdzlk.com/monster/8090000/,https://static.mapleartale.com/images/mob/8090000.png,assets/monsters/raw/8090000.png,exists,,,5582,c57abd4e565b40d94151e4b2b069ea33ff9141ab0ac6bb41175037a153fdb091,,2026-06-03T21:22:03+08:00,https://mxdzlk.com/monster/?page_num=29
8110300,monster,变态哈闷,,mxdzlk_monster,https://mxdzlk.com/monster/8110300/,https://static.mapleartale.com/images/mob/8110300.png,assets/monsters/raw/8110300.png,exists,,,3430,00dd6cd05a3f06caf9ee668e5a610c79cbc6cbebe966443e07fa9fb85782c51c,,2026-06-03T21:22:03+08:00,https://mxdzlk.com/monster/?page_num=29
8130100,monster,蝙蝠怪,,mxdzlk_monster,https://mxdzlk.com/monster/8130100/,https://static.mapleartale.com/images/mob/8130100.png,assets/monsters/raw/8130100.png,exists,,,6956,f55fc2ed3f3edb690f02428196eae92ca3ddf64258dcbc4b196779511b9c9912,,2026-06-03T21:22:03+08:00,https://mxdzlk.com/monster/?page_num=29
8140000,monster,白狼人,,mxdzlk_monster,https://mxdzlk.com/monster/8140000/,https://static.mapleartale.com/images/mob/8140000.png,assets/monsters/raw/8140000.png,exists,,,6340,4ed9050c57347762b718b9ef14382120240179ce0643fe72be8b4e21a7ef5491,,2026-06-03T21:22:03+08:00,https://mxdzlk.com/monster/?page_num=29
8140001,monster,哈维,,mxdzlk_monster,https://mxdzlk.com/monster/8140001/,https://static.mapleartale.com/images/mob/8140001.png,assets/monsters/raw/8140001.png,exists,,,2312,a3c273342ec7f44f80e957963bd115e5d2c4f9167264f032704c567e200fc15e,,2026-06-03T21:22:03+08:00,https://mxdzlk.com/monster/?page_num=29
8140002,monster,血腥哈维,,mxdzlk_monster,https://mxdzlk.com/monster/8140002/,https://static.mapleartale.com/images/mob/8140002.png,assets/monsters/raw/8140002.png,exists,,,2228,02751a7f58878f4970c4066c0fe3e892008f657849a37c73bb1932092b35e8c2,,2026-06-03T21:22:03+08:00,https://mxdzlk.com/monster/?page_num=29
8140100,monster,企鹅王与黑雪人,,mxdzlk_monster,https://mxdzlk.com/monster/8140100/,https://static.mapleartale.com/images/mob/8140100.png,assets/monsters/raw/8140100.png,exists,,,5252,09cdcd2fc3a3e302a3f9e0e0c6bc25ef8efc8a8f15fa6ee34e9e8bb844f361c9,,2026-06-03T21:22:03+08:00,https://mxdzlk.com/monster/?page_num=29
8140101,monster,暗黑半人马,,mxdzlk_monster,https://mxdzlk.com/monster/8140101/,https://static.mapleartale.com/images/mob/8140101.png,assets/monsters/raw/8140101.png,exists,,,4219,c96a4b12716d993edc936b153c62a39ff1a1d695e2b7dc4a319f83b44eed408e,,2026-06-03T21:22:03+08:00,https://mxdzlk.com/monster/?page_num=29
8140102,monster,火焰半人马,,mxdzlk_monster,https://mxdzlk.com/monster/8140102/,https://static.mapleartale.com/images/mob/8140102.png,assets/monsters/raw/8140102.png,exists,,,3793,6f0771263c683e56a15add6ded7dd3543ac00afa03d9e51be0a298a978ac14e6,,2026-06-03T21:22:03+08:00,https://mxdzlk.com/monster/?page_num=30
8140103,monster,寒冰半人马,,mxdzlk_monster,https://mxdzlk.com/monster/8140103/,https://static.mapleartale.com/images/mob/8140103.png,assets/monsters/raw/8140103.png,exists,,,3889,bbf4848634c8f9973c688bf32b12629b03312252bd4121c19a0ccfe19209e37a,,2026-06-03T21:22:03+08:00,https://mxdzlk.com/monster/?page_num=30
8140110,monster,邪恶绵羊,,mxdzlk_monster,https://mxdzlk.com/monster/8140110/,https://static.mapleartale.com/images/mob/8140110.png,assets/monsters/raw/8140110.png,exists,,,1929,ae032d2a1c3ba4ebee97a374d8aed11f04e5019d7dad5d02d9831d529fb7bbd2,,2026-06-03T21:22:03+08:00,https://mxdzlk.com/monster/?page_num=30
8140111,monster,恶魔绵羊,,mxdzlk_monster,https://mxdzlk.com/monster/8140111/,https://static.mapleartale.com/images/mob/8140111.png,assets/monsters/raw/8140111.png,exists,,,2129,27b307ac556fba56d19a6aa6c74b55205562fd5677a150dad6a8381939ff2014,,2026-06-03T21:22:03+08:00,https://mxdzlk.com/monster/?page_num=30
8140200,monster,大立钟,,mxdzlk_monster,https://mxdzlk.com/monster/8140200/,https://static.mapleartale.com/images/mob/8140200.png,assets/monsters/raw/8140200.png,exists,,,6147,512f7f804de2d2ca5ccd238286621a9631f2171af8a433cdd6bbc07006b62b13,,2026-06-03T21:22:03+08:00,https://mxdzlk.com/monster/?page_num=30
8140300,monster,高级大立钟,,mxdzlk_monster,https://mxdzlk.com/monster/8140300/,https://static.mapleartale.com/images/mob/8140300.png,assets/monsters/raw/8140300.png,exists,,,6831,1131fdd5b471f7a7d33b72671ad10242b43b38d0136f33092f9659a6bcce410f,,2026-06-03T21:22:03+08:00,https://mxdzlk.com/monster/?page_num=30
8140500,monster,火焰猎犬,,mxdzlk_monster,https://mxdzlk.com/monster/8140500/,https://static.mapleartale.com/images/mob/8140500.png,assets/monsters/raw/8140500.png,exists,,,6045,244a20675e5eaa6a97bce1f3351d2facfe7cbe37bbe2785203bbe2b99e4d6e7b,,2026-06-03T21:22:03+08:00,https://mxdzlk.com/monster/?page_num=30
8140555,monster,刺鳍鱼之屋,,mxdzlk_monster,https://mxdzlk.com/monster/8140555/,https://static.mapleartale.com/images/mob/8140555.png,assets/monsters/raw/8140555.png,exists,,,5661,e5b341f3f2e8a71c00a12a301931f935a62841e85ecfd18b4948d3fa984695e3,,2026-06-03T21:22:03+08:00,https://mxdzlk.com/monster/?page_num=30
8140600,monster,骨骸鱼,,mxdzlk_monster,https://mxdzlk.com/monster/8140600/,https://static.mapleartale.com/images/mob/8140600.png,assets/monsters/raw/8140600.png,exists,,,2139,b91e9158c7bb30ef972f9960dbaa60eaee151e67802bfa4e1524b39338b6ddeb,,2026-06-03T21:22:03+08:00,https://mxdzlk.com/monster/?page_num=30
8140700,monster,蓝海龟龙,,mxdzlk_monster,https://mxdzlk.com/monster/8140700/,https://static.mapleartale.com/images/mob/8140700.png,assets/monsters/raw/8140700.png,exists,,,5541,efb20185668f1c81460a92887a75131f50779b4e2affa2569d7758552a8e2927,,2026-06-03T21:22:03+08:00,https://mxdzlk.com/monster/?page_num=30
8140701,monster,红海龟龙,,mxdzlk_monster,https://mxdzlk.com/monster/8140701/,https://static.mapleartale.com/images/mob/8140701.png,assets/monsters/raw/8140701.png,exists,,,6533,b1fe4f4f98717300450c143931adfb129bd29ec244d408bcd29bb839c7bbbcac,,2026-06-03T21:22:03+08:00,https://mxdzlk.com/monster/?page_num=31
8140702,monster,犀牛龙,,mxdzlk_monster,https://mxdzlk.com/monster/8140702/,https://static.mapleartale.com/images/mob/8140702.png,assets/monsters/raw/8140702.png,exists,,,7358,926d35f2acaa59561bfeacbe35689b44fa5aa8d3c68e87d3da1ee34662436991,,2026-06-03T21:22:03+08:00,https://mxdzlk.com/monster/?page_num=31
8140703,monster,犀牛龙怪,,mxdzlk_monster,https://mxdzlk.com/monster/8140703/,https://static.mapleartale.com/images/mob/8140703.png,assets/monsters/raw/8140703.png,exists,,,8229,6a7909dadb9e5602220e9b21adfd6c715536a8747ac80f55fb8850f8ebc93fde,,2026-06-03T21:22:03+08:00,https://mxdzlk.com/monster/?page_num=31
8141000,monster,大海贼,,mxdzlk_monster,https://mxdzlk.com/monster/8141000/,https://static.mapleartale.com/images/mob/8141000.png,assets/monsters/raw/8141000.png,exists,,,17489,11bc3df105c905aa20a6a982bb49317260493aec442ada3076e0f189e046f4ca,,2026-06-03T21:22:03+08:00,https://mxdzlk.com/monster/?page_num=31
8141100,monster,大海贼王,,mxdzlk_monster,https://mxdzlk.com/monster/8141100/,https://static.mapleartale.com/images/mob/8141100.png,assets/monsters/raw/8141100.png,exists,,,22658,94033af5071a7da40b993992eb9b8bc156751dbcd13a08400c7cb89073a5028a,,2026-06-03T21:22:03+08:00,https://mxdzlk.com/monster/?page_num=31
8141300,monster,乌贼怪,,mxdzlk_monster,https://mxdzlk.com/monster/8141300/,https://static.mapleartale.com/images/mob/8141300.png,assets/monsters/raw/8141300.png,exists,,,2580,4056f45157ec55d87546acfe9875d41a6567ab08aacae086d8a24951e78bf567,,2026-06-03T21:22:03+08:00,https://mxdzlk.com/monster/?page_num=31
8142000,monster,时之鬼爵,,mxdzlk_monster,https://mxdzlk.com/monster/8142000/,https://static.mapleartale.com/images/mob/8142000.png,assets/monsters/raw/8142000.png,exists,,,8919,da0710948770cf768bcefa815925e4d086db0cefae583e9e31a38565588f8d7f,,2026-06-03T21:22:03+08:00,https://mxdzlk.com/monster/?page_num=31
8142100,monster,致命乌贼怪,,mxdzlk_monster,https://mxdzlk.com/monster/8142100/,https://static.mapleartale.com/images/mob/8142100.png,assets/monsters/raw/8142100.png,exists,,,3137,de5f6b2b982610c6835402c8c6bb7429a6dcd3ad8de06e8a5b434b4a8b04fa50,,2026-06-03T21:22:03+08:00,https://mxdzlk.com/monster/?page_num=31
8143000,monster,时之鬼王,,mxdzlk_monster,https://mxdzlk.com/monster/8143000/,https://static.mapleartale.com/images/mob/8143000.png,assets/monsters/raw/8143000.png,exists,,,9808,0a1d33967dea582cc0b2ff790e5eb13f6691b64d33699682d71e8bd9c45d24c3,,2026-06-03T21:22:03+08:00,https://mxdzlk.com/monster/?page_num=31
8150000,monster,蝙蝠魔,,mxdzlk_monster,https://mxdzlk.com/monster/8150000/,https://static.mapleartale.com/images/mob/8150000.png,assets/monsters/raw/8150000.png,exists,,,10377,f9ba6137d004cdd7a3008979c860372e8e701075c6180670c026803ebc2910e2,,2026-06-03T21:22:03+08:00,https://mxdzlk.com/monster/?page_num=31
8150100,monster,鲨鱼,,mxdzlk_monster,https://mxdzlk.com/monster/8150100/,https://static.mapleartale.com/images/mob/8150100.png,assets/monsters/raw/8150100.png,exists,,,2854,5b8be690ae01e0dca60a4b71506b285b54f986f4e07a3ed0755c6fb75c98b8e5,,2026-06-03T21:22:04+08:00,https://mxdzlk.com/monster/?page_num=32
8150101,monster,尖鼻鲨鱼,,mxdzlk_monster,https://mxdzlk.com/monster/8150101/,https://static.mapleartale.com/images/mob/8150101.png,assets/monsters/raw/8150101.png,exists,,,3245,c751d265b2dbd05f82fcf6e0198b722e1f6309bb77fea8a0e16217209dd7e6c4,,2026-06-03T21:22:04+08:00,https://mxdzlk.com/monster/?page_num=32
8150200,monster,邪恶短刃蜥蜴,,mxdzlk_monster,https://mxdzlk.com/monster/8150200/,https://static.mapleartale.com/images/mob/8150200.png,assets/monsters/raw/8150200.png,exists,,,5589,978a3011089060e89158a7775c52d378f2260c5d8733ac6b84a514bb542dfb95,,2026-06-03T21:22:04+08:00,https://mxdzlk.com/monster/?page_num=32
8150201,monster,邪恶双刀蜥蜴,,mxdzlk_monster,https://mxdzlk.com/monster/8150201/,https://static.mapleartale.com/images/mob/8150201.png,assets/monsters/raw/8150201.png,exists,,,6218,275b10f6b0d5c26483a9afdac5c5ade7cf778cca3f9045abfebf9b1ec83ab8e7,,2026-06-03T21:22:04+08:00,https://mxdzlk.com/monster/?page_num=32
8150300,monster,红飞龙,,mxdzlk_monster,https://mxdzlk.com/monster/8150300/,https://static.mapleartale.com/images/mob/8150300.png,assets/monsters/raw/8150300.png,exists,,,6071,0c9584dd2ea91dffbfb3817635b4eeaddbc06dad5545f61b5cf8c3b665279b2b,,2026-06-03T21:22:04+08:00,https://mxdzlk.com/monster/?page_num=32
8150301,monster,蓝飞龙,,mxdzlk_monster,https://mxdzlk.com/monster/8150301/,https://static.mapleartale.com/images/mob/8150301.png,assets/monsters/raw/8150301.png,exists,,,6338,f67134ae31d61ac4cb769e10d21ff3387e525078a958b6602fcdcd7b04f68e46,,2026-06-03T21:22:04+08:00,https://mxdzlk.com/monster/?page_num=32
8150302,monster,黑飞龙,,mxdzlk_monster,https://mxdzlk.com/monster/8150302/,https://static.mapleartale.com/images/mob/8150302.png,assets/monsters/raw/8150302.png,exists,,,6482,2911465bfdc0ab2875b8fe6fe1cd243c631f59f7083f15e9b3076e0ef5b70b0d,,2026-06-03T21:22:04+08:00,https://mxdzlk.com/monster/?page_num=32
8160000,monster,时间门神,,mxdzlk_monster,https://mxdzlk.com/monster/8160000/,https://static.mapleartale.com/images/mob/8160000.png,assets/monsters/raw/8160000.png,exists,,,20210,c24bf34b26486c8c7451a13d9321f44759552f03c53c8cc7371d3c2bdf45a5a6,,2026-06-03T21:22:04+08:00,https://mxdzlk.com/monster/?page_num=32
8170000,monster,黑甲凶灵,,mxdzlk_monster,https://mxdzlk.com/monster/8170000/,https://static.mapleartale.com/images/mob/8170000.png,assets/monsters/raw/8170000.png,exists,,,20145,bdea60490b522f4e1c405b58b540959df4f25bcc71287e56a7688f5869be991c,,2026-06-03T21:22:04+08:00,https://mxdzlk.com/monster/?page_num=32
8180000,monster,火焰龙,,mxdzlk_monster,https://mxdzlk.com/monster/8180000/,https://static.mapleartale.com/images/mob/8180000.png,assets/monsters/raw/8180000.png,exists,,,12243,da0f411b32e3de98c08037d41d1a19f8318702529dc947cb269d99bd658c1b87,,2026-06-03T21:22:04+08:00,https://mxdzlk.com/monster/?page_num=32
8180001,monster,天鹰,,mxdzlk_monster,https://mxdzlk.com/monster/8180001/,https://static.mapleartale.com/images/mob/8180001.png,assets/monsters/raw/8180001.png,exists,,,9404,c910223692b5de993de10a927324f7606d33ca40105775f0939f02a6a5468bba,,2026-06-03T21:22:04+08:00,https://mxdzlk.com/monster/?page_num=33
8190000,monster,小蜥蜴,,mxdzlk_monster,https://mxdzlk.com/monster/8190000/,https://static.mapleartale.com/images/mob/8190000.png,assets/monsters/raw/8190000.png,exists,,,3124,70eed644bf5c90806f732d379e12c531b3b27d0b25a7e718d12739ce9fa2b752,,2026-06-03T21:22:04+08:00,https://mxdzlk.com/monster/?page_num=33
8190001,monster,变种小蜥蜴,,mxdzlk_monster,https://mxdzlk.com/monster/8190001/,https://static.mapleartale.com/images/mob/8190001.png,assets/monsters/raw/8190001.png,exists,,,3124,70eed644bf5c90806f732d379e12c531b3b27d0b25a7e718d12739ce9fa2b752,,2026-06-03T21:22:04+08:00,https://mxdzlk.com/monster/?page_num=33
8190003,monster,骷髅龙,,mxdzlk_monster,https://mxdzlk.com/monster/8190003/,https://static.mapleartale.com/images/mob/8190003.png,assets/monsters/raw/8190003.png,exists,,,3884,36249a033c02f935296759f4ff18dad3b5020d86f027ade2b6325daf13ed8920,,2026-06-03T21:22:04+08:00,https://mxdzlk.com/monster/?page_num=33
8190004,monster,老骷髅龙,,mxdzlk_monster,https://mxdzlk.com/monster/8190004/,https://static.mapleartale.com/images/mob/8190004.png,assets/monsters/raw/8190004.png,exists,,,3838,69f4ff94f98774ad273d1fa86fa060f2eb61a068a9fa2fcc77c34a85ada396f9,,2026-06-03T21:22:04+08:00,https://mxdzlk.com/monster/?page_num=33
8190005,monster,泥人妖,,mxdzlk_monster,https://mxdzlk.com/monster/8190005/,https://static.mapleartale.com/images/mob/8190005.png,assets/monsters/raw/8190005.png,exists,,,6361,2deebf34d932cf7fbfb80af133571f0e8d021bc381df579e30c82b7b650475e1,,2026-06-03T21:22:04+08:00,https://mxdzlk.com/monster/?page_num=33
8200000,monster,时间之眼,,mxdzlk_monster,https://mxdzlk.com/monster/8200000/,https://static.mapleartale.com/images/mob/8200000.png,assets/monsters/raw/8200000.png,exists,,,1709,c15ef2a75cda4388a9ee16b7a8f991d4f7f17c44324c7af25d8a3a43634f6230,,2026-06-03T21:22:04+08:00,https://mxdzlk.com/monster/?page_num=33
8200001,monster,追忆的祭司,,mxdzlk_monster,https://mxdzlk.com/monster/8200001/,https://static.mapleartale.com/images/mob/8200001.png,assets/monsters/raw/8200001.png,exists,,,3518,e635e2cfed69e20f381606e7b1691944cf84ea51993a04c3e251d5ff691c3e9e,,2026-06-03T21:22:04+08:00,https://mxdzlk.com/monster/?page_num=33
8200002,monster,追忆的神官,,mxdzlk_monster,https://mxdzlk.com/monster/8200002/,https://static.mapleartale.com/images/mob/8200002.png,assets/monsters/raw/8200002.png,exists,,,5731,6b6ab6b499d266d68e513d27d0b0838296c52f60e82350d740ba6d610ea7f178,,2026-06-03T21:22:04+08:00,https://mxdzlk.com/monster/?page_num=33
8200003,monster,追忆的守护兵,,mxdzlk_monster,https://mxdzlk.com/monster/8200003/,https://static.mapleartale.com/images/mob/8200003.png,assets/monsters/raw/8200003.png,exists,,,7042,6a48ae5d544b95f76ca606ecc4cad78bda031a1c43f83032df4a025b1d16374c,,2026-06-03T21:22:04+08:00,https://mxdzlk.com/monster/?page_num=33
8200004,monster,追忆的守护队长,,mxdzlk_monster,https://mxdzlk.com/monster/8200004/,https://static.mapleartale.com/images/mob/8200004.png,assets/monsters/raw/8200004.png,exists,,,7132,ad0dd422efa6dc310bef91a578590445f7d2d93be2e4b93372b3a4708909bbb4,,2026-06-03T21:22:04+08:00,https://mxdzlk.com/monster/?page_num=34
8200005,monster,后悔的祭司,,mxdzlk_monster,https://mxdzlk.com/monster/8200005/,https://static.mapleartale.com/images/mob/8200005.png,assets/monsters/raw/8200005.png,exists,,,3414,b3e07ec344b3c97b16f6561468d966e5a3bc4591ee1568d2df0c8e51b21ad822,,2026-06-03T21:22:04+08:00,https://mxdzlk.com/monster/?page_num=34
8200006,monster,后悔的神官,,mxdzlk_monster,https://mxdzlk.com/monster/8200006/,https://static.mapleartale.com/images/mob/8200006.png,assets/monsters/raw/8200006.png,exists,,,5612,a12793f87fb343c6e293172c385e83d4aeffc855c3652bdb3d238fd99b43ccdc,,2026-06-03T21:22:04+08:00,https://mxdzlk.com/monster/?page_num=34
8200007,monster,后悔的守护兵,,mxdzlk_monster,https://mxdzlk.com/monster/8200007/,https://static.mapleartale.com/images/mob/8200007.png,assets/monsters/raw/8200007.png,exists,,,7043,2090a7b239cc8663e0449f88bb2a9391e3b3c6c476eae780d7f6488adac72028,,2026-06-03T21:22:04+08:00,https://mxdzlk.com/monster/?page_num=34
8200008,monster,后悔的守护队长,,mxdzlk_monster,https://mxdzlk.com/monster/8200008/,https://static.mapleartale.com/images/mob/8200008.png,assets/monsters/raw/8200008.png,exists,,,7134,808e332be2cf38746b42593cb404aa51c282b3fde07263955c93f1e616156190,,2026-06-03T21:22:04+08:00,https://mxdzlk.com/monster/?page_num=34
8200009,monster,忘却的祭司,,mxdzlk_monster,https://mxdzlk.com/monster/8200009/,https://static.mapleartale.com/images/mob/8200009.png,assets/monsters/raw/8200009.png,exists,,,3431,aa0be2dc7b649b34f54dbcf266bdca98308512d027677ca043f09e5362723a90,,2026-06-03T21:22:04+08:00,https://mxdzlk.com/monster/?page_num=34
8200010,monster,忘却的神官,,mxdzlk_monster,https://mxdzlk.com/monster/8200010/,https://static.mapleartale.com/images/mob/8200010.png,assets/monsters/raw/8200010.png,exists,,,5630,2369215bdb2a55530efc846af268036ac8a4061dc6222922882b3fec6339a797,,2026-06-03T21:22:04+08:00,https://mxdzlk.com/monster/?page_num=34
8200011,monster,忘却的守护兵,,mxdzlk_monster,https://mxdzlk.com/monster/8200011/,https://static.mapleartale.com/images/mob/8200011.png,assets/monsters/raw/8200011.png,exists,,,7037,b69cde4b3d6e04d0439a233a20b29ab4fab3d2379e426f7e83674f92449f2a3e,,2026-06-03T21:22:04+08:00,https://mxdzlk.com/monster/?page_num=34
8200012,monster,忘却的守护队长,,mxdzlk_monster,https://mxdzlk.com/monster/8200012/,https://static.mapleartale.com/images/mob/8200012.png,assets/monsters/raw/8200012.png,exists,,,7129,dee5a752d079aa38a993063796a9ea295a14774e9cc23f05fef735e2e2e9552a,,2026-06-03T21:22:04+08:00,https://mxdzlk.com/monster/?page_num=34
8220000,monster,艾利杰,,mxdzlk_monster,https://mxdzlk.com/monster/8220000/,https://static.mapleartale.com/images/mob/8220000.png,assets/monsters/raw/8220000.png,exists,,,6483,40050fba76a6caf9befa2902911aa063584dd90cecdf7401b7940c7348eb4cd7,,2026-06-03T21:22:04+08:00,https://mxdzlk.com/monster/?page_num=34
8220001,monster,驮狼雪人,,mxdzlk_monster,https://mxdzlk.com/monster/8220001/,https://static.mapleartale.com/images/mob/8220001.png,assets/monsters/raw/8220001.png,exists,,,8836,8d34823025c21eeb398c0961afb232df3bc01507aed583389a9608ea72b1a8ea,,2026-06-03T21:22:04+08:00,https://mxdzlk.com/monster/?page_num=35
8220002,monster,吉米拉,,mxdzlk_monster,https://mxdzlk.com/monster/8220002/,https://static.mapleartale.com/images/mob/8220002.png,assets/monsters/raw/8220002.png,exists,,,3930,592182fbe97f14433e4510e309525d27fab5c2c6e43d9d3d7e6a5c8e915d6402,,2026-06-03T21:22:04+08:00,https://mxdzlk.com/monster/?page_num=35
8220003,monster,大海兽,,mxdzlk_monster,https://mxdzlk.com/monster/8220003/,https://static.mapleartale.com/images/mob/8220003.png,assets/monsters/raw/8220003.png,exists,,,10321,b7bc40f66005702863fed42378eeb74a99c8bd0912da82f07a7c168740ddd647,,2026-06-03T21:22:04+08:00,https://mxdzlk.com/monster/?page_num=35
8220004,monster,多多,,mxdzlk_monster,https://mxdzlk.com/monster/8220004/,https://static.mapleartale.com/images/mob/8220004.png,assets/monsters/raw/8220004.png,exists,,,8951,f3146b01d6880d4624c58c8bcae83e5ce90a04e2ac0346d95ae0795002f1a388,,2026-06-03T21:22:04+08:00,https://mxdzlk.com/monster/?page_num=35
8220005,monster,玄冰独角兽,,mxdzlk_monster,https://mxdzlk.com/monster/8220005/,https://static.mapleartale.com/images/mob/8220005.png,assets/monsters/raw/8220005.png,exists,,,11419,4c9c72f5a049b608b4979fdd3e767b971c05099242a237e1eb01b5838c570175,,2026-06-03T21:22:04+08:00,https://mxdzlk.com/monster/?page_num=35
8220006,monster,雷卡,,mxdzlk_monster,https://mxdzlk.com/monster/8220006/,https://static.mapleartale.com/images/mob/8220006.png,assets/monsters/raw/8220006.png,exists,,,12636,2c775413a6ce03eb5ef50f3f4834b2c0ecbd04a9a2b888016716ec843529cfc0,,2026-06-03T21:22:04+08:00,https://mxdzlk.com/monster/?page_num=35
8220008,monster,未知的小吃店,,mxdzlk_monster,https://mxdzlk.com/monster/8220008/,https://static.mapleartale.com/images/mob/8220008.png,assets/monsters/raw/8220008.png,exists,,,17781,6861d0fce77b17cad29d27a96f678fc25745d26d67e07b37f815b8cb0e89519e,,2026-06-03T21:22:04+08:00,https://mxdzlk.com/monster/?page_num=35
8220009,monster,小吃店,,mxdzlk_monster,https://mxdzlk.com/monster/8220009/,https://static.mapleartale.com/images/mob/8220009.png,assets/monsters/raw/8220009.png,exists,,,40245,076e3ebc8c1b8ece35d09cb552f1820d3a44b3afdb0537ff3c9cdadad654463e,,2026-06-03T21:22:04+08:00,https://mxdzlk.com/monster/?page_num=35
8500001,monster,帕普拉图斯的座钟,,mxdzlk_monster,https://mxdzlk.com/monster/8500001/,https://static.mapleartale.com/images/mob/8500001.png,assets/monsters/raw/8500001.png,exists,,,16276,ffc90820bdedc09688aa4be803c2462101d6312905e72b12643d73b5175ad21f,,2026-06-03T21:22:04+08:00,https://mxdzlk.com/monster/?page_num=35
8500002,monster,帕普拉图斯,,mxdzlk_monster,https://mxdzlk.com/monster/8500002/,https://static.mapleartale.com/images/mob/8500002.png,assets/monsters/raw/8500002.png,exists,,,6025,33f0774e45b9478d66c32908c9c50bdaf4ee6b755e385b5c81371163e9eebdf2,,2026-06-03T21:22:04+08:00,https://mxdzlk.com/monster/?page_num=35
8510000,monster,皮亚奴斯,,mxdzlk_monster,https://mxdzlk.com/monster/8510000/,https://static.mapleartale.com/images/mob/8510000.png,assets/monsters/raw/8510000.png,exists,,,41472,d481f22f6c71f3f5bdac02cc3e09a1d8869da60097ea955f8044a6f709e9fe34,,2026-06-03T21:22:04+08:00,https://mxdzlk.com/monster/?page_num=36
8510100,monster,嗜血单眼怪,,mxdzlk_monster,https://mxdzlk.com/monster/8510100/,https://static.mapleartale.com/images/mob/8510100.png,assets/monsters/raw/8510100.png,exists,,,1328,eb28bd4d104418ccd60315c8331c28378125ff4f80d87d9f610f3252b9f58ca5,,2026-06-03T21:22:04+08:00,https://mxdzlk.com/monster/?page_num=36
8520000,monster,皮亚奴斯,,mxdzlk_monster,https://mxdzlk.com/monster/8520000/,https://static.mapleartale.com/images/mob/8520000.png,assets/monsters/raw/8520000.png,exists,,,41362,d4c32e12ee67626841a5700a341d06b387ded65e0c4490be433e8c6a7858a3aa,,2026-06-03T21:22:04+08:00,https://mxdzlk.com/monster/?page_num=36
8800000,monster,扎昆1,,mxdzlk_monster,https://mxdzlk.com/monster/8800000/,https://static.mapleartale.com/images/mob/8800000.png,assets/monsters/raw/8800000.png,exists,,,59424,bf1a9749ca4451b75bdb984a3ddf0dd3f73006bd9398462031ee479218f5f02e,,2026-06-03T21:22:04+08:00,https://mxdzlk.com/monster/?page_num=36
8800001,monster,扎昆2,,mxdzlk_monster,https://mxdzlk.com/monster/8800001/,https://static.mapleartale.com/images/mob/8800001.png,assets/monsters/raw/8800001.png,exists,,,60993,7ff0e04f8628761153a2be8e29b286890620ae1cc6917f8beba00d63d1edd517,,2026-06-03T21:22:04+08:00,https://mxdzlk.com/monster/?page_num=36
8800002,monster,扎昆,,mxdzlk_monster,https://mxdzlk.com/monster/8800002/,https://static.mapleartale.com/images/mob/8800002.png,assets/monsters/raw/8800002.png,exists,,,61890,c2b28651046f35e9d1f7c3a88593136c93d43300ec4036164f0412d3b623e742,,2026-06-03T21:22:04+08:00,https://mxdzlk.com/monster/?page_num=36
8800003,monster,扎昆手臂1,,mxdzlk_monster,https://mxdzlk.com/monster/8800003/,https://static.mapleartale.com/images/mob/8800003.png,assets/monsters/raw/8800003.png,exists,,,13989,7dbc8d100be5ca8f5f753793dff0ee23f465b90c283d1bf57716910b14246a63,,2026-06-03T21:22:04+08:00,https://mxdzlk.com/monster/?page_num=36
8800004,monster,扎昆手臂2,,mxdzlk_monster,https://mxdzlk.com/monster/8800004/,https://static.mapleartale.com/images/mob/8800004.png,assets/monsters/raw/8800004.png,exists,,,14108,e7db30654f72b38ca85e2ff58f2dc405f3c8f9df33c019a57f3bb70ef42aeb09,,2026-06-03T21:22:04+08:00,https://mxdzlk.com/monster/?page_num=36
8800005,monster,扎昆手臂3,,mxdzlk_monster,https://mxdzlk.com/monster/8800005/,https://static.mapleartale.com/images/mob/8800005.png,assets/monsters/raw/8800005.png,exists,,,12840,90dca3058688c141a774997a29488bf784056663164e903de8ae99623fc0a8e4,,2026-06-03T21:22:04+08:00,https://mxdzlk.com/monster/?page_num=36
8800006,monster,扎昆手臂4,,mxdzlk_monster,https://mxdzlk.com/monster/8800006/,https://static.mapleartale.com/images/mob/8800006.png,assets/monsters/raw/8800006.png,exists,,,14541,f9f8fabeea7ebb28c15c1df4639d257c67c545219dc398bd08947d1b03bb664d,,2026-06-03T21:22:05+08:00,https://mxdzlk.com/monster/?page_num=36
8800007,monster,扎昆手臂5,,mxdzlk_monster,https://mxdzlk.com/monster/8800007/,https://static.mapleartale.com/images/mob/8800007.png,assets/monsters/raw/8800007.png,exists,,,12942,214cc9f68a75adc35150cf62911b877b724e8b12108d90672ab58902b9578fba,,2026-06-03T21:22:05+08:00,https://mxdzlk.com/monster/?page_num=37
8800008,monster,扎昆手臂6,,mxdzlk_monster,https://mxdzlk.com/monster/8800008/,https://static.mapleartale.com/images/mob/8800008.png,assets/monsters/raw/8800008.png,exists,,,17619,bbe76c6d471eb061bde456efbe12ee092ed00da99e0c538e54ae3a26946b549b,,2026-06-03T21:22:05+08:00,https://mxdzlk.com/monster/?page_num=37
8800009,monster,扎昆手臂7,,mxdzlk_monster,https://mxdzlk.com/monster/8800009/,https://static.mapleartale.com/images/mob/8800009.png,assets/monsters/raw/8800009.png,exists,,,13151,9b212d2636495f9e6949af262de6de98fce51734fc67d68578782fb2af8df374,,2026-06-03T21:22:05+08:00,https://mxdzlk.com/monster/?page_num=37
8800010,monster,扎昆手臂8,,mxdzlk_monster,https://mxdzlk.com/monster/8800010/,https://static.mapleartale.com/images/mob/8800010.png,assets/monsters/raw/8800010.png,exists,,,15779,80fd7777a1a1c545b8391153d65548b8ba76c4b86c4c3e096c0e637ee3930beb,,2026-06-03T21:22:05+08:00,https://mxdzlk.com/monster/?page_num=37
8810000,monster,暗黑龙王的左侧头颅,,mxdzlk_monster,https://mxdzlk.com/monster/8810000/,https://static.mapleartale.com/images/mob/8810000.png,assets/monsters/raw/8810000.png,exists,,,52273,a5ea0c1bbde45f422cfdd905fba9fb7c3a96d00726d1a719d5a1a7cc6483a8cb,,2026-06-03T21:22:05+08:00,https://mxdzlk.com/monster/?page_num=37
8810001,monster,暗黑龙王的右侧头颅,,mxdzlk_monster,https://mxdzlk.com/monster/8810001/,https://static.mapleartale.com/images/mob/8810001.png,assets/monsters/raw/8810001.png,exists,,,52793,2fb51ad9732deee862c11ea61a33512440d33b649d9a1d22f8ea6438adf8244e,,2026-06-03T21:22:05+08:00,https://mxdzlk.com/monster/?page_num=37
8810002,monster,暗黑龙王的头A,,mxdzlk_monster,https://mxdzlk.com/monster/8810002/,https://static.mapleartale.com/images/mob/8810002.png,assets/monsters/raw/8810002.png,exists,,,20223,95ec253cf7ff32ba4df5880ca6d25100aeaf22b88558982d33b9e2f787fddfe6,,2026-06-03T21:22:05+08:00,https://mxdzlk.com/monster/?page_num=37
8810003,monster,暗黑龙王的头B,,mxdzlk_monster,https://mxdzlk.com/monster/8810003/,https://static.mapleartale.com/images/mob/8810003.png,assets/monsters/raw/8810003.png,exists,,,26338,7237b7079a83b3778f82e45e9c706adbc40301a5f9eb1e440d652bbf7305bdc1,,2026-06-03T21:22:05+08:00,https://mxdzlk.com/monster/?page_num=37
8810004,monster,暗黑龙王的头C,,mxdzlk_monster,https://mxdzlk.com/monster/8810004/,https://static.mapleartale.com/images/mob/8810004.png,assets/monsters/raw/8810004.png,exists,,,20465,08f88081d465c44246fe671ea809e52c19efbf089cce52abd5d2b07a6f1982dc,,2026-06-03T21:22:05+08:00,https://mxdzlk.com/monster/?page_num=37
8810005,monster,暗黑龙王的左手,,mxdzlk_monster,https://mxdzlk.com/monster/8810005/,https://static.mapleartale.com/images/mob/8810005.png,assets/monsters/raw/8810005.png,exists,,,12164,feb63f780ed104bfe40ffccafde6764913f69aa60848def5a47f010dc89e7466,,2026-06-03T21:22:05+08:00,https://mxdzlk.com/monster/?page_num=37
8810006,monster,暗黑龙王的右手,,mxdzlk_monster,https://mxdzlk.com/monster/8810006/,https://static.mapleartale.com/images/mob/8810006.png,assets/monsters/raw/8810006.png,exists,,,12302,6f8b09ca7386af834740e88a18d4767292a0fee69efd0d792c2a4dc7b73d325d,,2026-06-03T21:22:05+08:00,https://mxdzlk.com/monster/?page_num=38
8810007,monster,暗黑龙王的翅膀,,mxdzlk_monster,https://mxdzlk.com/monster/8810007/,https://static.mapleartale.com/images/mob/8810007.png,assets/monsters/raw/8810007.png,exists,,,33660,afa86b255c07395b2ea921951ec800057770b5f213419bd7aac1f3a87905acb4,,2026-06-03T21:22:05+08:00,https://mxdzlk.com/monster/?page_num=38
8810008,monster,暗黑龙王的腿,,mxdzlk_monster,https://mxdzlk.com/monster/8810008/,https://static.mapleartale.com/images/mob/8810008.png,assets/monsters/raw/8810008.png,exists,,,32615,e9860b382d0aa9d5ef9d9dd71153aac04f0bf46e164b4ab582d3e5d64e0075ab,,2026-06-03T21:22:05+08:00,https://mxdzlk.com/monster/?page_num=38
8810009,monster,暗黑龙王的尾巴,,mxdzlk_monster,https://mxdzlk.com/monster/8810009/,https://static.mapleartale.com/images/mob/8810009.png,assets/monsters/raw/8810009.png,exists,,,5821,937cd79d3afa80a101454bbf349f19d076f084a7bf140e82f3c72d340ac3389a,,2026-06-03T21:22:05+08:00,https://mxdzlk.com/monster/?page_num=38
8810018,monster,暗黑龙王的灵魂,,mxdzlk_monster,https://mxdzlk.com/monster/8810018/,https://static.mapleartale.com/images/mob/8810018.png,assets/monsters/raw/8810018.png,exists,,,28971,ee7f1ae8991d4db95d9fd09e3562b2453c0855502ad995493aee5f79f4887981,,2026-06-03T21:22:05+08:00,https://mxdzlk.com/monster/?page_num=38
8820001,monster,时间的宠儿－品克缤,,mxdzlk_monster,https://mxdzlk.com/monster/8820001/,https://static.mapleartale.com/images/mob/8820001.png,assets/monsters/raw/8820001.png,exists,,,2219,eba287d0b6180326554cbffbcd49145b9c6e1e80b234a4fa7f8522729b77d7a8,,2026-06-03T21:22:05+08:00,https://mxdzlk.com/monster/?page_num=38
8820002,monster,女神雕像,,mxdzlk_monster,https://mxdzlk.com/monster/8820002/,https://static.mapleartale.com/images/mob/8820002.png,assets/monsters/raw/8820002.png,exists,,,5530,ee04cf5d672f58e2df558000766846b10ae204b5afc1a3b45372b6ed4a65969d,,2026-06-03T21:22:05+08:00,https://mxdzlk.com/monster/?page_num=38
8820003,monster,贤者所罗门,,mxdzlk_monster,https://mxdzlk.com/monster/8820003/,https://static.mapleartale.com/images/mob/8820003.png,assets/monsters/raw/8820003.png,exists,,,17408,de446b7c6b388261ff7e1aaa2139c1231237321ff28b91dfee31d9121903051e,,2026-06-03T21:22:05+08:00,https://mxdzlk.com/monster/?page_num=38
8820004,monster,贤者莱克斯,,mxdzlk_monster,https://mxdzlk.com/monster/8820004/,https://static.mapleartale.com/images/mob/8820004.png,assets/monsters/raw/8820004.png,exists,,,16478,5a9ddbe967f87308b10dd550ac5710676a4c65bc46bb531be6c9a55fb89db1eb,,2026-06-03T21:22:05+08:00,https://mxdzlk.com/monster/?page_num=38
8820005,monster,火鹰雕像,,mxdzlk_monster,https://mxdzlk.com/monster/8820005/,https://static.mapleartale.com/images/mob/8820005.png,assets/monsters/raw/8820005.png,exists,,,9255,fa4b639015a8840b9f1636bb77e01da7253e1dc2d7df686cc61517fafdcc692f,,2026-06-03T21:22:05+08:00,https://mxdzlk.com/monster/?page_num=38
8820006,monster,冰鹰雕像,,mxdzlk_monster,https://mxdzlk.com/monster/8820006/,https://static.mapleartale.com/images/mob/8820006.png,assets/monsters/raw/8820006.png,exists,,,9055,005003d8803f76e87ba64769287b99ce0a5cd9b0b0efe083d25e7437c589e104,,2026-06-03T21:22:05+08:00,https://mxdzlk.com/monster/?page_num=39
8820019,monster,女神雕像,,mxdzlk_monster,https://mxdzlk.com/monster/8820019/,https://static.mapleartale.com/images/mob/8820019.png,assets/monsters/raw/8820019.png,exists,,,13038,9bfc9ecd50685f728594bd88e6b1c97d80bd7498f9f1226315ebce4051e7ea81,,2026-06-03T21:22:05+08:00,https://mxdzlk.com/monster/?page_num=39
8820020,monster,贤者所罗门,,mxdzlk_monster,https://mxdzlk.com/monster/8820020/,https://static.mapleartale.com/images/mob/8820020.png,assets/monsters/raw/8820020.png,exists,,,63251,931faebd4ba16b385b3224fcece5bf3d21820790f0505347b50b816ed4c76cf1,,2026-06-03T21:22:05+08:00,https://mxdzlk.com/monster/?page_num=39
8820021,monster,贤者莱克斯,,mxdzlk_monster,https://mxdzlk.com/monster/8820021/,https://static.mapleartale.com/images/mob/8820021.png,assets/monsters/raw/8820021.png,exists,,,61251,b217db8444aebaec6dba9a8f0e3f52170a20a6f404bfc15886308aeb6ae428da,,2026-06-03T21:22:05+08:00,https://mxdzlk.com/monster/?page_num=39
8820022,monster,火鹰雕像,,mxdzlk_monster,https://mxdzlk.com/monster/8820022/,https://static.mapleartale.com/images/mob/8820022.png,assets/monsters/raw/8820022.png,exists,,,27889,13b80e189a484986210d8155a3d5137adcd472219d7617e2e09e84d1bcdb6a09,,2026-06-03T21:22:05+08:00,https://mxdzlk.com/monster/?page_num=39
8820023,monster,冰鹰雕像,,mxdzlk_monster,https://mxdzlk.com/monster/8820023/,https://static.mapleartale.com/images/mob/8820023.png,assets/monsters/raw/8820023.png,exists,,,27879,6d8e63e770079115a2d258cf1de54268ee3747ff095acef15b9750d3daac058b,,2026-06-03T21:22:05+08:00,https://mxdzlk.com/monster/?page_num=39
9000001,monster,风独眼兽2,,mxdzlk_monster,https://mxdzlk.com/monster/9000001/,https://static.mapleartale.com/images/mob/9000001.png,assets/monsters/raw/9000001.png,exists,,,1950,9fe45e772d16d97924971cab3164d44d5e0cdab549901b57d2fa0d579f3056d4,,2026-06-03T21:22:05+08:00,https://mxdzlk.com/monster/?page_num=39
9000002,monster,刺蘑菇2,,mxdzlk_monster,https://mxdzlk.com/monster/9000002/,https://static.mapleartale.com/images/mob/9000002.png,assets/monsters/raw/9000002.png,exists,,,1686,2c090786f386c7be5f0747bee99bd76fbc3451e66a92f94a3da1cd836b080d93,,2026-06-03T21:22:05+08:00,https://mxdzlk.com/monster/?page_num=39
9000100,monster,火野猪2,,mxdzlk_monster,https://mxdzlk.com/monster/9000100/,https://static.mapleartale.com/images/mob/9000100.png,assets/monsters/raw/9000100.png,exists,,,1443,9639f12a938f44a79bd2b78e507ea47c04442ccfcf71c4d03f458ae204097423,,2026-06-03T21:22:05+08:00,https://mxdzlk.com/monster/?page_num=39
9000101,monster,猴子2,,mxdzlk_monster,https://mxdzlk.com/monster/9000101/,https://static.mapleartale.com/images/mob/9000101.png,assets/monsters/raw/9000101.png,exists,,,1287,53ddb7e569389a988bb05d0cb5454cd1ba76b166793aff906cad5439bbefdf96,,2026-06-03T21:22:05+08:00,https://mxdzlk.com/monster/?page_num=39
9000200,monster,火独眼兽2,,mxdzlk_monster,https://mxdzlk.com/monster/9000200/,https://static.mapleartale.com/images/mob/9000200.png,assets/monsters/raw/9000200.png,exists,,,1720,2fc00763a52d1d7524c22e265b29b89ea6afcb0d2725c2d876885f33b388dbd1,,2026-06-03T21:22:05+08:00,https://mxdzlk.com/monster/?page_num=40
9000201,monster,僵尸蘑菇2,,mxdzlk_monster,https://mxdzlk.com/monster/9000201/,https://static.mapleartale.com/images/mob/9000201.png,assets/monsters/raw/9000201.png,exists,,,2169,bd524afac94739707c2d03209d3c2dfd6755d739a467317ccf723a599557c25b,,2026-06-03T21:22:05+08:00,https://mxdzlk.com/monster/?page_num=40
9000300,monster,冰独眼兽2,,mxdzlk_monster,https://mxdzlk.com/monster/9000300/,https://static.mapleartale.com/images/mob/9000300.png,assets/monsters/raw/9000300.png,exists,,,1883,fa7dccbce3f8e365cdaceccb14682538726625566cfa39199483e66cee3d2400,,2026-06-03T21:22:05+08:00,https://mxdzlk.com/monster/?page_num=40
9000301,monster,蓝蘑菇2,,mxdzlk_monster,https://mxdzlk.com/monster/9000301/,https://static.mapleartale.com/images/mob/9000301.png,assets/monsters/raw/9000301.png,exists,,,2040,f14fc5dae2ba5f44e2e871ec57b4d167d372ed5c799d878b43f651336ce5ea63,,2026-06-03T21:22:05+08:00,https://mxdzlk.com/monster/?page_num=40
9001014,monster,暴躁的玛玛哈,,mxdzlk_monster,https://mxdzlk.com/monster/9001014/,https://static.mapleartale.com/images/mob/9001014.png,assets/monsters/raw/9001014.png,exists,,,6483,5bc7ea1072526c2fc369d19db8812273bcaaf770b64626be61a7a2c0325590b5,,2026-06-03T21:22:05+08:00,https://mxdzlk.com/monster/?page_num=40
9100000,monster,超级水灵,,mxdzlk_monster,https://mxdzlk.com/monster/9100000/,https://static.mapleartale.com/images/mob/9100000.png,,missing,404,,,,HTTPError: HTTP Error 404: Not Found,2026-06-03T21:22:07+08:00,https://mxdzlk.com/monster/?page_num=40
9100001,monster,超级青蛇,,mxdzlk_monster,https://mxdzlk.com/monster/9100001/,https://static.mapleartale.com/images/mob/9100001.png,,missing,404,,,,HTTPError: HTTP Error 404: Not Found,2026-06-03T21:22:09+08:00,https://mxdzlk.com/monster/?page_num=40
9100002,monster,超级蝙蝠,,mxdzlk_monster,https://mxdzlk.com/monster/9100002/,https://static.mapleartale.com/images/mob/9100002.png,,missing,404,,,,HTTPError: HTTP Error 404: Not Found,2026-06-03T21:22:10+08:00,https://mxdzlk.com/monster/?page_num=40
9100007,monster,超级漂漂猪,,mxdzlk_monster,https://mxdzlk.com/monster/9100007/,https://static.mapleartale.com/images/mob/9100007.png,,missing,404,,,,HTTPError: HTTP Error 404: Not Found,2026-06-03T21:22:11+08:00,https://mxdzlk.com/monster/?page_num=40
9300018,monster,特殊小石球,,mxdzlk_monster,https://mxdzlk.com/monster/9300018/,https://static.mapleartale.com/images/mob/9300018.png,assets/monsters/raw/9300018.png,downloaded,200,image/png,800,36b21cf2fd18c4fd19e7f6349b594e8bbe293f52358334dc85b5e9c85325ce77,,2026-06-03T21:22:12+08:00,https://mxdzlk.com/monster/?page_num=40
9300101,monster,可以驯服的小浣猪,,mxdzlk_monster,https://mxdzlk.com/monster/9300101/,https://static.mapleartale.com/images/mob/9300101.png,assets/monsters/raw/9300101.png,downloaded,200,image/png,1182,2ee434d944a834b796490eae70d59b7709994730b19cb2280e40676db27d8522,,2026-06-03T21:22:15+08:00,https://mxdzlk.com/monster/?page_num=41
9300271,monster,训练用绿水灵,,mxdzlk_monster,https://mxdzlk.com/monster/9300271/,https://static.mapleartale.com/images/mob/9300271.png,,missing,404,,,,HTTPError: HTTP Error 404: Not Found,2026-06-03T21:22:16+08:00,https://mxdzlk.com/monster/?page_num=41
9300272,monster,训练用花蘑菇,,mxdzlk_monster,https://mxdzlk.com/monster/9300272/,https://static.mapleartale.com/images/mob/9300272.png,,missing,404,,,,HTTPError: HTTP Error 404: Not Found,2026-06-03T21:22:17+08:00,https://mxdzlk.com/monster/?page_num=41
9300273,monster,训练用猪猪,,mxdzlk_monster,https://mxdzlk.com/monster/9300273/,https://static.mapleartale.com/images/mob/9300273.png,,missing,404,,,,HTTPError: HTTP Error 404: Not Found,2026-06-03T21:22:19+08:00,https://mxdzlk.com/monster/?page_num=41
9300274,monster,玩世不恭的花蘑菇,,mxdzlk_monster,https://mxdzlk.com/monster/9300274/,https://static.mapleartale.com/images/mob/9300274.png,assets/monsters/raw/9300274.png,downloaded,200,image/png,2091,c5cf02274c1b4ec29ed8fcd42a7dfe1c37527e04f9e77b209d083eaadd1642ce,,2026-06-03T21:22:20+08:00,https://mxdzlk.com/monster/?page_num=41
9300378,monster,巨大食人花,,mxdzlk_monster,https://mxdzlk.com/monster/9300378/,https://static.mapleartale.com/images/mob/9300378.png,assets/monsters/raw/9300378.png,downloaded,200,image/png,1388,f337827c41d52f47d9240503a0f8f94b82f8fbe5f6de9eff21fcfb8d101e0b46,,2026-06-03T21:22:21+08:00,https://mxdzlk.com/monster/?page_num=41
9400000,monster,乌鸦,,mxdzlk_monster,https://mxdzlk.com/monster/9400000/,https://static.mapleartale.com/images/mob/9400000.png,assets/monsters/raw/9400000.png,downloaded,200,image/png,1288,428ccf433f215234606840f668c45a65404bb6090e7764a628f0fd62db79e221,,2026-06-03T21:22:23+08:00,https://mxdzlk.com/monster/?page_num=41
9400001,monster,火狸猫,,mxdzlk_monster,https://mxdzlk.com/monster/9400001/,https://static.mapleartale.com/images/mob/9400001.png,assets/monsters/raw/9400001.png,downloaded,200,image/png,2949,312b38ef20a279bc0cb92ef7c40265b5d1a789418f24eb45163ef99249229c1f,,2026-06-03T21:22:25+08:00,https://mxdzlk.com/monster/?page_num=41
9400002,monster,云狐,,mxdzlk_monster,https://mxdzlk.com/monster/9400002/,https://static.mapleartale.com/images/mob/9400002.png,assets/monsters/raw/9400002.png,downloaded,200,image/png,1706,98c15b8c49d668e01056306a42e359442aed4179e463f1d75acc140783ae346d,,2026-06-03T21:22:26+08:00,https://mxdzlk.com/monster/?page_num=41
9400003,monster,亡灵,,mxdzlk_monster,https://mxdzlk.com/monster/9400003/,https://static.mapleartale.com/images/mob/9400003.png,assets/monsters/raw/9400003.png,downloaded,200,image/png,898,97632dd057620b62f196cc66d0c85c7f4c2ccddc42a911fbc89edf4987bb3d9f,,2026-06-03T21:22:28+08:00,https://mxdzlk.com/monster/?page_num=41
9400004,monster,巨大云狐,,mxdzlk_monster,https://mxdzlk.com/monster/9400004/,https://static.mapleartale.com/images/mob/9400004.png,assets/monsters/raw/9400004.png,downloaded,200,image/png,1738,42c1179b21d005b1a5828938b8cedcce8be7c0a7c80c2591001d528fbbc0516e,,2026-06-03T21:22:31+08:00,https://mxdzlk.com/monster/?page_num=42
9400011,monster,提灯鬼,,mxdzlk_monster,https://mxdzlk.com/monster/9400011/,https://static.mapleartale.com/images/mob/9400011.png,assets/monsters/raw/9400011.png,downloaded,200,image/png,4617,370bbedd36b899bc80e01a03e93a7697b64fc8fc16c1b69cc7ca7991788e4018,,2026-06-03T21:22:33+08:00,https://mxdzlk.com/monster/?page_num=42
9400012,monster,河童,,mxdzlk_monster,https://mxdzlk.com/monster/9400012/,https://static.mapleartale.com/images/mob/9400012.png,assets/monsters/raw/9400012.png,downloaded,200,image/png,1701,849990bee62f915caf823cc6c52f1ea7f2720ce99ccc8dda5b13a440c10b923d,,2026-06-03T21:22:34+08:00,https://mxdzlk.com/monster/?page_num=42
9400100,monster,流氓A,,mxdzlk_monster,https://mxdzlk.com/monster/9400100/,https://static.mapleartale.com/images/mob/9400100.png,assets/monsters/raw/9400100.png,downloaded,200,image/png,1685,eb99c06227a6fcacb4142758b3980fb66c92452a32331d2b112b775a17fee140,,2026-06-03T21:22:36+08:00,https://mxdzlk.com/monster/?page_num=42
9400101,monster,流氓B,,mxdzlk_monster,https://mxdzlk.com/monster/9400101/,https://static.mapleartale.com/images/mob/9400101.png,assets/monsters/raw/9400101.png,downloaded,200,image/png,1500,899ae1b9576142bffbbfa3c266af9f888e715c6a094a7be1cba104d9b373be76,,2026-06-03T21:22:39+08:00,https://mxdzlk.com/monster/?page_num=42
9400102,monster,流氓C,,mxdzlk_monster,https://mxdzlk.com/monster/9400102/,https://static.mapleartale.com/images/mob/9400102.png,assets/monsters/raw/9400102.png,downloaded,200,image/png,1719,bc35f650c32897b6d06fb608d0e2b8d1739948f71a34de5211f68ad9b9c39c72,,2026-06-03T21:22:41+08:00,https://mxdzlk.com/monster/?page_num=42
9400110,monster,头目A,,mxdzlk_monster,https://mxdzlk.com/monster/9400110/,https://static.mapleartale.com/images/mob/9400110.png,assets/monsters/raw/9400110.png,downloaded,200,image/png,1927,e5d383a82118c3042a6faa7bc97b9e5e207956e7bf77a0b18b546974a013a8a2,,2026-06-03T21:22:42+08:00,https://mxdzlk.com/monster/?page_num=42
9400111,monster,头目B,,mxdzlk_monster,https://mxdzlk.com/monster/9400111/,https://static.mapleartale.com/images/mob/9400111.png,assets/monsters/raw/9400111.png,downloaded,200,image/png,2036,6b86f446cc1890a74789cd73e4643bda53e0f964f4d4f8b44ee253756855bfab,,2026-06-03T21:22:43+08:00,https://mxdzlk.com/monster/?page_num=42
9400120,monster,老板,,mxdzlk_monster,https://mxdzlk.com/monster/9400120/,https://static.mapleartale.com/images/mob/9400120.png,assets/monsters/raw/9400120.png,downloaded,200,image/png,1808,0771715b9c9ce090679695ddf1ca050298c45f34df47d17e7c26ecda65897c17,,2026-06-03T21:22:45+08:00,https://mxdzlk.com/monster/?page_num=42
9400204,monster,红水灵,,mxdzlk_monster,https://mxdzlk.com/monster/9400204/,https://static.mapleartale.com/images/mob/9400204.png,assets/monsters/raw/9400204.png,downloaded,200,image/png,1697,cc7908f41e65ce3e3852545ba49a4cb750219658639b4171201539d6c7437c75,,2026-06-03T21:22:46+08:00,https://mxdzlk.com/monster/?page_num=42
9400205,monster,蓝蘑菇王,,mxdzlk_monster,https://mxdzlk.com/monster/9400205/,https://static.mapleartale.com/images/mob/9400205.png,assets/monsters/raw/9400205.png,downloaded,200,image/png,4911,7bfeab34c2d9c37c1be96c2e761c14c432fe00a9c116e1a069de8635f7e642b4,,2026-06-03T21:22:50+08:00,https://mxdzlk.com/monster/?page_num=43
9400238,monster,打鼓兔子,,mxdzlk_monster,https://mxdzlk.com/monster/9400238/,https://static.mapleartale.com/images/mob/9400238.png,assets/monsters/raw/9400238.png,downloaded,200,image/png,987,6a746bcaaf0d0d5578ddd2bae8d623632fc7442b9105279e6398e7ee39ae19d4,,2026-06-03T21:22:52+08:00,https://mxdzlk.com/monster/?page_num=43
9400239,monster,沙漠土拨鼠,,mxdzlk_monster,https://mxdzlk.com/monster/9400239/,https://static.mapleartale.com/images/mob/9400239.png,assets/monsters/raw/9400239.png,downloaded,200,image/png,1343,a35a0e270c21ccad42ba2b15e0ef254846e555ccac8d5adaf4044dc6259aee4e,,2026-06-03T21:22:53+08:00,https://mxdzlk.com/monster/?page_num=43
9400240,monster,洛伊德,,mxdzlk_monster,https://mxdzlk.com/monster/9400240/,https://static.mapleartale.com/images/mob/9400240.png,assets/monsters/raw/9400240.png,downloaded,200,image/png,1053,73bcfa39fd325ace43ad99761241f430926793afb5ef58fe9ac8dbf4f403b4a7,,2026-06-03T21:22:54+08:00,https://mxdzlk.com/monster/?page_num=43
9400241,monster,猪猪,,mxdzlk_monster,https://mxdzlk.com/monster/9400241/,https://static.mapleartale.com/images/mob/9400241.png,assets/monsters/raw/9400241.png,downloaded,200,image/png,1521,733bb97eb767d6abe4f6cf790aa33834870e2c965599c36222d4a869a316dcb9,,2026-06-03T21:22:55+08:00,https://mxdzlk.com/monster/?page_num=43
9400242,monster,漂漂猪,,mxdzlk_monster,https://mxdzlk.com/monster/9400242/,https://static.mapleartale.com/images/mob/9400242.png,assets/monsters/raw/9400242.png,downloaded,200,image/png,1903,c4fc95a3798df99f34cc9582cfc12ae634f167120de0798cfbd0488b9433846e,,2026-06-03T21:22:59+08:00,https://mxdzlk.com/monster/?page_num=43
9400243,monster,石头人,,mxdzlk_monster,https://mxdzlk.com/monster/9400243/,https://static.mapleartale.com/images/mob/9400243.png,assets/monsters/raw/9400243.png,downloaded,200,image/png,8881,11a5dd41b5d8647dd0fb1f0941f7511d5d2ae54ec29f94148df090a77f28d4d5,,2026-06-03T21:23:02+08:00,https://mxdzlk.com/monster/?page_num=43
9400244,monster,混种石头人,,mxdzlk_monster,https://mxdzlk.com/monster/9400244/,https://static.mapleartale.com/images/mob/9400244.png,assets/monsters/raw/9400244.png,downloaded,200,image/png,8763,5e0f6c36ec8abb59fc8db76a3bcf7f29c226ecf643c0653f17a54bd68fbc301e,,2026-06-03T21:23:07+08:00,https://mxdzlk.com/monster/?page_num=43
9400245,monster,僵尸蘑菇,,mxdzlk_monster,https://mxdzlk.com/monster/9400245/,https://static.mapleartale.com/images/mob/9400245.png,assets/monsters/raw/9400245.png,downloaded,200,image/png,2169,bd524afac94739707c2d03209d3c2dfd6755d739a467317ccf723a599557c25b,,2026-06-03T21:23:09+08:00,https://mxdzlk.com/monster/?page_num=43
9400246,monster,刺蘑菇,,mxdzlk_monster,https://mxdzlk.com/monster/9400246/,https://static.mapleartale.com/images/mob/9400246.png,assets/monsters/raw/9400246.png,downloaded,200,image/png,1686,2c090786f386c7be5f0747bee99bd76fbc3451e66a92f94a3da1cd836b080d93,,2026-06-03T21:23:11+08:00,https://mxdzlk.com/monster/?page_num=43
9400247,monster,打鼓兔子,,mxdzlk_monster,https://mxdzlk.com/monster/9400247/,https://static.mapleartale.com/images/mob/9400247.png,assets/monsters/raw/9400247.png,downloaded,200,image/png,987,6a746bcaaf0d0d5578ddd2bae8d623632fc7442b9105279e6398e7ee39ae19d4,,2026-06-03T21:23:13+08:00,https://mxdzlk.com/monster/?page_num=44
9400248,monster,沙漠土拨鼠,,mxdzlk_monster,https://mxdzlk.com/monster/9400248/,https://static.mapleartale.com/images/mob/9400248.png,assets/monsters/raw/9400248.png,downloaded,200,image/png,1343,a35a0e270c21ccad42ba2b15e0ef254846e555ccac8d5adaf4044dc6259aee4e,,2026-06-03T21:23:14+08:00,https://mxdzlk.com/monster/?page_num=44
9400249,monster,洛伊德,,mxdzlk_monster,https://mxdzlk.com/monster/9400249/,https://static.mapleartale.com/images/mob/9400249.png,assets/monsters/raw/9400249.png,downloaded,200,image/png,1053,73bcfa39fd325ace43ad99761241f430926793afb5ef58fe9ac8dbf4f403b4a7,,2026-06-03T21:23:15+08:00,https://mxdzlk.com/monster/?page_num=44
9400505,monster,火鸡,,mxdzlk_monster,https://mxdzlk.com/monster/9400505/,https://static.mapleartale.com/images/mob/9400505.png,,missing,404,,,,HTTPError: HTTP Error 404: Not Found,2026-06-03T21:23:17+08:00,https://mxdzlk.com/monster/?page_num=44
9400538,monster,街头黄水灵,,mxdzlk_monster,https://mxdzlk.com/monster/9400538/,https://static.mapleartale.com/images/mob/9400538.png,assets/monsters/raw/9400538.png,downloaded,200,image/png,1826,ef7348461ba26229b9367f882c08368e441ec4341ba604414a90c2b75aa91661,,2026-06-03T21:23:18+08:00,https://mxdzlk.com/monster/?page_num=44
9400539,monster,城市紫菇菇,,mxdzlk_monster,https://mxdzlk.com/monster/9400539/,https://static.mapleartale.com/images/mob/9400539.png,assets/monsters/raw/9400539.png,downloaded,200,image/png,2756,6f5d35766fb08f64f2aa66c596ee92a61e571d7c47b62387ba205d6557049368,,2026-06-03T21:23:20+08:00,https://mxdzlk.com/monster/?page_num=44
9400540,monster,杀人虎发型蜂,,mxdzlk_monster,https://mxdzlk.com/monster/9400540/,https://static.mapleartale.com/images/mob/9400540.png,assets/monsters/raw/9400540.png,downloaded,200,image/png,2007,c41db71a043dd93bdd992c6eb5218da7ba1a91492680e09ba14c5138bffe4373,,2026-06-03T21:23:22+08:00,https://mxdzlk.com/monster/?page_num=44
9400542,monster,紫色火焰象,,mxdzlk_monster,https://mxdzlk.com/monster/9400542/,https://static.mapleartale.com/images/mob/9400542.png,assets/monsters/raw/9400542.png,downloaded,200,image/png,7702,07790e9a984e8776d1f1e40931fe7a53d0ff9bf9dae927451997f2316dde9753,,2026-06-03T21:23:25+08:00,https://mxdzlk.com/monster/?page_num=44
9400543,monster,蓝色电击象,,mxdzlk_monster,https://mxdzlk.com/monster/9400543/,https://static.mapleartale.com/images/mob/9400543.png,assets/monsters/raw/9400543.png,downloaded,200,image/png,8552,8c5980b4115acf966ae73764a44e19a21a98552035af5a513caf23b5cfbd09b9,,2026-06-03T21:23:30+08:00,https://mxdzlk.com/monster/?page_num=44
9400544,monster,狮鹫兽,,mxdzlk_monster,https://mxdzlk.com/monster/9400544/,https://static.mapleartale.com/images/mob/9400544.png,assets/monsters/raw/9400544.png,downloaded,200,image/png,5065,1dcdf49c2d2eac5dbdc7dcbf0eb22dc1f1f0ae4a8a1b7e6751ee25a41a06175d,,2026-06-03T21:23:33+08:00,https://mxdzlk.com/monster/?page_num=44
9400545,monster,机械蜘蛛,,mxdzlk_monster,https://mxdzlk.com/monster/9400545/,https://static.mapleartale.com/images/mob/9400545.png,assets/monsters/raw/9400545.png,downloaded,200,image/png,1698,743bf495452fb9bd71990050ee4411917c235c21f34a0c236912d272763db3aa,,2026-06-03T21:23:34+08:00,https://mxdzlk.com/monster/?page_num=45
9400546,monster,电子机器人,,mxdzlk_monster,https://mxdzlk.com/monster/9400546/,https://static.mapleartale.com/images/mob/9400546.png,assets/monsters/raw/9400546.png,downloaded,200,image/png,2842,30a1ae9df9eed0cd2114b96b775d2dc7128139932cf728fd841b8144103c13be,,2026-06-03T21:23:35+08:00,https://mxdzlk.com/monster/?page_num=45
9400547,monster,黄色炸弹球,,mxdzlk_monster,https://mxdzlk.com/monster/9400547/,https://static.mapleartale.com/images/mob/9400547.png,assets/monsters/raw/9400547.png,downloaded,200,image/png,1532,628b5e98aae8b74de21bd852585f4b98b340980e5a52bcc84bbb7a6eab69b8b8,,2026-06-03T21:23:36+08:00,https://mxdzlk.com/monster/?page_num=45
9400548,monster,巨灵食人花,,mxdzlk_monster,https://mxdzlk.com/monster/9400548/,https://static.mapleartale.com/images/mob/9400548.png,assets/monsters/raw/9400548.png,downloaded,200,image/png,2675,c82b895656b7ab742ab7278f9047038b11d0d7ba750ba7e1d62eccda137e444d,,2026-06-03T21:23:37+08:00,https://mxdzlk.com/monster/?page_num=45
9400557,monster,恶小丑杰克的盒子,,mxdzlk_monster,https://mxdzlk.com/monster/9400557/,https://static.mapleartale.com/images/mob/9400557.png,assets/monsters/raw/9400557.png,downloaded,200,image/png,1076,d34f267ed8d328ae37ac9df24d498321700508932ea1d7b81faee4aa8499771e,,2026-06-03T21:23:39+08:00,https://mxdzlk.com/monster/?page_num=45
9400558,monster,恶小丑杰克,,mxdzlk_monster,https://mxdzlk.com/monster/9400558/,https://static.mapleartale.com/images/mob/9400558.png,assets/monsters/raw/9400558.png,downloaded,200,image/png,4851,7a46bfe2be439ba817d18006e5079749cec606728b9b9bad684a82c74fa7acfa,,2026-06-03T21:23:40+08:00,https://mxdzlk.com/monster/?page_num=45
9400559,monster,苏菲莉亚的娃娃,,mxdzlk_monster,https://mxdzlk.com/monster/9400559/,https://static.mapleartale.com/images/mob/9400559.png,assets/monsters/raw/9400559.png,downloaded,200,image/png,3720,88787e5d4f8939d5a5f0146e4946df895063b919f7e092c7b79509941116d20b,,2026-06-03T21:23:41+08:00,https://mxdzlk.com/monster/?page_num=45
9400560,monster,傀儡娃娃,,mxdzlk_monster,https://mxdzlk.com/monster/9400560/,https://static.mapleartale.com/images/mob/9400560.png,assets/monsters/raw/9400560.png,downloaded,200,image/png,5117,fbd38886d874b850fe4e520ac9a864d8853800582c8576830c3ef73ee0bad80a,,2026-06-03T21:23:42+08:00,https://mxdzlk.com/monster/?page_num=45
9400561,monster,巫毒娃娃,,mxdzlk_monster,https://mxdzlk.com/monster/9400561/,https://static.mapleartale.com/images/mob/9400561.png,assets/monsters/raw/9400561.png,downloaded,200,image/png,4910,dca708645dedbdf1c0688c7b97400a943bddaa6ccfaa4be22d353adbdbb85a82,,2026-06-03T21:23:43+08:00,https://mxdzlk.com/monster/?page_num=45
9400562,monster,邪术娃娃,,mxdzlk_monster,https://mxdzlk.com/monster/9400562/,https://static.mapleartale.com/images/mob/9400562.png,assets/monsters/raw/9400562.png,downloaded,200,image/png,5182,f362e0393fb3dd7e6fc3d66a7f0a6c5e744f578d4e812e4487471cc3f0527912,,2026-06-03T21:23:44+08:00,https://mxdzlk.com/monster/?page_num=45
9400563,monster,地狱木马,,mxdzlk_monster,https://mxdzlk.com/monster/9400563/,https://static.mapleartale.com/images/mob/9400563.png,assets/monsters/raw/9400563.png,downloaded,200,image/png,8045,12bfab6ef933e6df6efd12c7e6a9fe337bd3773b81eea82a1358af256223013e,,2026-06-03T21:23:46+08:00,https://mxdzlk.com/monster/?page_num=46
9400564,monster,镜子鬼,,mxdzlk_monster,https://mxdzlk.com/monster/9400564/,https://static.mapleartale.com/images/mob/9400564.png,assets/monsters/raw/9400564.png,downloaded,200,image/png,130,a2dfa6dfc89a2fe1a95ea7a95dc200cc012258eb18fb0a1287beefa7d18a9a87,,2026-06-03T21:23:47+08:00,https://mxdzlk.com/monster/?page_num=46
9400614,monster,奇怪的花蘑菇,,mxdzlk_monster,https://mxdzlk.com/monster/9400614/,https://static.mapleartale.com/images/mob/9400614.png,assets/monsters/raw/9400614.png,downloaded,200,image/png,2074,481fb8795d5186e1a32d6378e66d2bbb4534d589f5ed877e31c8a62d786ea977,,2026-06-03T21:23:49+08:00,https://mxdzlk.com/monster/?page_num=46
9400615,monster,奇怪的漂漂猪,,mxdzlk_monster,https://mxdzlk.com/monster/9400615/,https://static.mapleartale.com/images/mob/9400615.png,assets/monsters/raw/9400615.png,downloaded,200,image/png,1903,c4fc95a3798df99f34cc9582cfc12ae634f167120de0798cfbd0488b9433846e,,2026-06-03T21:23:51+08:00,https://mxdzlk.com/monster/?page_num=46
9400616,monster,奇怪的绿蘑菇,,mxdzlk_monster,https://mxdzlk.com/monster/9400616/,https://static.mapleartale.com/images/mob/9400616.png,assets/monsters/raw/9400616.png,downloaded,200,image/png,1480,339304930b8f0f36b84c7fb441352696c0a3befe6ae406ef2e938bce0caad3ce,,2026-06-03T21:23:52+08:00,https://mxdzlk.com/monster/?page_num=46
9400617,monster,奇怪的猪猪,,mxdzlk_monster,https://mxdzlk.com/monster/9400617/,https://static.mapleartale.com/images/mob/9400617.png,assets/monsters/raw/9400617.png,downloaded,200,image/png,1521,733bb97eb767d6abe4f6cf790aa33834870e2c965599c36222d4a869a316dcb9,,2026-06-03T21:23:54+08:00,https://mxdzlk.com/monster/?page_num=46
9400618,monster,奇怪的黑斧木妖,,mxdzlk_monster,https://mxdzlk.com/monster/9400618/,https://static.mapleartale.com/images/mob/9400618.png,assets/monsters/raw/9400618.png,downloaded,200,image/png,1829,4362200597ad03bcd1a35801b3ae2f32a362fcbb4b2c68e356affb127c828aed,,2026-06-03T21:23:56+08:00,https://mxdzlk.com/monster/?page_num=46
9400619,monster,奇怪的僵尸蘑菇,,mxdzlk_monster,https://mxdzlk.com/monster/9400619/,https://static.mapleartale.com/images/mob/9400619.png,assets/monsters/raw/9400619.png,downloaded,200,image/png,2169,bd524afac94739707c2d03209d3c2dfd6755d739a467317ccf723a599557c25b,,2026-06-03T21:23:58+08:00,https://mxdzlk.com/monster/?page_num=46
9400620,monster,奇怪的黑木妖,,mxdzlk_monster,https://mxdzlk.com/monster/9400620/,https://static.mapleartale.com/images/mob/9400620.png,assets/monsters/raw/9400620.png,downloaded,200,image/png,1498,6a2dd18f71d2625b866b09d1ed42607a558a1e222e8b30ba7757d43cfa861a2e,,2026-06-03T21:24:01+08:00,https://mxdzlk.com/monster/?page_num=46
9400621,monster,奇怪的刺蘑菇,,mxdzlk_monster,https://mxdzlk.com/monster/9400621/,https://static.mapleartale.com/images/mob/9400621.png,assets/monsters/raw/9400621.png,downloaded,200,image/png,1686,2c090786f386c7be5f0747bee99bd76fbc3451e66a92f94a3da1cd836b080d93,,2026-06-03T21:24:02+08:00,https://mxdzlk.com/monster/?page_num=46
9400622,monster,奇怪的蓝蘑菇,,mxdzlk_monster,https://mxdzlk.com/monster/9400622/,https://static.mapleartale.com/images/mob/9400622.png,assets/monsters/raw/9400622.png,downloaded,200,image/png,2040,f14fc5dae2ba5f44e2e871ec57b4d167d372ed5c799d878b43f651336ce5ea63,,2026-06-03T21:24:04+08:00,https://mxdzlk.com/monster/?page_num=47
9400655,monster,奇怪的花蘑菇,,mxdzlk_monster,https://mxdzlk.com/monster/9400655/,https://static.mapleartale.com/images/mob/9400655.png,assets/monsters/raw/9400655.png,downloaded,200,image/png,2074,481fb8795d5186e1a32d6378e66d2bbb4534d589f5ed877e31c8a62d786ea977,,2026-06-03T21:24:06+08:00,https://mxdzlk.com/monster/?page_num=47
9400656,monster,奇怪的漂漂猪,,mxdzlk_monster,https://mxdzlk.com/monster/9400656/,https://static.mapleartale.com/images/mob/9400656.png,assets/monsters/raw/9400656.png,downloaded,200,image/png,1903,c4fc95a3798df99f34cc9582cfc12ae634f167120de0798cfbd0488b9433846e,,2026-06-03T21:24:09+08:00,https://mxdzlk.com/monster/?page_num=47
9400657,monster,奇怪的绿蘑菇,,mxdzlk_monster,https://mxdzlk.com/monster/9400657/,https://static.mapleartale.com/images/mob/9400657.png,assets/monsters/raw/9400657.png,downloaded,200,image/png,1480,339304930b8f0f36b84c7fb441352696c0a3befe6ae406ef2e938bce0caad3ce,,2026-06-03T21:24:10+08:00,https://mxdzlk.com/monster/?page_num=47
9410051,monster,黑鲨鱼,,mxdzlk_monster,https://mxdzlk.com/monster/9410051/,https://static.mapleartale.com/images/mob/9410051.png,assets/monsters/raw/9410051.png,downloaded,200,image/png,5672,0ea01f9b6a9771f57f0482be201a486dfcb731bf4b871975781c1838a9cf7ea1,,2026-06-03T21:24:13+08:00,https://mxdzlk.com/monster/?page_num=47
9420000,monster,癞蛤蟆,,mxdzlk_monster,https://mxdzlk.com/monster/9420000/,https://static.mapleartale.com/images/mob/9420000.png,assets/monsters/raw/9420000.png,downloaded,200,image/png,2240,65173b12c83407f72c1e1ff76b1aeb718e49f01a05b58a21a0ed7d58a641a82e,,2026-06-03T21:24:15+08:00,https://mxdzlk.com/monster/?page_num=47
9420001,monster,青蛙,,mxdzlk_monster,https://mxdzlk.com/monster/9420001/,https://static.mapleartale.com/images/mob/9420001.png,assets/monsters/raw/9420001.png,downloaded,200,image/png,1110,26c82363c419a3ddb077a0317d7c007f211cc4a49a8221f1b4f2712728469d05,,2026-06-03T21:24:17+08:00,https://mxdzlk.com/monster/?page_num=47
9420002,monster,蟒蛇,,mxdzlk_monster,https://mxdzlk.com/monster/9420002/,https://static.mapleartale.com/images/mob/9420002.png,assets/monsters/raw/9420002.png,downloaded,200,image/png,3429,8545451052a4c41c294a46c74aa1f446852dda67d04d269ddac81be61ec6be51,,2026-06-03T21:24:19+08:00,https://mxdzlk.com/monster/?page_num=47
9420003,monster,红蜥蜴,,mxdzlk_monster,https://mxdzlk.com/monster/9420003/,https://static.mapleartale.com/images/mob/9420003.png,assets/monsters/raw/9420003.png,downloaded,200,image/png,3018,e2f06d92974e79b350a47314359db6fe6554c3b9772e83913db0fe672a3a670d,,2026-06-03T21:24:20+08:00,https://mxdzlk.com/monster/?page_num=47
9420004,monster,黄蜥蜴,,mxdzlk_monster,https://mxdzlk.com/monster/9420004/,https://static.mapleartale.com/images/mob/9420004.png,assets/monsters/raw/9420004.png,downloaded,200,image/png,3056,44724a3db8605881012432c4d68b67b4068c698633511ba5fef6844148684915,,2026-06-03T21:24:38+08:00,https://mxdzlk.com/monster/?page_num=47
9420005,monster,白公鸡,,mxdzlk_monster,https://mxdzlk.com/monster/9420005/,https://static.mapleartale.com/images/mob/9420005.png,assets/monsters/raw/9420005.png,downloaded,200,image/png,1887,1ad3ece780904da82ba416cfa9c0a9eeefdd5bae7df44b8359dddac015d0410b,,2026-06-03T21:25:25+08:00,https://mxdzlk.com/monster/?page_num=48
9420500,monster,暂停迪波,,mxdzlk_monster,https://mxdzlk.com/monster/9420500/,https://static.mapleartale.com/images/mob/9420500.png,assets/monsters/raw/9420500.png,downloaded,200,image/png,3036,5e0aacac7f05e71bf10aafcea66a75ccb797c47044735ed4c651b10d7b691577,,2026-06-03T21:25:56+08:00,https://mxdzlk.com/monster/?page_num=48
9420501,monster,会制冷的迪波,,mxdzlk_monster,https://mxdzlk.com/monster/9420501/,https://static.mapleartale.com/images/mob/9420501.png,assets/monsters/raw/9420501.png,downloaded,200,image/png,3427,43744dfe58c099887f87d7a66f8949df436cc56d975ee33762f74e76a2fd10bc,,2026-06-03T21:25:59+08:00,https://mxdzlk.com/monster/?page_num=48
9420502,monster,垃圾桶迪波,,mxdzlk_monster,https://mxdzlk.com/monster/9420502/,https://static.mapleartale.com/images/mob/9420502.png,assets/monsters/raw/9420502.png,downloaded,200,image/png,2440,7a333263928f0e4babaa5a31005adbc2c3935b91ac941212f1f1ede5bddb74d1,,2026-06-03T21:26:02+08:00,https://mxdzlk.com/monster/?page_num=48
9420503,monster,无速迪波,,mxdzlk_monster,https://mxdzlk.com/monster/9420503/,https://static.mapleartale.com/images/mob/9420503.png,assets/monsters/raw/9420503.png,downloaded,200,image/png,3309,8e7b9264f6b062eabbadf8ccbb2a3cdc87061e424c005f6c06dad69a821f2117,,2026-06-03T21:26:16+08:00,https://mxdzlk.com/monster/?page_num=48
9420504,monster,红色迪波,,mxdzlk_monster,https://mxdzlk.com/monster/9420504/,https://static.mapleartale.com/images/mob/9420504.png,assets/monsters/raw/9420504.png,downloaded,200,image/png,3989,949550666bee1df7486a4bb7d971f943ebf8982933203818baf9c579f89c173c,,2026-06-03T21:26:21+08:00,https://mxdzlk.com/monster/?page_num=48
9420505,monster,蓝色迪波,,mxdzlk_monster,https://mxdzlk.com/monster/9420505/,https://static.mapleartale.com/images/mob/9420505.png,assets/monsters/raw/9420505.png,downloaded,200,image/png,4079,eb9afedf3287fef7dc535643a9855b43fed38fb4f0510583490603803017470b,,2026-06-03T21:26:24+08:00,https://mxdzlk.com/monster/?page_num=48
9420506,monster,天使迪波,,mxdzlk_monster,https://mxdzlk.com/monster/9420506/,https://static.mapleartale.com/images/mob/9420506.png,assets/monsters/raw/9420506.png,downloaded,200,image/png,3201,a6481770feeea91129bcfc70b01c70dc00802caf81fe8ae28cf8516fca5b8b96,,2026-06-03T21:26:25+08:00,https://mxdzlk.com/monster/?page_num=48
9420507,monster,卡车怪,,mxdzlk_monster,https://mxdzlk.com/monster/9420507/,https://static.mapleartale.com/images/mob/9420507.png,assets/monsters/raw/9420507.png,downloaded,200,image/png,5139,09bd3cc62e8cfdb025fcce06b078a1c40c1525126992e7b147fe5bdfbe99bde4,,2026-06-03T21:26:27+08:00,https://mxdzlk.com/monster/?page_num=48
9420508,monster,章鱼迪波,,mxdzlk_monster,https://mxdzlk.com/monster/9420508/,https://static.mapleartale.com/images/mob/9420508.png,assets/monsters/raw/9420508.png,downloaded,200,image/png,2354,e1a799f91f1d6ef451850479c61c65f9d759d3ce57368a4ce97fadfe113f87ac,,2026-06-03T21:26:28+08:00,https://mxdzlk.com/monster/?page_num=48
9420509,monster,水手紫灵,,mxdzlk_monster,https://mxdzlk.com/monster/9420509/,https://static.mapleartale.com/images/mob/9420509.png,assets/monsters/raw/9420509.png,downloaded,200,image/png,4108,0999f60496503c1f7089880d9ad2e4f595833f7d0d3a1b3063686fff87946785,,2026-06-03T21:26:30+08:00,https://mxdzlk.com/monster/?page_num=49
9420510,monster,水手绿灵,,mxdzlk_monster,https://mxdzlk.com/monster/9420510/,https://static.mapleartale.com/images/mob/9420510.png,assets/monsters/raw/9420510.png,downloaded,200,image/png,3749,33a5820b6cbb5db5cdc7ad931882275485868ea86cf2f59363e5b662eb29df9d,,2026-06-03T21:26:31+08:00,https://mxdzlk.com/monster/?page_num=49
9420511,monster,水手塞尔奇,,mxdzlk_monster,https://mxdzlk.com/monster/9420511/,https://static.mapleartale.com/images/mob/9420511.png,assets/monsters/raw/9420511.png,downloaded,200,image/png,3608,719759e9658258424184b002670cb7ffb22686e588cff17c067d67c85fbb472c,,2026-06-03T21:26:32+08:00,https://mxdzlk.com/monster/?page_num=49
9420512,monster,水手安科尔,,mxdzlk_monster,https://mxdzlk.com/monster/9420512/,https://static.mapleartale.com/images/mob/9420512.png,assets/monsters/raw/9420512.png,downloaded,200,image/png,7941,501abbb1ab98edb5d43899413469b018d3a51d65ce5ccbdb6fad0c51e5c2a96e,,2026-06-03T21:26:33+08:00,https://mxdzlk.com/monster/?page_num=49
9420513,monster,幽灵船长,,mxdzlk_monster,https://mxdzlk.com/monster/9420513/,https://static.mapleartale.com/images/mob/9420513.png,assets/monsters/raw/9420513.png,downloaded,200,image/png,9474,043a59140698fd424866ab32ce06c2208a803d4899b5d125cc049eb64adefe37,,2026-06-03T21:26:36+08:00,https://mxdzlk.com/monster/?page_num=49
9420514,monster,树妖迪波,,mxdzlk_monster,https://mxdzlk.com/monster/9420514/,https://static.mapleartale.com/images/mob/9420514.png,assets/monsters/raw/9420514.png,downloaded,200,image/png,4518,17e6372140e1aff719dc28caa8bbdc8b59844a0b0d74ec7136d1440596b664c9,,2026-06-03T21:26:37+08:00,https://mxdzlk.com/monster/?page_num=49
9420515,monster,怪虫迪波,,mxdzlk_monster,https://mxdzlk.com/monster/9420515/,https://static.mapleartale.com/images/mob/9420515.png,assets/monsters/raw/9420515.png,downloaded,200,image/png,2992,8d2a96afeee3d438cf3d83f9aef3d92fd9cabeaf5644e072582241d1596076f6,,2026-06-03T21:26:39+08:00,https://mxdzlk.com/monster/?page_num=49
9420516,monster,蚯蚓,,mxdzlk_monster,https://mxdzlk.com/monster/9420516/,https://static.mapleartale.com/images/mob/9420516.png,assets/monsters/raw/9420516.png,downloaded,200,image/png,455,bdd3bffccf677fc78a785677c79a430a7333ccdc2b8bbe5322298098fcc4fe83,,2026-06-03T21:26:41+08:00,https://mxdzlk.com/monster/?page_num=49
9420517,monster,石化斗士,,mxdzlk_monster,https://mxdzlk.com/monster/9420517/,https://static.mapleartale.com/images/mob/9420517.png,assets/monsters/raw/9420517.png,downloaded,200,image/png,9069,c6e61a8ee84ef7cb98a638a953aee011ad9dffd014af4738614060aa81f034a4,,2026-06-03T21:26:42+08:00,https://mxdzlk.com/monster/?page_num=49
9420518,monster,树林卡车怪,,mxdzlk_monster,https://mxdzlk.com/monster/9420518/,https://static.mapleartale.com/images/mob/9420518.png,assets/monsters/raw/9420518.png,downloaded,200,image/png,7653,fcffbecdd973d792acc83da5183ef940f038235f3b2f54e3e7bddafac631e96a,,2026-06-03T21:26:43+08:00,https://mxdzlk.com/monster/?page_num=49
9420519,monster,大花草,,mxdzlk_monster,https://mxdzlk.com/monster/9420519/,https://static.mapleartale.com/images/mob/9420519.png,assets/monsters/raw/9420519.png,downloaded,200,image/png,9941,98da8e9a3c42bb6b0c5e8cff6ae9095604078c2f4af1e27ef1b89b3049c0b730,,2026-06-03T21:26:45+08:00,https://mxdzlk.com/monster/?page_num=50
9420522,monster,克雷塞尔,,mxdzlk_monster,https://mxdzlk.com/monster/9420522/,https://static.mapleartale.com/images/mob/9420522.png,assets/monsters/raw/9420522.png,downloaded,200,image/png,21371,9b9d5ab15f728f72413026b450ca718928687fdd863265e012d991a6b36d4cfe,,2026-06-03T21:26:47+08:00,https://mxdzlk.com/monster/?page_num=50
9420525,monster,火攻击煤气罐,,mxdzlk_monster,https://mxdzlk.com/monster/9420525/,https://static.mapleartale.com/images/mob/9420525.png,assets/monsters/raw/9420525.png,downloaded,200,image/png,1749,4bb95585b56d3f2694fcff4359e34522d1ae1df03af5ee605319af9b8a85d57e,,2026-06-03T21:26:48+08:00,https://mxdzlk.com/monster/?page_num=50
9420526,monster,折断的电线,,mxdzlk_monster,https://mxdzlk.com/monster/9420526/,https://static.mapleartale.com/images/mob/9420526.png,assets/monsters/raw/9420526.png,downloaded,200,image/png,5210,38b1b41cf0db3e1d8f4c56b6309d60cf7427a30184508c5ee478e728bf76e85e,,2026-06-03T21:26:49+08:00,https://mxdzlk.com/monster/?page_num=50
9420527,monster,椰树怪,,mxdzlk_monster,https://mxdzlk.com/monster/9420527/,https://static.mapleartale.com/images/mob/9420527.png,assets/monsters/raw/9420527.png,downloaded,200,image/png,1811,9371ecdf8e933d20be53fe85618688e9a9ad8afb8a68a6e6e3975fbec167bc90,,2026-06-03T21:26:50+08:00,https://mxdzlk.com/monster/?page_num=50
9420528,monster,忧郁水灵,,mxdzlk_monster,https://mxdzlk.com/monster/9420528/,https://static.mapleartale.com/images/mob/9420528.png,assets/monsters/raw/9420528.png,downloaded,200,image/png,2323,ff5b2cb9470e3668a110f2c691ec08d4bf2d72033128888bd7d34c2141f618cd,,2026-06-03T21:26:51+08:00,https://mxdzlk.com/monster/?page_num=50
9420529,monster,金色假发怪,,mxdzlk_monster,https://mxdzlk.com/monster/9420529/,https://static.mapleartale.com/images/mob/9420529.png,assets/monsters/raw/9420529.png,downloaded,200,image/png,2974,0ae5bbb777709dd9b9723a9cd9feb991f6a65b15c1474737e19d922b54498ac6,,2026-06-03T21:26:52+08:00,https://mxdzlk.com/monster/?page_num=50
9420530,monster,偷轮胎犯,,mxdzlk_monster,https://mxdzlk.com/monster/9420530/,https://static.mapleartale.com/images/mob/9420530.png,assets/monsters/raw/9420530.png,downloaded,200,image/png,5124,0ede487620bb86303f95e319f331e87c2d03c0a2baf257b26d59c30b6480a136,,2026-06-03T21:26:54+08:00,https://mxdzlk.com/monster/?page_num=50
9420531,monster,心疤狮,,mxdzlk_monster,https://mxdzlk.com/monster/9420531/,https://static.mapleartale.com/images/mob/9420531.png,assets/monsters/raw/9420531.png,downloaded,200,image/png,3134,ee269b228bd5812fd1fdbb12afb59a1b94db4d21cf823b2356befb14337e4f35,,2026-06-03T21:26:55+08:00,https://mxdzlk.com/monster/?page_num=50
9420532,monster,高帽暴力熊,,mxdzlk_monster,https://mxdzlk.com/monster/9420532/,https://static.mapleartale.com/images/mob/9420532.png,assets/monsters/raw/9420532.png,downloaded,200,image/png,3102,b052a4da80e9732567a0b6c980aadcd678ef391ad109dd2e51920ebccf4aacc7,,2026-06-03T21:26:56+08:00,https://mxdzlk.com/monster/?page_num=50
9420533,monster,影子猎犬,,mxdzlk_monster,https://mxdzlk.com/monster/9420533/,https://static.mapleartale.com/images/mob/9420533.png,assets/monsters/raw/9420533.png,downloaded,200,image/png,4813,97d09a61e4c81d7f7bbaf7d247629f9d8eb19cefd7395a772619fb7719fd7241,,2026-06-03T21:27:01+08:00,https://mxdzlk.com/monster/?page_num=51
9420534,monster,蛇笛师,,mxdzlk_monster,https://mxdzlk.com/monster/9420534/,https://static.mapleartale.com/images/mob/9420534.png,assets/monsters/raw/9420534.png,downloaded,200,image/png,5051,838b77755c75547db687506dec6270e46dafcd9dd67f239d1d6d743980ac0f44,,2026-06-03T21:27:02+08:00,https://mxdzlk.com/monster/?page_num=51
9420535,monster,小丑心疤狮,,mxdzlk_monster,https://mxdzlk.com/monster/9420535/,https://static.mapleartale.com/images/mob/9420535.png,assets/monsters/raw/9420535.png,downloaded,200,image/png,9501,a4f2930995b706f3a8eec2e6c2e5aa344fdfec22ad4361a14db23e3f0b8d4947,,2026-06-03T21:28:06+08:00,https://mxdzlk.com/monster/?page_num=51
9420536,monster,可乐暴力熊,,mxdzlk_monster,https://mxdzlk.com/monster/9420536/,https://static.mapleartale.com/images/mob/9420536.png,assets/monsters/raw/9420536.png,downloaded,200,image/png,5666,0a59e706a8923e1f89330da54b49e9ab2b4d2d93225988ed19cce13103e0078b,,2026-06-03T21:28:07+08:00,https://mxdzlk.com/monster/?page_num=51
9420537,monster,幸运怪巴士,,mxdzlk_monster,https://mxdzlk.com/monster/9420537/,https://static.mapleartale.com/images/mob/9420537.png,assets/monsters/raw/9420537.png,downloaded,200,image/png,12748,f94f6409b68cdfe44cff8207957fb50383ff825c854421fb0e0696e1573dee37,,2026-06-03T21:28:08+08:00,https://mxdzlk.com/monster/?page_num=51
9420538,monster,玩具飞机心疤狮,,mxdzlk_monster,https://mxdzlk.com/monster/9420538/,https://static.mapleartale.com/images/mob/9420538.png,assets/monsters/raw/9420538.png,downloaded,200,image/png,6747,be53586589600b7dba5f4d6420c83f70ac61f9afd0a6f88042efe35055faf162,,2026-06-03T21:28:09+08:00,https://mxdzlk.com/monster/?page_num=51
9420539,monster,海盗船暴力熊,,mxdzlk_monster,https://mxdzlk.com/monster/9420539/,https://static.mapleartale.com/images/mob/9420539.png,assets/monsters/raw/9420539.png,downloaded,200,image/png,4600,cd998cd85eb5da731cb774e042950b6f2f25241d00d0b3de7d07d8534bb65355,,2026-06-03T21:28:32+08:00,https://mxdzlk.com/monster/?page_num=51
9420540,monster,马戏团暴力熊,,mxdzlk_monster,https://mxdzlk.com/monster/9420540/,https://static.mapleartale.com/images/mob/9420540.png,assets/monsters/raw/9420540.png,downloaded,200,image/png,4569,f0eeb8e77fb3ecc027e5ceed261078dd725c0f256e7a933760017dbcb82a56ec,,2026-06-03T21:28:33+08:00,https://mxdzlk.com/monster/?page_num=51
9420542,monster,暴力熊,,mxdzlk_monster,https://mxdzlk.com/monster/9420542/,https://static.mapleartale.com/images/mob/9420542.png,assets/monsters/raw/9420542.png,downloaded,200,image/png,4675,89a7b1b6e9e3be2e4c70321d1ce852bcef157d47de67cff485f07a79221ee069,,2026-06-03T21:28:35+08:00,https://mxdzlk.com/monster/?page_num=51
9420543,monster,生气的暴力熊,,mxdzlk_monster,https://mxdzlk.com/monster/9420543/,https://static.mapleartale.com/images/mob/9420543.png,assets/monsters/raw/9420543.png,downloaded,200,image/png,4611,94090fa2c637e6cb7be48e95c84da2d70aea03bd9c9871e0802f8849944db603,,2026-06-03T21:28:36+08:00,https://mxdzlk.com/monster/?page_num=51
9420544,monster,愤怒的暴力熊,,mxdzlk_monster,https://mxdzlk.com/monster/9420544/,https://static.mapleartale.com/images/mob/9420544.png,assets/monsters/raw/9420544.png,downloaded,200,image/png,4848,450ac925f867d764a66fa5d0061a87ec3577a7f4228354d01355f45bd3842543,,2026-06-03T21:28:37+08:00,https://mxdzlk.com/monster/?page_num=52
9420547,monster,心疤狮王,,mxdzlk_monster,https://mxdzlk.com/monster/9420547/,https://static.mapleartale.com/images/mob/9420547.png,assets/monsters/raw/9420547.png,downloaded,200,image/png,6020,d33e8fa753cce173bd46d983a2a800858d8f953fde1ab71d9360fef82f7f18a3,,2026-06-03T21:28:40+08:00,https://mxdzlk.com/monster/?page_num=52
9420548,monster,生气的心疤狮王,,mxdzlk_monster,https://mxdzlk.com/monster/9420548/,https://static.mapleartale.com/images/mob/9420548.png,assets/monsters/raw/9420548.png,downloaded,200,image/png,5952,15bef311d9526b0c402dfd1d992cd837f1bbcdbb57aba06fc98cad41b6adc996,,2026-06-03T21:28:41+08:00,https://mxdzlk.com/monster/?page_num=52
9420549,monster,愤怒的心疤狮王,,mxdzlk_monster,https://mxdzlk.com/monster/9420549/,https://static.mapleartale.com/images/mob/9420549.png,assets/monsters/raw/9420549.png,downloaded,200,image/png,5952,15bef311d9526b0c402dfd1d992cd837f1bbcdbb57aba06fc98cad41b6adc996,,2026-06-03T21:28:43+08:00,https://mxdzlk.com/monster/?page_num=52
9500169,monster,蝙蝠怪,,mxdzlk_monster,https://mxdzlk.com/monster/9500169/,https://static.mapleartale.com/images/mob/9500169.png,assets/monsters/raw/9500169.png,downloaded,200,image/png,6956,f55fc2ed3f3edb690f02428196eae92ca3ddf64258dcbc4b196779511b9c9912,,2026-06-03T21:28:44+08:00,https://mxdzlk.com/monster/?page_num=52
9500200,monster,动物园的蝙蝠怪,,mxdzlk_monster,https://mxdzlk.com/monster/9500200/,https://static.mapleartale.com/images/mob/9500200.png,assets/monsters/raw/9500200.png,downloaded,200,image/png,6956,f55fc2ed3f3edb690f02428196eae92ca3ddf64258dcbc4b196779511b9c9912,,2026-06-03T21:28:48+08:00,https://mxdzlk.com/monster/?page_num=52
9500201,monster,动物园的白雪人,,mxdzlk_monster,https://mxdzlk.com/monster/9500201/,https://static.mapleartale.com/images/mob/9500201.png,assets/monsters/raw/9500201.png,downloaded,200,image/png,3625,ab1f1a01f955215bde2729d790ab6e69e5f42ca3b1cc0d06b495912ed44889f8,,2026-06-03T21:28:49+08:00,https://mxdzlk.com/monster/?page_num=52
9500202,monster,动物园的白狼,,mxdzlk_monster,https://mxdzlk.com/monster/9500202/,https://static.mapleartale.com/images/mob/9500202.png,assets/monsters/raw/9500202.png,downloaded,200,image/png,1810,14eeb4da45c8dfec2177762d75589d1770df79c9f901921da05b3a1963cd6744,,2026-06-03T21:28:51+08:00,https://mxdzlk.com/monster/?page_num=52
9500203,monster,动物园的猪猪,,mxdzlk_monster,https://mxdzlk.com/monster/9500203/,https://static.mapleartale.com/images/mob/9500203.png,assets/monsters/raw/9500203.png,downloaded,200,image/png,1521,733bb97eb767d6abe4f6cf790aa33834870e2c965599c36222d4a869a316dcb9,,2026-06-03T21:28:55+08:00,https://mxdzlk.com/monster/?page_num=52
9500204,monster,动物园的漂漂猪,,mxdzlk_monster,https://mxdzlk.com/monster/9500204/,https://static.mapleartale.com/images/mob/9500204.png,assets/monsters/raw/9500204.png,downloaded,200,image/png,1903,c4fc95a3798df99f34cc9582cfc12ae634f167120de0798cfbd0488b9433846e,,2026-06-03T21:28:56+08:00,https://mxdzlk.com/monster/?page_num=52
9500364,monster,迷你副本_透明怪物,,mxdzlk_monster,https://mxdzlk.com/monster/9500364/,https://static.mapleartale.com/images/mob/9500364.png,assets/monsters/raw/9500364.png,downloaded,200,image/png,120,780da47797c9b17f77ff5ea6a78bc339cb131bb132f0eae39178eabbd5ab1fea,,2026-06-03T21:28:57+08:00,https://mxdzlk.com/monster/?page_num=53
9500365,monster,迷你副本_工作人员箱子,,mxdzlk_monster,https://mxdzlk.com/monster/9500365/,https://static.mapleartale.com/images/mob/9500365.png,assets/monsters/raw/9500365.png,downloaded,200,image/png,890,2f01475974a8299f4d9c8edd6b493aaf874e2a179b01ccd15e57341f5984c6b5,,2026-06-03T21:28:59+08:00,https://mxdzlk.com/monster/?page_num=53
9600001,monster,斗鸡,,mxdzlk_monster,https://mxdzlk.com/monster/9600001/,https://static.mapleartale.com/images/mob/9600001.png,assets/monsters/raw/9600001.png,downloaded,200,image/png,2950,c83c8d82cbb3019a988c1131b8646ddeefbeb641869f96545586ff6b864d67de,,2026-06-03T21:29:00+08:00,https://mxdzlk.com/monster/?page_num=53
9600002,monster,大头鸭,,mxdzlk_monster,https://mxdzlk.com/monster/9600002/,https://static.mapleartale.com/images/mob/9600002.png,assets/monsters/raw/9600002.png,downloaded,200,image/png,1460,1c3302361639482f4f62da230a0dbf0158e079a30248a125ed8d7534509b1e7e,,2026-06-03T21:29:01+08:00,https://mxdzlk.com/monster/?page_num=53
9600003,monster,绵羊,,mxdzlk_monster,https://mxdzlk.com/monster/9600003/,https://static.mapleartale.com/images/mob/9600003.png,assets/monsters/raw/9600003.png,downloaded,200,image/png,3442,c6e78c176bdada33ed1f02f913e708715d2d36fa95eb738dfd04b6b47eda7c78,,2026-06-03T21:29:03+08:00,https://mxdzlk.com/monster/?page_num=53
9600004,monster,山羊,,mxdzlk_monster,https://mxdzlk.com/monster/9600004/,https://static.mapleartale.com/images/mob/9600004.png,assets/monsters/raw/9600004.png,downloaded,200,image/png,2187,88b42ea72ca25959e301e446e69fc5f8dcc58c13266046d73b30f6b34e2ba879,,2026-06-03T21:29:05+08:00,https://mxdzlk.com/monster/?page_num=53
9600005,monster,黑山羊,,mxdzlk_monster,https://mxdzlk.com/monster/9600005/,https://static.mapleartale.com/images/mob/9600005.png,assets/monsters/raw/9600005.png,downloaded,200,image/png,2264,9e16c4997151bbd0f9492fdb613e40742e21f59431929de8e86db72be3791358,,2026-06-03T21:29:06+08:00,https://mxdzlk.com/monster/?page_num=53
9600006,monster,牛,,mxdzlk_monster,https://mxdzlk.com/monster/9600006/,https://static.mapleartale.com/images/mob/9600006.png,assets/monsters/raw/9600006.png,downloaded,200,image/png,3729,8c1555b317782fdeac98828cfd03a33ac55e05aaf79f0627d7bd95095b4d5033,,2026-06-03T21:29:08+08:00,https://mxdzlk.com/monster/?page_num=53
9600007,monster,犁杖牛,,mxdzlk_monster,https://mxdzlk.com/monster/9600007/,https://static.mapleartale.com/images/mob/9600007.png,assets/monsters/raw/9600007.png,downloaded,200,image/png,4912,4edffd64de8d7179ba84586282eceb5334c23750dfaf3d79a5f9e265a8166135,,2026-06-03T21:29:11+08:00,https://mxdzlk.com/monster/?page_num=53
9600009,monster,大王蜈蚣,,mxdzlk_monster,https://mxdzlk.com/monster/9600009/,https://static.mapleartale.com/images/mob/9600009.png,assets/monsters/raw/9600009.png,downloaded,200,image/png,11475,323277b8dd5e39dfa7da450815fcdd084bfe02989f920cc77ef8f7a0439bcd12,,2026-06-03T21:29:14+08:00,https://mxdzlk.com/monster/?page_num=53
9600012,monster,黑熊,,mxdzlk_monster,https://mxdzlk.com/monster/9600012/,https://static.mapleartale.com/images/mob/9600012.png,assets/monsters/raw/9600012.png,downloaded,200,image/png,3157,a950fc5a24f90c311bd44dc17aa161182c26b1ffcf29b2d3555b6f684e778842,,2026-06-03T21:29:15+08:00,https://mxdzlk.com/monster/?page_num=54
9600013,monster,白老虎,,mxdzlk_monster,https://mxdzlk.com/monster/9600013/,https://static.mapleartale.com/images/mob/9600013.png,assets/monsters/raw/9600013.png,downloaded,200,image/png,3489,14966a96cd2c275eb39c518827cad3080d5c94607718f1e84d02e876f96f1fa7,,2026-06-03T21:29:17+08:00,https://mxdzlk.com/monster/?page_num=54
9600014,monster,巨鹰,,mxdzlk_monster,https://mxdzlk.com/monster/9600014/,https://static.mapleartale.com/images/mob/9600014.png,assets/monsters/raw/9600014.png,downloaded,200,image/png,3057,81f3fb44fa75c54fb95941208d8d332954ab7e1cd2e80601d53ac84e8e79117d,,2026-06-03T21:29:19+08:00,https://mxdzlk.com/monster/?page_num=54
9600015,monster,男飞贼,,mxdzlk_monster,https://mxdzlk.com/monster/9600015/,https://static.mapleartale.com/images/mob/9600015.png,assets/monsters/raw/9600015.png,downloaded,200,image/png,2634,ba81da183aebc04d1c6ef8b559a5683f02a5fffa40f1e33cc0013cd773e32eea,,2026-06-03T21:29:21+08:00,https://mxdzlk.com/monster/?page_num=54
9600016,monster,女飞贼,,mxdzlk_monster,https://mxdzlk.com/monster/9600016/,https://static.mapleartale.com/images/mob/9600016.png,assets/monsters/raw/9600016.png,downloaded,200,image/png,2571,07d903da2a9dce2bc6e8f45efc0aeef8337ab19545b4ed1b741d9f42bbeb6e42,,2026-06-03T21:29:23+08:00,https://mxdzlk.com/monster/?page_num=54
9600017,monster,香炉怪,,mxdzlk_monster,https://mxdzlk.com/monster/9600017/,https://static.mapleartale.com/images/mob/9600017.png,assets/monsters/raw/9600017.png,downloaded,200,image/png,2907,0c80dbabd12a2896b5e0e8561f0670bf56172be3141e466e7eb1b06ccbdac700,,2026-06-03T21:29:24+08:00,https://mxdzlk.com/monster/?page_num=54
9600018,monster,木鱼妖,,mxdzlk_monster,https://mxdzlk.com/monster/9600018/,https://static.mapleartale.com/images/mob/9600018.png,assets/monsters/raw/9600018.png,downloaded,200,image/png,4202,1bb2a110fa8ede8c6fa24e9cceca9c40c0511ece282b2ad0da0e6e73f77a7abf,,2026-06-03T21:29:25+08:00,https://mxdzlk.com/monster/?page_num=54
9600019,monster,小金人,,mxdzlk_monster,https://mxdzlk.com/monster/9600019/,https://static.mapleartale.com/images/mob/9600019.png,assets/monsters/raw/9600019.png,downloaded,200,image/png,2644,89a4821c160183ed180d0fcdf6d02ab88a66b5ee23718fe323db9ef558cfea37,,2026-06-03T21:29:28+08:00,https://mxdzlk.com/monster/?page_num=54
9600020,monster,小铜人,,mxdzlk_monster,https://mxdzlk.com/monster/9600020/,https://static.mapleartale.com/images/mob/9600020.png,assets/monsters/raw/9600020.png,downloaded,200,image/png,2966,4a8664fa90f120f797a53f9cb38d1333e40cf8af296c92da20e2aadc88fd0894,,2026-06-03T21:29:29+08:00,https://mxdzlk.com/monster/?page_num=54
9600021,monster,巨化金人,,mxdzlk_monster,https://mxdzlk.com/monster/9600021/,https://static.mapleartale.com/images/mob/9600021.png,assets/monsters/raw/9600021.png,downloaded,200,image/png,8953,901abc6eef3c2f093d9b62cfa0943dd90c71416f4f4efd92336fcc0fdb1a0cb0,,2026-06-03T21:29:33+08:00,https://mxdzlk.com/monster/?page_num=54
9600022,monster,巨化银人,,mxdzlk_monster,https://mxdzlk.com/monster/9600022/,https://static.mapleartale.com/images/mob/9600022.png,assets/monsters/raw/9600022.png,downloaded,200,image/png,10682,08292690051400f21db53b7835caee1b12cbaaf51d26d47f69b0fdfa98d4fa5a,,2026-06-03T21:29:35+08:00,https://mxdzlk.com/monster/?page_num=55
9600023,monster,铜人,,mxdzlk_monster,https://mxdzlk.com/monster/9600023/,https://static.mapleartale.com/images/mob/9600023.png,assets/monsters/raw/9600023.png,downloaded,200,image/png,7145,f5a0da08cdead90d1ee0413de033c937e38ac17a2991b608a0e9c561d3a77a2b,,2026-06-03T21:29:39+08:00,https://mxdzlk.com/monster/?page_num=55
9600024,monster,银人,,mxdzlk_monster,https://mxdzlk.com/monster/9600024/,https://static.mapleartale.com/images/mob/9600024.png,assets/monsters/raw/9600024.png,downloaded,200,image/png,7948,bc9fd3287756ff17518ea9b9124ed3329de957b8e1058a908705816e7e4bf2d6,,2026-06-03T21:29:40+08:00,https://mxdzlk.com/monster/?page_num=55
9600025,monster,武林妖僧,,mxdzlk_monster,https://mxdzlk.com/monster/9600025/,https://static.mapleartale.com/images/mob/9600025.png,assets/monsters/raw/9600025.png,downloaded,200,image/png,3927,4115d5a4be6df2d37dab7abd58b54d438831006b15f9e8d7a8560658a33c2a2a,,2026-06-03T21:29:42+08:00,https://mxdzlk.com/monster/?page_num=55
9600026,monster,武林妖僧分身,,mxdzlk_monster,https://mxdzlk.com/monster/9600026/,https://static.mapleartale.com/images/mob/9600026.png,assets/monsters/raw/9600026.png,downloaded,200,image/png,5429,8c0dfadaef7802809c880521b76070a5fcc8e52d79fbc2f8d18ce99395f2ef46,,2026-06-03T21:29:43+08:00,https://mxdzlk.com/monster/?page_num=55
